question,answer,contexts,latency_seconds
Can I start accepting payments on my site while my Wix Payments account is still under verification?,"Yes, you can start accepting payments on your site using Wix Payments almost immediately. However, we need to verify your identity before your account can be fully activated.","['e content. In some cases, we may need your cooperation in order to complete the verification process. From the time of the first transaction on your site, you have 30 days to complete your account setup or verification process. If you do not complete these processes within 30 days, your Wix Payments account will be suspended and you will not be able to accept payments through your site.\xa0ActiveYou have connected your Wix Payments account and your site is accepting payments. You are all set to receive weekly payouts to your bank account when applicable. \n\nNote: After your account is active, you may still be required to go through the verification process.\xa0SuspendedYou have not completed account setup or verification process within 30 days as required. You can reactivate your account by compl', ""Wix Payments Verification Process\nImportant:Wix Payments is not yet available to all users.You can start accepting payments on your site using Wix Payments almost immediately. However,\xa0 we need to verify your identity before your account can be fully activated.\xa0To verify your identity:\nFor an individual account: You must complete your Wix Payments account setup within the same country as your bank is located.\xa0 For a business account: The country where your company is registered must match the country where your company's bank is located. This must be the same country in which you complete your Wix Payments account setup. For a sole proprietor (United Kingdom): The country where your company is registered must match the country where your company's bank is located. This must be the same cou"", ""Completing Your Wix Payments Account Setup\nAfter connecting to Wix Payments as your payment provider, you can begin receiving payments through your site immediately. However, in order for Wix Payments to send a payout to your bank account, you must complete the setup process within 30 days from receiving your first payment.Important:If you do not complete account setup within 30 days, your Wix Payments account will be suspended and you will not be able to accept any more payments through your site.If you do not complete account setup within 60 days, previous transactions (if any) will be refunded to your customers. \xa0Completing your Wix Payments account setup\nGo to Accept Payments in your site's dashboard. Click Complete Setup under Wix Payments.\xa0\nSelect an option under Business Type:\nNote:""]",14.167718172073364
"I am inquiring about purchasing the yearly premium plan for $17.00, which includes a free domain for 1 year. However, the voucher does not show up at checkout. Do I need to purchase the plan first and then will the voucher be available to activate?","Based on the context, it appears that if you are purchasing the yearly premium plan, the voucher should be included during the checkout process. However, since the voucher does not show up at checkout, it is likely that the voucher has not been automatically applied or generated for your specific purchase.

According to the context, the voucher is only included when changing your subscription period from monthly to yearly. Since you are purchasing a yearly plan, it's possible that the voucher was not generated in time.

To confirm, I would recommend checking the Premium Vouchers page in your Wix account to see if the voucher has been generated and waiting for activation. If it doesn't appear there, you may need to contact Wix support to investigate further or re-purchase the plan with the intention of allowing time for the voucher to be generated and applied.","['sed a monthly plan:\xa0The free domain voucher is offered as a gift with the purchase of selected site plans with a billing cycle of 1 year or longer. Monthly plans do not offer the free domain voucher.\xa0 You purchased your domain name before you purchased an site plan:\xa0If you purchased your domain name prior to purchasing your plan, it is not possible to apply the voucher retroactively or get a refund for the domain. If you received the voucher and already have a domain name, you can use it to get another domain name for free.\xa0 Additional Features:\xa0The free domain voucher applies to the first year of domain registration for a new domain. It does not include domain privacy or additional years of domain registration. You can still use the domain voucher to cover part of the cost while purchasin', 'About Your Free Domain Voucher\nAs a promotional gift, you receive a 1 year free domain voucher with the initial purchase of selected yearly or multi-year Premium or Studio plans.Where can I view my vouchers?Go to the Premium Vouchers page in your Wix account to see and claim your vouchers.\xa0Note:This voucher is only included with the first-time purchase of a site plan. It is not included when renewing a plan or upgrading an existing plan. The voucher is included when changing your subscription period from monthly to yearly.Claiming the voucherThe\xa01 year free domain voucher\xa0enables you to claim a free domain for one year. The voucher is valid for two months from the date that you purchased your plan.\xa0Tip:You can check the expiration date of your voucher in the Premium Vouchers section of you', ""Using Your Free 1 Year Domain Voucher\nYou receive the 1 year free domain voucher with the initial purchase of selected yearly or multi-year Premium or Studio site plans. This voucher enables you to register a domain for free for one year. You can renew the domain the following year for the regular price.\xa0In this article, learn more about:\nUsing your voucher Frequently asked questions (FAQs)Using your voucherYour voucher must be redeemed within 2 months of purchasing your plan. You can check the expiration date of your voucher in the Premium Vouchers section of your account.You will need to enter your payment information when claiming your voucher, but you won't be charged. This allows us to process your renewal after the first year to make sure your domain stays live.To use your voucher:\nG""]",25.54718565940857
I'm want to know how much it would cost to upgrade my email plan.,I don't know.,"[""Email Marketing: Upgrading Your Email Marketing Plan\nTo get access to more email marketing features upgrade your email marketing plan and choose the package that works for your business.To upgrade your email marketing plan:\nGo to Email Marketing\xa0in your site's dashboard. Under Monthly Balance click Upgrade. Choose a plan that works best for you and checkout.Want to compare plans before upgrading?Compare the different email marketing plans to see which is right for your business. Choose your plan by the number of emails you’re planning to send a month and any additional features you are interested in.\xa0"", 'Pricing Plans Request: Additional Email Notifications for Pricing Plan Customers\nCurrently, customers receive a confirmation email after they purchase their plan. They do not receive additional email notifications such as renewal reminders, notifications about changes etc.We are always working to update and improve our products, and your feedback is hugely appreciated.', ""limit.Upgrading your email marketing balanceTo send more emails per month, upgrade your email marketing plan and choose the package that works for your business.Want to compare plans before upgrading?Compare the different email marketing plans to see which is right for your business.To upgrade your email marketing balance:\nGo to Email Marketing\xa0in your site's dashboard. Under Monthly Balance click\xa0Upgrade to Send More. Select an email marketing plan and checkout.FAQsClick a question below to learn more about your email marketing monthly balance.\xa0When does my balance reset? The date your balance and email quota resets is determined by your plan.\nFree email marketing plans: The quota resets on the first day of each month at 00:01 UTC for all time zones. Premium email marketing plans: The quo""]",8.29659128189087
I want to know if the Wix store function work for selling services instead of just physical goods,"Yes, the Wix Store feature can be used to sell services, not just physical goods. While it's primarily designed for e-commerce and product sales, there isn't any specific information in the context that explicitly states it can't handle service bookings or consultations. However, I don't know if it has a built-in system for managing and scheduling service appointments, tracking payments for services, or integrating with appointment scheduling tools.","[' bookings, services, coaching, consultations and more. Wix Stores reports focus on purchases and transactions made if you have an online store.', 'Wix Stores: An Overview of Store Features\nWix Stores is an eCommerce platform that offers you tons of exciting features to help you create a stunning and professional online store.We are constantly improving the Wix Stores and adding new options. Take a look at some of the things you can do.Sell your productsYou can offer up to 50,000 products in your online store.\xa0Sell physical or digital products, increase revenue with product subscriptions, connect the right payment method for your business, and start taking secure payments online.\nSell digital products Sell product subscriptions Sell gift cards Display different images for each product option Display product videos Connect multiple payment methods Let customers pay in installments Import store products from other platformsSell dropship', 'Wix Stores: Understanding Dropshipping\nSell merchandise without paying for inventory, managing storage solutions, or dealing with order fulfillment, by connecting to a dropshipping service.\xa0Dropshippers offer thousands of products from a variety of suppliers. After connecting to your favorite dropshipping app, you can choose which products you want to add to your store. When a customer purchases one of these products, the supplier fulfills the order directly to the customer.\xa0Connecting to a dropshipping appTo get started, connect your Wix store with one of the dropshipping options Wix offers.Next, select products that work with your business. For example, if you have a gym, you might want to sell gym equipment, gym bags, and active wear. \xa0After setting the product markup to determine how m']",14.514122247695923
How can I add discounts to my service prices when customers pay for a plan?,"To add discounts to your service prices when customers pay for a plan, include the appointment in a package or membership.","[' one. Scroll down to the Price and Payment section. Choose the relevant price option in the Price type drop-down:\n    \nFixed Price: Set a standard price for the service. No Fee: Choose this option for free service. Varied prices: Create different price options depending on either the client type or the staff member.\nNote:\xa0This feature is not available for everyone yet.\xa0 Custom Price: Describe how you charge for the service, for example, ""Price negotiable"".   Click Create New Plan next to Pricing Plans (Memberships & Packages). Click Package.\xa0 Click Next.\xa0 Enter the plan name and description. Choose the services included in the package:\n    \nClick the What services are included? drop-down.\xa0 Select the checkbox next to the relevant services.\nTip: Click Select All Services to create an all-in', 'You can also offer discounts by including the appointment in a package or membership.\xa0Let your clients pay per session, with a membership plan or package, or have both options to give clients more flexibility when paying.To set your price & payment details:\nScroll down to the Price & payment section.\xa0 Select the relevant option under Choose how clients can pay for this service:\n\nPer session: Clients pay for sessions based on the price you set. With a plan: Clients buy a membership or package to book sessions. Per session or with a plan: Clients pay either per session or with a membership or package.\xa0   Depending on the payment method you chose, follow the steps to set it up:Per sessionSelect the relevant pricing option from the Price type drop-down:\nFixed price: A set amount you choose:\n  ', "" also create a service that is only available as part of a pricing plan.To offer an appointment or class as part of a membership plan or package:\nGo to Booking Services\xa0in your site's dashboard. Create a new appointment or class or edit an existing one.\xa0 Complete the General Info and Service Details sections. Scroll down to Pricing Plans (Memberships & Packages) in the Price & Payment section.\xa0 Click With a plan or Per session or with a plan under Choose how clients pay for this service.\xa0 Choose what you want to do:\n    \nClick + Create New Plan to add your first plan. Click Connect an Existing Plan to connect the service to your existing plans.  Tip:Click here to learn more about offering exclusive services to your Pricing Plan holders.Frequently Asked Questions (FAQs)We are here to help w""]",13.373842239379883
"I am trying to change the order of the items within a CMS collection on my Wix site, but the provided steps did not work for me.","If you're having trouble reordering items in your CMS collection using the standard steps, it's possible that the ""Table layout"" feature is available for you. In this case, click and drag the Reorder icon  next to the relevant items to change their order. This feature might be what you're looking for if the other methods don't work.","[""at the top that you want to sort items in.\xa0\nClick Sort at the top of your collection. Click + Add a Sort. Click the Sort by drop-down and choose the field you want to sort. Select a sorting option under Select the order (e.g. A-Z, Low-High, Oldest-Newest). The options vary depending on the field type. Click Add Sort.\n(Optional) Mirror the item order to your live site's connected elements:\n    \nClick Mirror on Site at the top of the collection.\xa0 Enable the toggle next to Mirror item order on the site.\xa0  Tips:\nFrom the Table layout, you can manually sort the items too. Click and drag the Reorder icon  next to the relevant items to change their order. This feature is not yet released in all Wix accounts.\xa0 To edit an existing sort, click Sort, then click the Edit icon \xa0or click the Delete icon"", 'Wix Editor: Reordering Menu Items\nYou can reorder the items on your menu from the Menus & Pages panel.To reorder menu items:Click Menus & Pages on the left side of the Editor.\xa0 \xa0 \xa0 \xa0 \xa0 \xa0 \xa0 \xa0 \xa0Click and drag the menu items to a new position in the list.', ""Wix Stores: Changing the Order of Products in a Category\nMake sure your best products are noticed by placing them front and center.\xa0To reorder products on your site, go to the Categories tab in your site's dashboard. When you reorder products there, it changes the order on your site, wherever you display that category.To reorder products:\nGo to Categories\xa0in your site's dashboard. Select the relevant category. Click and drag the products to change the order. Click Save.Tip:If you're using the Category Page, you can override the product order you set in the dashboard.\xa0To do so, click the Category Page in your editor, click Settings, and select the Sorting tab. You can select any of the following order choices from the Order products by drop-down.\n""]",15.776512384414673
How do I sync the hotel app with my calendars ical link to allow visitors to book available dates on my site?,"To sync the hotel app with your calendars' iCal link, you need to follow these steps:

1. Click Wix Hotels app inside the Editor.
2. Click Settings.
3. Click the Add-Ons tab icon.
4. Click Add to Site drop-down menu next to the Calendar.
5. Select the page you want to place the calendar on.
6. Drag the calendar to where you want it to appear on the page.

Additionally, for Wix Hotels by HotelRunner, you need to connect your Airbnb iCal integration:

1. Go to Wix Hotels by HotelRunner's extranet channel
2. Connect your Airbnb account
3. Set up your iCal feed

This will allow visitors to book available dates on your site and sync with your external calendar.","['Adding a Hotel Availability Calendar to Your Site\nImportant:This article refers to the original Wix Hotels.\xa0If you are using the new Wix Hotels by HotelRunner, which is not yet available to all users, please read the information\xa0here. Learn how to check which version of Wix Hotels you are using.\xa0Add a calendar to any page of your site to show your hotel availability. Customers can click the Show Availability For drop-down menu to select which room they want to view.To add a calendar:Click Wix Hotels app inside the Editor.Click Settings.Click the Add-Ons tab icon.Click Add to Site\xa0drop-down menu next to the Calendar.Select the page you want to place the calendar on.\xa0Drag the calendar to where you want it to appear on the page.Tip:Click here to learn how to change the design of the calendar.', 'Wix Hotels by HotelRunner: Connecting Airbnb iCal to Your Site\nThe Airbnb iCal integration helps you manage your calendar availability seamlessly. Follow these steps to set up and manage your Airbnb iCal integration with Wix Hotels by HotelRunner.Important:\niCal Integration: Airbnb iCal uses a one-way iCal integration. This means that while your calendar availability will sync from Wix Hotels by HotelRunner to Airbnb iCal, your rates and reservations will not. You will need to manually update any reservations received from Airbnb iCal in your Wix Hotels by HotelRunner calendar. Manage Rates and Restrictions: You must manage your rates and booking restrictions directly from the Airbnb iCal channel extranet. Calendar Sync: The iCal integration will only transmit your Wix Hotels by HotelRunne', 'Importing Reservations from an External Calendar (iCal) to Wix Hotels\nImportant:This article refers to the original Wix Hotels.\xa0If you are using the new Wix Hotels by HotelRunner, which is not yet available to all users, please read the information\xa0here. Learn how to check which version of Wix Hotels you are using.\xa0Import your reservations from popular external services including Airbnb, HomeAway, and VRBO\xa0 to your Wix Hotels reservation calendar.Once you import your calendar, your Wix Hotels reservation calendar stays up to date.Notes:\nYou can only import from services that allow you to export your calendar in iCal format. The sync is one way only, from iCal to the Wix Calendar. Imported rates do not appear in the calendar. Rates can be viewed by clicking on the reservation in the calenda']",26.26687264442444
I am trying to verify my domain with Google Workspace. I need to add a TXT record to my domains DNS settings. I have confirmed that my domain is connected to Wix via pointing. What to do now?,"Since your domain is already connected to Wix via pointing, you should contact your domain host and ask them to add the TXT record on their end. This will resolve the issue with verifying your domain using a TXT record through Google Workspace.","['essing the Google Admin Console.Important:If your domain is connected to Wix via pointing, your domain host is in control of your domain records. Contact your domain host and ask them to add the TXT record on their end.', ""Google Workspace: Connecting a Business Email for a Domain Pointing to Wix\nIf you connected your domain to Wix via pointing and you purchased a Google Workspace business email, you must add the Google Workspace MX records in your domain host account (not Wix) to connect your business email.\xa0Important:Instructions for adding MX records vary between domain hosts. Contact your domain host if you need help adding the Google Workspace MX records.\xa0To connect Google Workspace for a domain connected via pointing:Log in to your domain host account where your DNS records are managed.\xa0Add the following MX records to your DNS settings:Tip:View Google's list of host-specific directions for adding Google Workspace MX records.\xa0Name/Host/AliasTime to Live (TTL*)Record TypePriorityValue/Answer/DestinationB"", ""Google Workspace: Manually Verifying Your Domain with Google\nIf your domain was once associated with a different owner, either in Google Workspace or in a Google Workspace reseller account, you may receive an error message similar to this in your Wix Account:In order to resolve this issue you must verify the ownership of your domain using a TXT record.\xa0To verify your domain using a TXT record:\nSign into your Google Admin Console. Click Domains.\nNote: (If hidden) Click More Controls at the bottom of your Admin console and select Domains.\xa0 Click Manage Domains. Click\xa0Set up Admin Console next to the domain you would like to verify.\xa0\nNote: If you domain isn't listed, click\xa0Add a Domain to add a new domain. Click Next and then\xa0Continue\xa0to choose TXT verification. Copy the TXT record. Add the T""]",15.724609136581421
I cant access my old email address to change my password. I have a recovery phone number added to my Wix account.,"Since you have a recovery phone number added to your Wix account, you can use it to recover your account and then change the email address associated with your account. 

To solve this issue follow these steps:
1. Go to your account settings by clicking on profile picture in top right corner of site.
2. Click on ""Account"" from dropdown menu.
3. Scroll down to recovery phone number section and click ""Add recovery phone number"".
4. Enter the code sent to your phone under  Add a confirmed recovery phone number
5. After verification enter new password then click save","["" changing the email address of your Wix account.\xa0I've forgotten which email address I used for my Wix accountIf you're not sure which email address you used for your Wix account, you can use the Wix Account Recovery page. Enter your website URL and up to 3 possible email addresses you may have used and we'll help you locate your account.I no longer have access to the email address I used to create my accountIf you know the email address and password associated with your account, you can sign in and change the email address. However, if you are unable to log in at all, you can recover your account in 2 ways:\nUsing your recovery phone number Filling out the Wix Account Recovery formI can't change my email address because I've forgotten my passwordIf you know the original email address of you"", ""Email?.\nSelect Can't access my login email. Click Next. Enter the email address associated with your Wix account.\xa0 Click Next. Select Send me a code to my phone number ending with XXXX and click Next. Enter the one-time verification code sent to your phone under Enter code here. Click Verify. Enter a new password and retype it. Click Save New Password.Tip:After you recover your account, you should change the email address of your account to one that you are able to access.Recovering your account without a Recovery Phone NumberThe privacy of our users is one of our top priorities.\xa0If you can't access the email account associated with your Wix account, and do not have a Recovery Phone Number enabled for your account, you'll need to fill out the Wix Account Recovery form. Wix can then check t"", ""Adding and Updating the Recovery Phone Number in Your Wix Account\nAdding a confirmed recovery phone number can help you recover your Wix account if you're having problems signing in.\xa0For example, if you can't remember your password and you don't have access to the email associated with your account, you won't be able to reset your password via email. You can use your recovery phone number to get a one-time SMS code to log in with instead.Tip:If you've forgotten the email address of your Wix account, you can try to find it using the Wix email locator.In this article, learn more about:\nAdding a recovery phone number Updating your recovery phone numberAdding a recovery phone numberYou can add and confirm a recovery phone number in the Account Settings section of your site's dashboard.\xa0To add ""]",24.06534743309021
I couldn’t link PayPal to my site because the option to connect to PayPal was not available. I confirmed that I have a PayPal Business account and adjusted my business location in the Wix dashboard.,"Since integration with PayPal Pro is not supported in Wix Stores, it's unlikely that you will be able to link PayPal through this method. However, if you're still experiencing issues, try reaching out to Wix's Customer Care team for assistance. They may be able to help you find a manual solution or provide additional guidance on how to connect your site to PayPal despite not having the native integration available.","["": Check your business location at the top right. If incorrect, click the drop-down menu to change it. Click Connect next to PayPal.\nDepending on whether you have a PayPal business account or need to create a new one, follow the steps:Have a PayPal business account\nEnter the email address associated with your PayPal business account.\xa0 Click Connect.\xa0 Sign in to PayPal and follow the on-screen instructions.\xa0 Click Go back to Wix.com to complete the connection.\xa0Don't have a PayPal business account\nClick Create PayPal account. Follow the instructions on PayPal to create a PayPal business account. Once your account is approved, go to\xa0Accept Payments in your site's dashboard and follow the steps under\xa0Have a PayPal Account.\xa0Accepting recurring paymentsApps such as Wix Video and Pricing Plans all"", 'Wix Stores Request: PayPal Pro Integration\nCurrently, integration with PayPal Pro is not supported in Wix Stores.\xa0We are always working to update and improve our products, and your feedback is greatly appreciated.\xa0', 'Unable to Connect PayPal to Wix Hotels\nIf you are experiencing this issue, please reach out to our Customer Care team so they can assist you with a manual fix.']",13.971076011657715
I forgot the password for my second Gmail account for business and Im not able to reset it. I have an admin account as well. Can you guide me on how to reset the password for my second Gmail account?,"To reset the password for your second Gmail account, follow these steps:

1. Go to your Business Email page.
2. Click the More Actions icon  next to the relevant business email.
3. Click Manage at Google.
4. Sign in to your Google Workspace account:
   - Enter your email address.
   - Click Next.
   - Enter the password.
   - Click Sign In.

If you have another Google account signed in, click the profile image or initial at the top right and select that account.

5. Note: Since this is a Gmail business account for which the admin has access, proceed to:
   6. Click Users.
   7. Hover over the relevant user and click the Reset password icon.

This method allows you to access another Gmail business account through your Google Workspace admin privileges.","[""Google Workspace: Resetting a Workspace User's Password\nIf you are the admin of a business email account, you can reset a Workspace user's password if they misplace or forget their password.\xa0Only admins can do this.To reset the password of a Workspace user:\nGo to your Business Email page. Click the Show More \xa0icon next to the relevant business email. Click Manage at Google. Sign in to your Google Workspace account:\xa0\n    \nEnter your email address. Click Next. Enter the password. Click Sign In.\nNote: If you are signed in to another Google account, click the profile image or initial at the top right and select your account.   Click Users. Hover over the relevant user and click the Reset password icon . (Optional) Toggle off Automatically generate a password, and enter a new password to manual"", 'Google Workspace: Resetting Your Admin Password\nIf you need to reset your Google Workspace admin password, you can do so at any time.\xa0To reset the admin password for your Google Workspace business email:\nGo to Business Email in your Wix account. Click the More Actions icon \xa0next to the admin email. Click Reset admin password. Enter your new password. Confirm your new password. Click Reset Password.Note:If you are still unable to access your Google Workspace business email, click here for the Google Workspace Login Troubleshooter or click here for the Google Workspace Help article.', "" and click Next.Enter the password and click Next.\xa0Tip:Switch between email accounts in Gmail by clicking your profile image or initials at the top right, then select the business email you'd like to access.""]",24.11159372329712
"I have created pages in the Wix editor, but they are not showing up on the live site even though I have hit publish. I have made sure the pages are not hidden and they are published, but they are still not showing up on the live site.","To resolve issues with your site's menu that are not displaying on the live site, try the following steps:

1. Check if your menu is attached to the header or footer, or set to ""show on all pages"".
2. Click Menus & Pages on the left side of the Editor.
3. Click the relevant page that isn't displaying your menu.
4. Click the Show More icon.
5. Click Settings.
6. Click Layouts.
7. Select Standard.
8. Click Publish at the top right of the Editor.

If you've followed these steps and still can't see the pages on the live site, try clicking Publish in your editor to check if this is the reason for the differences, and also use a supported browser (e.g., not Internet Explorer 10).","['Wix Editor: Menu Issues\nYour Wix site\'s menu automatically displays every page added to your site except for pages you\'ve chosen to hide. View the most common menu issues and solutions below as well as frequently asked questions.To resolve issues with your site\'s menu click below:Menu missing on live siteIf you cannot view your menu on your live site, try the following:\nMake sure you\'ve added a menu to your site. Learn How If your menu is attached to the header or footer, or set to ""show on all pages,"" make sure you are not hiding the header and footer:\xa0\n    \nClick\xa0Menus &\xa0Pages\xa0\xa0on the left side of the Editor. \xa0 Click the relevant page that isn\'t displaying your menu. Click the Show More icon . Click Settings . Click Layouts. Select Standard.   Click Publish at the top right of the Editor', ""Wix Editor: Differences in Live Site and Editor\nYou may notice differences between your live site and the editor.\xa0In most cases, this occurs when you have saved changes in the editor but not yet published them. Make sure to click Publish in your editor to check if this is the reason for the differences.\xa0If you are still unable to see the changes on your live site, follow the steps below.Important:Make sure you're also using a supported browser. Outdated browsers such as Internet Explorer 10 may display rendering issues between your editor and the live site.\xa0Changes in the editor missing on the live siteIf you've made changes in your editor that do not appear on your live site:\nClick Publish in your editor, then check your live site to see if it has updated.\xa0 If you're receiving an error wh"", ""Site or Pages Not Appearing in Search Engine Results\nWhen you publish your site, most of your pages are available for search engines like Google to crawl and index so that they can appear in search results.\xa0It can take some time for your page to appear.\xa0If you've published your site but it's not appearing in search results, the information in this article can help you get your site on Google and other search engines.\xa0However, search engines cannot guarantee that every page of your site will be indexed. It's important to note that this is perfectly normal in many cases.\xa0For example, search engines recommend not to index certain pages, such as\xa0Wix Blog archive pages. Wix automatically prevents search engines from indexing these pages.\xa0In this article, learn more about:\xa0\nChecking if your site""]",28.24347496032715
I have not received my payment in my bank account yet.,"It looks like there might be an issue with your payment processing. Since your account can't accept payments, it's possible that the payment hasn't gone through as expected. I recommend checking your bank's website or contacting them directly to see if they have any updates on the status of your payment. They may also be able to provide more information about why the payment wasn't processed successfully.","['ur account. You cannot accept payments.', 'your payment details. Click\xa0Submit Purchase.', ""rtant:After submitting your purchase, your bank may require you to verify your identity. If you're experiencing any issues with the authentication process, contact your bank directly.""]",8.681051254272461
I need assistance with creating custom hours for a staff member in the work schedule.,"To create custom hours for a staff member, follow these steps:

1. Click the Repeats dropdown and choose the relevant option.
2. Select the days of the week that the custom hours apply to.
3. Enter the start and end times in the fields provided.
4. Choose the relevant location from the Location dropdown.
5. Click Save.

Alternatively, if you want to create additional custom work hours for the same staff member, repeat steps 3-5 for each day of the week.

Additionally, to set your staff member's availability, select the checkbox next to the day(s) you offer the service and enter a start time. You can also add an additional time period by clicking the + icon and entering a new start and end time.

If you need to repeat this process for different days or locations, follow steps 6-14 as noted in the tip section.","['ernity leave cover.\xa0 Click the\xa0Repeats\xa0drop-down and choose the relevant option.\xa0 Click to select all relevant days of the week that the custom hours apply to.\xa0 Enter the start and end times in the fields provided. Choose the relevant location from the\xa0Location\xa0drop-down.\xa0 Click\xa0Save.\nNote:\xa0A summary of the custom working hours appears as you fill out the details.\xa0 (Optional) Repeat steps 3-10 to create additional custom work hours for the same staff member.\nTip: This is useful if your staff member is available in different hours / locations on different days, or if they change location during the day.\n\n(Optional) Repeat steps 3-10 to create additional custom work hours for the same staff member. \nTip: This is useful if your staff member is available in different hours / locations on diffe', ""urs to make the staff member's hours different than the business's default hours.\n            \nSelect the checkbox next to the day(s) you offer the service. Enter a start time. Enter your end time (e.g. 2:00 AM). (Optional) Add an additional time period for the same day:Click the + icon.\n                \nEnter a start and end time. (e.g. 4:00 PM - 7:00 PM). Repeat for all other work days.         Click Save."", ""Every 3 weeks or every 4 weeks. Select the days the staff member is available to book. Tap to select the Start Time. Tap to select the End Time. Tap to select the\xa0Location\xa0your staff member is available in.\nNote: A summary of the staff member's custom hours appears at the bottom of the screen. Tap Save at the top. (Optional) Repeat steps 6-14 to create additional custom work hours for the same staff member.\nTip: This is useful if your staff member is available in different hours / locations on different days, or if they change location during the day.Viewing your work scheduleThe work schedule shows a weekly view of all of your staff members' hours. You can scan through upcoming shifts, choosing the relevant time period and staff member.\xa0This is useful when someone requests time off, for e""]",27.345746755599976
Can you help me understand how to enable guest checkout for my pricing plans on Wix?,I don't know. The provided context does not mention enabling guest checkout for pricing plans on Wix.,"['included? section.\nTap Save. Tap Save to save the pricing plan.Offering access to eventsOffer discounts on event tickets to guests who purchase a membership plan.Note:Before you start, create the relevant events.\xa0To offer access to events:\nIf you have not done so already, create the pricing plan and save your changes.\xa0 Go to your site in the\xa0Wix app. Tap\xa0Manage\xa0\xa0at the bottom. Tap Catalog. Tap\xa0Pricing Plans. Tap to select a plan. Tap Edit Plan. Scroll down to the Connect Benefits section. Tap Connect Events.\nTap to select the events you want to connect. For each event, enter the discount amount (e.g. 25%) and enter the maximum number of tickets a guest can apply the discount to. Tap Done. Tap Save.Offering access to online programsUsing the Online Programs app, you can create programs with', ""ey need to set up a password to join your site as a paid member, if they have not done so already.\xa0To manually add a plan that a client purchased:\nGo to your site in the\xa0Wix app. Tap\xa0Manage\xa0\xa0at the bottom.\xa0 Tap\xa0Pricing Plans under Catalog. Tap the More Actions icon \xa0at the top right.\xa0 Tap Sell a pricing plan. Select an existing client or add a new one:\xa0\n    \nSelect an existing client:\xa0Tap to select an existing client. \xa0 Add a new client:\n\nTap + Add New Contact at the bottom. Enter the new contact's details. Tap Save.     Select a plan and tap Next. (Optional) Tap the date next to Valid from to edit the start date. Tap Collect Payment. Select Mark as paid / Mark as unpaid and tap Next. Tap Confirm in the pop-up.Notes: \nYour clients can also purchase membership plans and packages themselves "", ""icket type for an event.\xa0 In the Tickets tab of your event, click Edit next to Memberships. Click the toggle next to the relevant plans to enable them for this event.\nEnter the discount percentage. Enter the maximum number of tickets a guest can apply the discount to. Click Save.Step 4 | Add the Pricing Plans app in the EditorSince you added the app in the dashboard and it has an Editor component, you'll need to add it in the Editor.To add the app in the Editor:\nGo to the Wix App Market in your Editor:\n    \nWix Editor:\xa0Click\xa0Add Apps\xa0\xa0on the left side of the Editor. Editor X:\xa0Click\xa0App Market\xa0\xa0at the top of Editor X.   Click Manage Apps at the bottom left.\nClick Complete Setup next to Wix Pricing Plans.Step 5 | Customize the Plans & Pricing site pageWhenever a guest purchases a ticket that""]",16.657209634780884
I need help managing the categories my booking services are in on my Wix website.,"Here are some options to manage your categories:

1. Go to Booking Services in your site's dashboard and click Manage Categories.
2. Click + Add New Category to create a new category.
3. Enter the Category Name, then click Add to save.
4. Assign services to existing categories by selecting the service you want to assign and choosing the relevant category from the Service category drop-down menu.
5. Reorder your categories by tapping the three dots at the top right corner of each category card in the Wix Studio app and tapping ""Edit"".","[""Wix Bookings: Managing Services and Categories\nThe Services tab in your site's dashboard displays all your offerings in one location. Search the list by service, filter by category, and reorder your services to suit your needs. You can also customize this table to show as many details as you like.Group similar services into categories to make it easier for clients to find and book them on your site.\xa0In this article, learn more about:\nCreating categories Assigning a service to a category Reordering your services and categories Renaming categories Deleting a category Changing the view and filters on your Service ListCreating categoriesAdding categories is a great way of keeping your site organized and helping your clients find the services they need.\xa0To create a category:\nGo to Booking Servi"", ""ized and helping your clients find the services they need.\xa0To create a category:\nGo to Booking Services in your site's dashboard. Click Manage Categories. Click + Add New Category. Enter the Category Name. Click Add to save.Assigning a service to a new categoryWhen you create a new service or edit an existing one, make sure to add it to the right category. This helps your clients find the service they're looking for.\xa0Note:You can assign a service to only one category at a time.To assign a service to a category:\nGo to Booking Services\xa0in your site's dashboard. Select the service you want to assign to a category. Click the\xa0Service category\xa0drop-down and choose the relevant category. Click\xa0Save.Reordering your services and categoriesYou can rearrange the order your categories appear in on you"", 'talog and select Booking Services.\xa0 Tap + Create New Service at the bottom. Tap Class.\xa0\nGo to your site in the Wix Studio app. Tap Manage. Tap Booking Services, or tap Catalog and select Booking Services.\xa0 Tap + Create New Service at the bottom. Tap Class.Step 2 | Fill out your service detailsAdd information about what clients can expect from the class. Include a detailed description to give clients a clearer idea of what you have to offer. You can also set the maximum number of participants that can join the class.To fill out your service details:\nAdd your service details:\n    \nName:\xa0Enter a name for the class.\xa0 Category: Select a category from the drop-down menu (if you created categories). Tagline (optional):\xa0Enter a tagline that will appear below the service name on your app. Descripti']",21.089496612548828
How do I block off time slots in a staff schedule for a single staff member.,"To block off time slots in a staff schedule for a single staff member, follow these steps:

1. Go to Staff in your site's dashboard.
2. Choose the relevant staff member from the drop-down list under ""Add blocked time"".
3. Select Blocked Time.
4. Enter a Title (optional) to explain the reason for the blocked time.
5. Select a start date and time.
6. Select an end date and time.
7. Add a note for yourself (optional).
8. Click Block.

Note: You can repeat this process if you want to block off multiple time slots for the same staff member.","['o block off on the calendar. Select Blocked Time. Choose the staff member whose time you want to block from the Staff drop-down. (Optional) Enter a Title to explain the reason for the blocked time.\xa0 Select a start date and time. Select an end date and time. (Optional) Add a note for yourself.\xa0 Click Block.\xa0FAQsHere are some frequently asked questions about blocked time:Can I block off time for multiple staff members?You can block off time for multiple staff members at the same time using the Time Blocker app. \xa0Does blocked time impact existing services like classes or courses?Blocking off hours does not override class or course sessions happening during that same time slot.\xa0It also doesn’t affect existing appointments. The blocked time will only prevent clients from booking new appointment', "" App Market, you can add the Time Blocker app to your site.\xa0To add the Time Blocker app:\nGo to the Time Blocker in the Wix App Market.\xa0 Click Add to Site.\xa0 Click Agree & Add to allow the app access to your Bookings information.\xa0Blocking off time using the Time Blocker appAfter adding the Time Blocker app, go to your dashboard to block time for multiple staff members. You can choose the relevant people, set the time period and decide whether it repeats or not (e.g. if they're unavailable for appointments at the same time every week).Note:Blocked time prevents clients from booking appointments but does not affect existing class or course sessions.\xa0To block off time for multiple staff members:\nGo to Staff\xa0in your site's dashboard. Choose the relevant staff members under Add blocked time to yo"", "" staff members have custom schedules.\xa0Making one-time changes can help accommodate your staff's schedules while making sure your business is not affected.Learn more about editing your staff members' working hours.Default work hoursYour default work hours determine the available hours during which clients can book appointments.\xa0Make sure to update your default hours so clients know when they can book their appointments.\xa0These hours automatically apply to all new staff members.Learn more about setting your default work hours.\xa0Blocked timeYou can manually block any day or part of a day in your Wix Bookings calendar for you or for a staff member. The times you block are not available for bookings. This feature is useful for scheduling holiday, personal time off or any other periods you or your""]",22.4497127532959
How can I delete items from a CMS collection?,"To delete an item from your CMS collection, go to the CMS in your site's dashboard, click on the relevant collection, select the checkbox next to the item you want to delete.","[""CMS: Deleting Items in a Collection\nYou can remove an item from your CMS (Content Management System) collection whenever you like. If the content is in both the optional Sandbox and Live collection, you need to delete the item in both locations.\xa0You can learn more about the Sandbox feature\xa0here.Important:If you have the optional Sandbox enabled, syncing your Sandbox collection does not remove the item from the Live collection.Note:Before deleting an item, make sure you don't have any dynamic pages or references in another collection connected to it, as once the item is deleted, these links or references will break.To delete an item:\nGo to\xa0CMS\xa0in your site's dashboard. Click the relevant collection. Select the checkbox next to the item you want to delete.\nTip: To select multiple items at on"", 'CMS: Deleting a Collection\nRemove unnecessary CMS (Content Management System) collections by deleting them. We recommend making sure the collection is not connected to any pages or elements on your site before deleting it.\xa0In this article, learn more about:\xa0\nDeleting a collection Potential issues with deleting connected collections Frequently Asked Questions (FAQs)Deleting a collection in the CMSYou can delete collections that you no longer need at any time. If the collection you are deleting is connected to any page or site elements, they will become disconnected when you delete.\xa0Before deleting a collection:\nMake sure the collection is not connected to your site pages or elements.\xa0 You can create a manual backup of your collections, in case you need to restore them later.\xa0 You can also e', "".DeleteUse the 'Delete' click action if you have input elements that can edit collection items and you want a way to delete an item. The 'Delete' action removes the currently displayed item from your collection.\xa0Notes:\nThis click action is only available when the dataset mode is set to Write or Read & Write. You can restore deleted collection items with CMS backups.List actionsUse the dataset 'List Actions' when you need a button to interact with other elements that read content from your collection. Make sure to connect your button or image to a dataset that is set to the Read or Read & Write mode. View the available dataset 'List Actions' below:Load moreUse the 'Load more' click action to load additional items in the dataset's connected repeater or gallery. The 'Maximum items displayed' ""]",15.748807191848755
I need help with setting up two different emails on my website. One for receiving order invoices and the other for general inquiries. Im specifically looking for guidance on how to set the email address for order confirmations in the Business Info section of my sites settings.,"I don't know. The provided context doesn't mention anything about setting up emails for specific purposes like order confirmations or general inquiries, nor does it discuss the Business Info section of website settings.","[""Request: Sending Automated Emails from Multiple Addresses\nWe are happy to announce that you can now send automated emails from multiple addresses. Using multiple emails allows your emails to come from addresses associated with specific parts of your business. For example, sending one automated email from bookings@website.com and another from sales@website.com.\xa0To add a another sender: \nGo to Email Marketing in your site's dashboard. Click Manage Senders under Sender details on the right.\xa0 Click + Add Another Sender and add your new sender details.\nClick Save. Enter the code sent to your email address and click Confirm."", ""our email through our own authenticated address. Don't worry, only your name and subject line appear in the inbox and readers' replies will go straight to your inbox. You may be asked to confirm your reply-to address. If so, you'll receive an email in your inbox with instructions.Can I send automated emails from different email addresses?Currently, it is not possible to send automated emails from multiple addresses. Each time you change your email address within an automation, this applies across all of your automations.Vote for the ability to send automated emails from multiple addresses in this feature request.Can I see if people have received and opened my automated emails?All automations that send emails give you access to email marketing statistics so you can track how many emails hav"", ""t if necessary.\xa0To confirm a staff member's email address is correct:\nGo to Staff in your site's dashboard. Hover over the relevant staff member and click Edit. Enter the staff member's correct email address if required. Repeat steps 2 - 3 as necessary for other staff members.Step 3 | Send a test email to confirm that you can receive emailsSend yourself a test email to make sure that your email address is receiving emails.\xa0To send a test email: \nGo to Booking Settings in your site dashboard.\xa0 Click Emails & SMS notifications. Click Edit next to Send clients an email confirmation when they book.\xa0 Scroll down to the Create an email section and click More Actions under the email preview.\xa0 Click Preview & Test.\xa0\nClick Send Test Email in the top right.\xa0 Enter your email address in the Send to f""]",15.348041296005249
I need to add funds to my Wix Payments account in order to issue a refund. Can you guide me on how to do this?,"To add funds to your Wix Payments account, follow these steps:

1. Go to Payments in the Wix app.
2. Tap on the payment for which you want to issue a refund.
3. Tap Refund.
4. If needed, tap the Note icon to add a note (optional) and then tap Save.
5. Enter the amount to refund.
6. Tap Issue Refund.
7. If needed to add funds to cover the refund:
   - Tap Click Add Funds & Complete Refund.
   - Enter the amount of funds to be added and tap Continue.
   - Enter your payment details and tap Add Funds.

Once the funds are processed, Wix will automatically issue the refund to the relevant customer. It may take up to 3-5 business days for the refund to appear in their statement.","[""op or from the Wix app on your mobile device.DesktopWix app\nGo to Payments in your site's dashboard. Select the payment to refund. Click Refund.\n Enter the amount you wish to refund. (Optional) Add a note. Click Refund and confirm by clicking Yes, Refund. If you need to add funds to refund your customer:\n    \nClick Add Funds & Complete Refund to add funds to your account. Enter your credit / debit card details and click Add Funds & Complete Refund.  \nGo to Payments in the Wix app. Tap on the payment to refund. Tap Refund.\n (Optional) Tap the Note icon \xa0to add a note of the details of this refund and tap Save. Enter the amount to refund, and tap Issue Refund. Tap Issue Refund to confirm. If you need to add funds to refund your customer:\n    \nClick Add Funds & Complete Refund to add funds to"", ""Adding Funds to Cover Refunds in Your Wix Payments Account\nYou may need to refund a customer and currently don't have enough funds in your Wix Payments account to cover the return. If your current balance can't cover a specific refund, you'll need to add funds to your Wix Payments account.See how refund top-ups are calculatedIf you have scheduled payouts, processing payments and / or reserve funds in your account, they are used to offset the amount required for top-up. For example:$100 Refund amountMinus -$20 Scheduled payout$20 Processing payment$10 Reserve funds\xa0---------------------------$50 Top-up neededTo issue a refund and add funds:Issue refunds from your Wix Payments account on desktop or from the Wix app on your mobile device.DesktopWix app\nGo to Payments in your site's dashboard."", ""ou need to add funds to refund your customer:\n    \nClick Add Funds & Complete Refund to add funds to your account. Enter the amount of funds to be added and tap Continue. Enter your payment details and tap Add Funds.  What's next?Once the funds are processed, we'll automatically refund the relevant customer. It may take up to 3-5 business days for the refund to appear in your customer's statement. \xa0Notes:\nTo add more than $20,000 to your account, contact Wix Customer Care for assistance. If you have multiple payment methods in your Wix Payments account, a negative refund balance applies only to a single payment method group. Funds from one group cannot be used to cover a negative balance from another group.""]",27.396855115890503
"I need to change my domain name to something that doesnt include ""DBT"" for legal reasons.","To change your A record and CNAME records from including ""DBT"" in your domain name, follow these steps:

1. Edit the existing A records as needed.
2. Ask your new provider for the relevant records (hostname and value).
3. Update an A record:
   - Hover over the A record and click Edit.
   - Click Got it in the pop-up.
   - Click the Host Name field and enter a new host name (e.g., BigCorpBuilders.com without ""DBT"").
   - Leave this field blank if instructed to add an @ sign.
   - Click the Value field and enter a web address the record points to.
   - Click Save.
   - Click Save Changes in the pop-up message.
4. Update a CNAME record:
   - Hover over the CNAME record and click Edit.
   - Click Got it in the pop-up message.
   - Click the Host Name field and edit the host name (e.g., BigCorpBuilders.com without ""DBT"").
   - Leave this field blank if instructed to add an @ sign.
   - Click the Value field and edit the web address the record points to.
   - Click Save.
   - Click Save Changes in the pop-up message.

Note: Make sure to update both A records and CNAME records accordingly to reflect your new domain name without ""DBT"" for legal reasons.","[' pop-up. Click the Host Name field and edit the host name.\nNote: Include the www prefix here for Host Name. Click the Value field and edit the web address the record points to.  Click Save. Click Save Changes in the pop-up.Add a CNAME record \nClick + Add Record under CNAME (Aliases).  Click Got it in the pop-up. Enter the Host Name and Value in the relevant fields. \xa0 \nNote: Include the www prefix here for Host Name. Click Save. Click Save Changes in the pop-up.Delete a CNAME record\nClick the More Actions icon  next to a CNAME record. Click Delete. \n\n Click Delete Record in the pop-up.\xa05. Edit your A records as needed.\nNote: Ask your new provider for the relevant records (hostname and value).Update an A record\nHover over the A record and click Edit. Click Got it in the pop-up. Click the Hos', 'ssage.Click the Host Name field and enter a host name.Note: Leave this field blank if instructed to add an @ sign.Click the Value field and enter a web address the record points to.\xa0Click Save.Click Save Changes in the pop-up message.Update a CNAME recordHover over the CNAME record and click Edit. Click Got it in the pop-up message.Click the Host Name field and edit the host name.Note: Leave this field blank if instructed to add an @ sign.Click the Value field and edit the web address the record points to.\xa0Click Save.Click Save Changes in the pop-up message.', ""and doesn't provide an idea about what you do, consider adding one of your keywords i.e. company name is Big Corp, the domain name could be BigCorpBuilders.com.Tip:Remember, your domain should appeal not just to your site visitors, but also to search engines. Check out this video about choosing the best domain name on the SEO Learning Hub.\xa0Note:Once you choose your domain name, you cannot change it. If you have already made the purchase, the only way to change the domain name is to\xa0register a new domain.""]",35.543123722076416
How long will it take for my products to show up in a Wix Google Ads campaign?,"I don't know. The provided context does not specify how long it takes for products to show up in a Wix Google Ads campaign. It only mentions that after setting up a Google Merchant Solutions account, listing store products, and submitting them to Google, the ad will be available for launch within 72 hours.","[""Google Ads with Wix: Creating a Campaign\nCreate a Google Ads with Wix campaign by following a step-by-step process on your site's dashboard. Throughout the process, you'll find tips on creating the best converting ad content.After you launch your ad campaign, all the data is automatically synced to Google Ads in your Wix site's dashboard. It also syncs with Wix Analytics Marketing reports and Marketing Overview so you can see all your paid and organic marketing efforts in one place.Step 1 | Get your business ready to advertiseBefore you create a Google Ads campaign with Wix, make sure you've completed the following setup steps in order to make your site eligible.\nPublish your site.\xa0 Purchase a Premium plan.\xa0 Connect a custom domain.\xa0To check if your business is ready to advertise, go to Go"", ""Google Ads with Wix: About Google Ads Performance Max Shopping Campaigns\nNotes:\nGoogle Performance Max Shopping campaigns are for Wix Stores users only. This campaign option is only available once you have set up a Google Merchant Solutions account, listed your store products, and submitted them to Google.Get your products in front of millions of potential customers with a Google Ads Performance Max Shopping campaign. Performance Max ad campaigns display your product ads across all of Google's channels simultaneously including YouTube, Google Search and Google Shopping.Start by setting up a Google Merchant Solutions account and get your products listed and approved. Then return to the Google Ads tab in your site's dashboard to set your campaign language, location and budget before launchin"", 'thin 72 hours. When your ad is live, you’ll be notified immediately.\xa0And that’s it. In a few seamless steps, all of which take less than 10 minutes to complete, your campaign can be up and running.How can this campaign help me?Advertising on Facebook is very rewarding with a lower cost per acquisition than any other channel. It’s fast, increases customer attribution, is very targeted, personalized,\xa0 and measurable. Plus, Facebook campaigns work on mobile, which means potential customers can see them on any device. But for many businesses who want to use it, setting up, monitoring and optimizing Facebook ad campaigns can be time-consuming and complex.\xa0Facebook Ads with Wix takes the hassle of that process by automating every part of it, from ad creation and set up to consistent testing and ']",18.30031967163086
I need to know how to change the order of my products.,"To change the order of your products, go to Categories in your site's dashboard. Select a category, click and drag the products to change the order, and then Click Save.","[""Wix Stores: Changing the Order of Products in a Category\nMake sure your best products are noticed by placing them front and center.\xa0To reorder products on your site, go to the Categories tab in your site's dashboard. When you reorder products there, it changes the order on your site, wherever you display that category.To reorder products:\nGo to Categories\xa0in your site's dashboard. Select the relevant category. Click and drag the products to change the order. Click Save.Tip:If you're using the Category Page, you can override the product order you set in the dashboard.\xa0To do so, click the Category Page in your editor, click Settings, and select the Sorting tab. You can select any of the following order choices from the Order products by drop-down.\n"", ""ect one or more filters.\xa0\nTip: The filters you selected appear at the top of the product list.\xa0 (Optional) Save these filters:\n    \nClick Manage View. Select Save as new view. Enter a view name. \nTip:\xa0Enter a meaningful name that you'll remember (Out-of-stock vases). Click Save.  Rearranging the product orderMake sure the products you want to promote are displayed front and center on your site. You can rearrange the order of products in any of your categories.Tip:By default, products are displayed in the order they were created with the most recent product first.To rearrange products in a category:\nGo to Categories\xa0in your site's dashboard. Select a category. Click and drag the products to change the order. Click Save.Exporting & importing your product listYou can export your list of produ"", ""r at any point—before, during, or after the appointment—based on the actual services and products offered.Note:\nThis option only applies to appointments. To change the quantity of items in an existing order, edit the quantity next to the relevant item(s).\xa0To add services and products to an existing order:\nGo to Orders\xa0in your site's dashboard. Click the relevant order. Click More Actions at the top right and select Edit order.\xa0 Click Add Item and select Service, Product, or + Add Custom Item.\nChoose from the following options:\n    \nProducts and Services: Select the service or product you want to add and click Add to Order.\xa0 Custom Item: Enter the Title, Item info and price for your custom Item and click Add to Order.\xa0   Finalize the order updates:\n    \n(Optional) Enter a Reason for editing""]",13.48233675956726
I need to know if more information is required for Wix payment verification status for my individual account.,"To confirm the Wix Payments Verification Process for an individual account, you must complete the following:

* Write your personal information correctly (name and date of birth) on your photo ID.
* Double check that you've entered your bank account number(s) correctly.
* Enter a physical address to verify your account.","[""Wix Payments Verification Process\nImportant:Wix Payments is not yet available to all users.You can start accepting payments on your site using Wix Payments almost immediately. However,\xa0 we need to verify your identity before your account can be fully activated.\xa0To verify your identity:\nFor an individual account: You must complete your Wix Payments account setup within the same country as your bank is located.\xa0 For a business account: The country where your company is registered must match the country where your company's bank is located. This must be the same country in which you complete your Wix Payments account setup. For a sole proprietor (United Kingdom): The country where your company is registered must match the country where your company's bank is located. This must be the same cou"", 'et up my Wix Payments account?After submitting your details, you are required to go through a verification process.\xa0Can I switch between account types?How do I get help with the set up?Contact Wix Customer Care and we would be happy to assist.Video tutorialWatch the video below to learn more about setting up your Wix Payments account.\n', ""Kingdom and the United States.\xa0Verification checklistIn addition to meeting the requirements below, the verification process begins once you've accepted the first successful payment to your Wix Payments account.To help Wix Payments verify your account details, you'll be prompted to add information (e.g. your photo ID and a bank statement.\xa0Learn more)Depending on your account type, review the relevant checklist to make sure you're providing the requested information correctly:\xa0Individual account\nMake sure you've written your personal information correctly:\n    \nYour first / middle / last name and your date of birth must match those listed in your photo ID.\xa0 Double check that you've entered your bank account number(s) correctly.\nEnter a physical address to verify your account. PO Boxes are n""]",16.762014150619507
I need to know if more information is required for Wix payment verification status for my business account.,"Yes, more information may be required to verify your Wix Payment status for your business account. According to the context, additional requirements include:

* Confirming that the Legal Business Name, Shareholder and Business Number entered in the form matches those associated with your business bank account.
* Uploading a document that proves the validity and ownership of the Business Number during registration.

Please ensure you have these details ready before proceeding with the verification process.","[""Wix Payments Verification Process\nImportant:Wix Payments is not yet available to all users.You can start accepting payments on your site using Wix Payments almost immediately. However,\xa0 we need to verify your identity before your account can be fully activated.\xa0To verify your identity:\nFor an individual account: You must complete your Wix Payments account setup within the same country as your bank is located.\xa0 For a business account: The country where your company is registered must match the country where your company's bank is located. This must be the same country in which you complete your Wix Payments account setup. For a sole proprietor (United Kingdom): The country where your company is registered must match the country where your company's bank is located. This must be the same cou"", ""Wix Payments: Verifying Your Employer Identification Number (EIN)\nNote:An EIN is required only in the United States.An Employer Identification Number (EIN) is issued for tax administration purposes. Employers in the United States are required by the Internal Revenue Service (IRS) to have an Employer Identification Number.\xa0Verifying Your EIN in Wix PaymentsWhen completing your Wix Payments account setup as a Partnership / LLC / Corporation / NGO, Wix Payments asks for your company's 9 digit Employer Identification Number.In addition, to verify your EIN, please make sure that you upload a copy of your EIN confirmation notice. Follow these guidelines to help your verification:\nThe company name should be visible and clear and should match the business details in your Wix Payments account The E"", ""e listed in your photo ID\nYour company's name and its Business Number must match the company's registered information Enter a physical address to verify your account. PO Boxes are not accepted as a valid address Your bank statement / document should include the bank logo, as well as your account number and the account holder name If required, upload a document that proves the validity and ownership of the Business Number during registration Confirm that the Legal Business Name, Shareholder and Business Number entered in the form matches those associated with your business bank account.FAQsClick a question to learn more about setting up your account.What happens after I submit my details to set up my Wix Payments account?After submitting your details, you are required to go through a verifi""]",18.022862672805786
"I need to renew my Premium Business plan after missing the renewal notice. I couldnt find the subscription under my account, but I want to proceed with purchasing a new Premium plan for my site.","To renew your Premium Business plan, follow these steps:

1. Go to Premium Subscriptions in your Wix account.
2. Click Turn Auto Renew On under the relevant subscription (in this case, the Premium Business plan).
3. If the subscription has already ended, you can simply purchase a new plan by clicking on Select under the new Premium plan, then choose your subscription period and click Submit Purchase.

Note that since you missed the renewal notice, you won't be able to reactivate the canceled site plan. Instead, you'll need to purchase a new plan for your site.","['lick Select under the new Premium plan.8. \xa0Choose your subscription period and click Select.9. \xa0Enter your payment details and click Submit Purchase.', 'Unassigning a Premium Plan from a Site\nYou can unassign a Premium plan from your site at any time. Unassigned plans can be assigned to another site in your account at any time.\xa0You can view your plan in the Unassigned Subscriptions section of your Wix account for easy access after you unassign it.If you reassign a Premium plan, the premium features (e.g. connecting a domain, removal of Wix ads) are removed from the original site.\xa0In this article, learn more about:\nUnassigning a Premium plan Frequently asked questions (FAQs)Unassigning a Premium plan\nGo to Premium Subscriptions in your Wix account. Click the More Actions icon  next to the relevant plan.\xa0 Click Unassign Plan.\nClick Unassign Plan in the pop-up to confirm.Already unassigned your Premium plan?Learn how to assign your plan to an', 'Reactivating a Canceled Premium or Studio Site Plan\nYou can reactivate a canceled site plan before the subscription ends by turning the auto renew back on. If the subscription has already ended, you can simply purchase a new plan.To reactivate your Premium or Studio plan:\nGo to Premium Subscriptions in your Wix account. Click Turn Auto Renew On under the relevant subscription.Note:Site plans canceled during the 14-day money back period are canceled immediately. This means that they cannot be reactivated by turning the auto renew back on. You can go ahead and upgrade the site again to purchase a new plan.']",22.292151927947998
How can I restore some deleted products?,I don't know. The context only mentions hiding products instead of restoring them after deletion.,"['Wix Stores Request: Restoring Deleted Products\nCurrently, it is not possible to restore a product after it has been deleted.\xa0Tip:If you want to temporarily remove products from your store, you can hide them.\xa0We are always working to update and improve our products, and your feedback is greatly appreciated.', ""Wix Stores: Deleting Store Products\nKeep your list of store products up-to-date by deleting products that you've discontinued.Important:\nDeleted products cannot be recovered.\xa0 Instead of deleting permanently, you can hide products\xa0from your site.\xa0In this article, learn how to:\nDelete a single product Delete multiple products at onceDeleting a single productYou can permanently delete any product that you no longer carry in your store.To delete a single product:\nGo to Products in your site's dashboard. Click the More Actions icon \xa0 \xa0next to the product you want to delete.\nClick\xa0Delete. Click\xa0Delete\xa0to confirm.\nNote:\xa0This action cannot be undone.Deleting multiple products at onceSave time by permanently deleting multiple products in bulk. You can delete up to 999 products at the same time.\xa0To"", 'Site Management Request: Restore Contacts When Restoring Deleted Site\nCurrently, when you restore a previously deleted site, your contacts are not automatically restored with it. If you have a CSV file with your contacts, you can import it again.\xa0We are always working to update and improve our products, and your feedback is hugely appreciated.']",10.862347602844238
Hoe can I restore the selection of projects for my Wix collection?,I don't know.,"['ditor. Click Your Collections.\xa0 Click Manage.\xa0 Click More Actions at the top. Select Advanced Settings.\xa0 Enable the Wix App Collections toggle. \xa0\nClick the X at the top right to close the CMS window. Click Wix App Collections on the left to view all your collections created by other Wix products.\xa0\nGo to your Editor. Click\xa0CMS\xa0\xa0at the top of Editor X.\xa0 Click Your Collections. Click Manage. Click More Actions at the top. Select Advanced Settings.\xa0 Enable the Wix App Collections toggle. \xa0\nClick the X at the top right to close the CMS window. Click Wix App Collections on the left to view all your collections created by other Wix products.\xa0\nGo to your Editor. Click CMS \xa0on the left side of the Editor.\xa0 Click Your Collections. Click Manage. Click More Actions at the top. Select Advanced Settings', ""Wix Studio Request: Reopening Canceled Project Requests from the Wix Marketplace\nCurrently, it's not possible to reopen a project request from the Wix Marketplace once you've declined it.We are always working to update and improve our products, and your feedback is greatly appreciated."", ""Wix Portfolio: Managing Your Wix Portfolio\nManage all your portfolio's projects and the collections they're grouped into from your site's dashboard.\xa0Create, edit, duplicate, show or hide, and delete projects / collections all from the one place.In this article, learn more about:\nManaging your projects Managing your collections\xa0 Frequently asked questions (FAQs)Managing your projectsFrom the Projects tab, you can create new projects, edit existing ones, filter your projects list and more.To manage your projects:\nGo to Portfolio in your site's dashboard. Choose what you want to do:\xa0Create a new project\nClick + Add Project at the top right. Fill out the project details.\xa0Learn more about creating projects in Wix Portfolio.Filter and sort your projects list\nClick the relevant drop-down at the t""]",12.900840282440186
How can I set up an automation for a clients birthday to send an email offering a free class?,"I don't know. The context provided does not mention setting up an automation for a client's birthday, sending an email offering a free class. It only discusses creating automations in general and managing outbound client emails, as well as customizing those emails.","[""Request: Triggering Automations on Your Contacts' Birthdays\nWe are excited to announce that you can now create automations that trigger on your contacts' birthdays.\xa0To do this, you first need to create a contacts segment that groups contacts by birthday. Then, create an automation using the Segments trigger set to trigger when a contact enters your birthday segment."", "":Joan has a monthly newsletter. She creates a newsletter subscription form to grow her mailing list. She wants to thank each subscriber as they sign up, but manually sending these emails would be impossible. Instead, she sets up an automation that automatically sends a 'thank you' message every time a new person subscribes.Step 1 | Create a new automationAny automations you create appear under Automations in your site's dashboard. Make sure to choose a name that's memorable and can be understood by all of your site collaborators. You can create up to 1000 automations per site.To create a new automation:\nGo to Automations in your site's dashboard. Click + New Automation at the top right. Choose how you want to start creating your automation:\xa0\n    \nFrom Scratch: Click Start from Scratch to b"", ""now that their appointment request has been declinedWant to know more?Learn more about Wix Automations.Managing your outbound client emailsManage your automated emails in the dashboard, so your clients are up-to-date on the status of their upcoming bookings.\xa0To manage your outbound client emails:\nGo to Booking Settings\xa0in your site's dashboard. Click\xa0Emails & SMS notifications. Select the toggle next to the relevant email notifications you want to activate or deactivate.\xa0Customizing your outbound client emailsYou can customize all of your automated emails to better fit your brand and style. You can add text, images, videos and more to make your emails more personalized and informative for your clients.\xa0Notes:\nYou can only customize or edit certain parts of the pre-installed email automatio""]",17.187585592269897
I need to switch my business type from sole prop to LLC in order to use an EIN.,"Unfortunately, it is not possible to switch between individual and business account types in Wix Payments once you've set up your account. However, if you're looking to switch from an individual to a business Wix Payments account and need an Employer Identification Number (EIN), you can contact the Customer Care team for assistance. They can help you with the process, but you'll need to have all the necessary documents ready to verify your new business account.","[""e's dashboard. Click Complete Setup under Wix Payments.\xa0\nSelect an option under Business Type:\nNote: It is not possible to switch between business types once you select one.\xa0\n    \nIndividual/Sole Proprietorship: Select this option if you are doing business as an individual. Partnership/LLC/Corporation/NGO: Select this option if you are doing business as a business entity. Regional account types: In some countries, other business types may be selected which align with local business definitions.   Depending on the selected business type, follow the steps:\xa0Individual/Sole Proprietorship\nEnter Your Personal Details:\n    \nYour full name Your date of birth Upload a Valid Photo ID (Passport, Driver’s License, Identity Card) If asked, enter your job title (role in the business)   Enter Your Addre"", ""Request: Switching Between Individual and Business Account Types in Wix Payments\nOnce you've set up your Wix Payments account, it is not possible to change your account type from individual / sole proprietorship to partnership / LLC / Corporation / NGO, or vice versa, within your Wix Payments account.We are always working to update and improve our products, and your feedback is hugely appreciated.Tip:If you are looking to switch from an individual to a business Wix Payments account, our Customer Care team can do it for you. Please check that you have all the necessary documents to verify your business Wix Payments account and contact Customer Care."", 'and BID / UID number entered in the form matches those associated with your bank account.Partnership/Association (Germany)\nEnter Your Business Information:\n    \nYour legal business name Enter your ""Doing Business As"" name. This is how your business appears on customers\' statements.\n        \nYour statement descriptor must be between 5-19 characters Your statement descriptor must be similar to your business name / legal entity name /, or URL Your statement descriptor should not be too generic (e.g. ""Store""), or already in use (e.g. ""Wix.com"")   Enter VAT / tax number (If applicable) Enter your Handelsregisternummer Upload a company registration document to help us verify your business\xa0   Add your Business Description:\n    \nUse the dropdown menu to select your industry type Use the text box t']",23.088077545166016
I need to temporarily remove the quick action button from the mobile view as I have not set it up yet.,"To temporarily remove a Quick Action Bar from your mobile site, right-click on the bar in the mobile Editor, then select Delete. This will allow you to add or change the actions later.","[""el to change their order.Removing a Quick action barYou can remove the Quick Action Bar on your mobile site at anytime.\xa0You should know:When you remove a QAB, it removes the details you entered for each action. If you re-add the QAB, you need to manually enter the relevant information again.To remove a QAB, right-click it in the mobile Editor then select Delete.\xa0Note:If you have Wix Chat installed on your site, removing the Quick Action Bar doesn't remove Wix Chat from your mobile site. To remove Wix Chat from your mobile site, you need to delete it from the Editor.\xa0"", "" Actions. Select Custom Action from the list. Choose a predesigned icon, or click the Add icon  to upload your own. Select the action in the panel to set up the details.Managing QAB actionsManage what you display on the quick actions bar. You can change the name of actions, remove them from the bar, and more.To manage your actions:\nSelect your QAB in the mobile Editor. Click Set Up Quick Actions. Hover over an action in the panel and click the More actions icon  . Choose how you want to manage the action:\n    \nSet up: Update or change the action's details. Rename: Change the name of the action. Remove: Delete the action from the bar.  Did you know?You can click and drag on actions in the panel to change their order.Removing a Quick action barYou can remove the Quick Action Bar on your mobi"", ""Wix Chat Request: Removing or Hiding Chat from Your Mobile Site\nWhen you add Wix Chat to your desktop site, it's automatically added to the Quick Action Bar on your mobile site.\xa0Currently, it is not possible to remove or hide it from the Quick Action Bar while keeping it on your desktop site.We are always working to update and improve our products, and your feedback is greatly appreciated.""]",16.33285880088806
I need to track the status of chargeback #1124381935-1.,I don't know.,"[""lter your transactions by payment method and status. Select the relevant timeframe using the From and To fields.\xa0Learn more about payment statusesEach payment is labeled with one of the following statuses:\nSucceeded: The transaction was approved Pending: The transaction was approved, but the funds are not yet available for payout. Declined:\xa0The transaction has been declined. Refunded: The payment has been refunded to your customer. Chargeback: A customer has disputed your charge with his card provider or bank. The funds have been returned to the customer's account. Learn more about chargebacksNote: Only active statuses appear in the payments list; e.g. if you didn't receive a Chargeback, you won’t see it in the filter options.\xa0Manual (Offline) PaymentsIf you're receiving payments using the"", ""vider, you may not see the Chargeback status in the Payments page in your site's dashboard. You should get in touch with the relevant provider to understand how to handle this chargeback.\xa0Note:Submitting a dispute through a third-party provider may incur extra fees. We recommend checking with them before disputing a chargeback.\xa0Using PayPal or Stripe?To get more information on handling chargebacks and disputes, click the relevant link:\xa0\nPayPal Stripe\xa0"", ' information on your invoices. For example, address, company name, and VAT ID. Learn more about updating your invoices for Wix services.\xa0Important information regarding billing history:The Site field shows the site that the service was connected to when the charge was first issued. This may have changed if you reassigned the service to a different site.Finding an invoiceFind a specific invoice using the filters and search fields on your Billing History page.\xa0You can search by:\nDate and site: Use the All Dates and All Sites drop-downs to find a charge by date or by site name.\xa0 Status and payment method: Click More Filters to filter by payment status and payment method.\xa0 Keyword: Click Search to look for invoices by keywords.Need to export your invoice history? Click the Export button \xa0to ex']",13.597529172897339
I need to update the og:image for my entire site to ensure the correct image appears when the link is posted on social media. I also want to know if this will affect the image when the link is posted in an email or on Instagram.,"To change the og:image for your whole site, follow these steps:

1. Open your site's settings.
2. Click Website settings.
3. Scroll down to General social image and click Upload Image.
4. Select an image or click + Upload Media to upload a new one.
5. Click Choose File to add it.
6. Click Save at the top of the dashboard.

This update will apply the same og:image across all pages on your site, so it should also appear when the link is posted in an email or on Instagram.","[""Wix Editor Request: Customizing the Og:Image for Instagram, WhatsApp, and iMessage\nYour og:image from your site or page is displayed across all of your social networks. Currently, you cannot control the og:image on Instagram, Whatsapp, or iMessage. You can however, choose the og:image for Facebook, Twitter\xa0and LinkedIn.\xa0Tip:You can update the link preview image that Telegram uses by opening the Telegram Webpage Bot, clicking Start, and sending your page's URL.\xa0Learn more about Telegram link previewsWe are always working to update and improve our products, and your feedback is hugely appreciated.\xa0Tip:If your social networks are showing an old og:image and have not updated to your new image, click the relevant link for a solution: Facebook, Twitter, or LinkedIn."", ""lect Social share.\xa0\xa0\nClick Upload Image. Select an image or click + Upload Media to upload a new one. Click Add to Page. Publish your site.Did you know?You can also set the page's og:title and og:description from the Social share settings.Changing the og:image for a siteYou can also set one og:image for every page on your site to reinforce your brand, and provide a consistent sharing experience.\xa0To change the og:image for your whole site:\nOpen your site's settings. Click Website settings. Scroll down to General social image and click Upload Image. Select an image or click + Upload Media to upload a new one. Click Choose File to add it. Click Save at the top of the dashboard. Publish your site.FAQsSelect a question to learn more about og:images.Do my images need to be a specific size? Og:im"", 'Wix Editor: Changing Your Og:Image\nChoose which thumbnail image to display when sharing your site on Facebook, X or other social networks. You can set a different og:image for each page of your site, or one image for the whole site.In this article, learn more about:\xa0\nChanging the og:image for a page Changing the og:image for a site Frequently asked questions (FAQs)Changing the og:image for a pageSet a unique og:image for each page or an individual page on your site. Make each page stand out from the rest and create a tailored social sharing experience.\xa0To change the og:image for an individual page:\nClick Pages & Menu \xa0 on the left Editor menu. Click the relevant page. Click More Actions . Select Social share.\xa0\xa0\nClick Upload Image. Select an image or click + Upload Media to upload a new one']",29.371764659881592
I received a manual payment from the pay button and I am unable to see the payment history.,"Unfortunately, I don't have enough information to provide a specific answer. The context doesn't mention how to view or access payment history after manually entering a customer's credit or debit card details through the ""Charge card manually"" process. I don't know.","['ck the\xa0Collect Payment. Select Manual card entry. Enter the card details and tap Next. Tap Confirm & Pay.', ""ayment from your client, you do not receive this amount as a Wix POS payout.To process other payment types:\nTap\xa0Other. Enter a short note documenting how the customer paid you (e.g. Venmo payment).\nNote: The note appears in customer's receipts and in the Sales History tab in the tablet. Tap Record Payment. (Optional) Do one or more of the following:\n    \nTap\xa0Print Receipt.\xa0 Tap\xa0Email Receipt, enter the email address if prompted, and tap Send.\xa0 Tap Text Receipt, enter the number, including country code, and tap Text Receipt. Tap Add a Note: Enter an internal note (not visible to your customer) and tap Save.   Tap Done.Notes:\xa0\nTo read notes and view receipts, go to your Sales History.\xa0 Learn how to enable text receipts.FAQsWe are here to answer all of your questions. Click a question below t"", "" date toggle.\xa0Click the Expiration date field to select the relevant expiration date.\xa0 Customize the pay link's Button color, Button text and Link image using the design options available.\xa0   Click Create Link.\xa0 Choose how you want to send the pay link to your customer:\n    \nCopy link: Click to copy the pay link URL to your computer's clipboard to send to your client later.\xa0 Send Link: Click to email the pay link directly to the email address provided by the client.\xa0 Get QR code: Click to generate a QR code to send to your client.\n\n  Charge card manuallyYou can accept partial or complete payment for any unpaid order by manually entering your customer's credit or debit card details.\xa0This can come in handy when, for example, you accept an order by phone.Important:\xa0\nManual card entry is only ""]",18.37074327468872
How can I add a personalized name to my automated emails? I was advised to use dynamic values for this.,"To add a personalized name to your automated emails, follow these steps:

1. Click + Personalize under the subject line and/or preview text.
2. Select the value from the drop-down (e.g. contact last name, contact birthday, etc.)

Note that you can use dynamic values to personalize the email content, but for a specific personalized name, you would need to select a specific value from the dropdown options provided by Wix Automations.","['a available for the variable selected (e.g. add ""valued customer"" in case the customer\'s name is unknown). Click Add.\xa0      \nWhen you\'ve finished customizing your email, click Save & Continue/Publish at the top right. (Optional) Click the More Actions drop-down and select Preview & test to generate a preview and send yourself a test version.\nClick\xa0Activate\xa0or Save to activate or save your automation.FAQsHere are some common questions about customizing automated emails:What is personalized content?Also known as dynamic values or variables, personalized content are pieces of code that display different information to each user based on their data. It can show your contacts personalized text (e.g. their name) or information related to your business relationship (e.g. price quote number, produ', "" the dynamic value. Click\xa0+ Personalize under the subject line and/or preview text.\xa0 Select the value from the drop-down (e.g. contact last name, contact birthday, etc.) (Optional) Write a fallback text in the text box.FAQsClick a question to learn more about using dynamic values.What is an example of using personalized content in an email?Some common examples of personalized content include the recipient's name or address.\xa0For example, insert the content [Contact First Name] in the email text 'Thanks for subscribing [Contact First Name]' to personalize the text to the name of the recipient.What is fallback text?If data for the personalized content is not available, the fallback text you enter appears in its place.\xa0For example, if you include your recipient's first name in the email title,"", ""Wix Automations: Customizing Automated Emails\nThis article refers to the previous automation builder. If you're not seeing this version, read our article about the new version of the automation builder.When creating an automation that sends an email, you can customize the email being sent. Write and design your email template, and send it from your preferred email address so recipients know who to reply to. Add dynamic values, for example to address your recipients by name, so your emails feel personal.In this article, learn more about:\nCustomizing the sender details attached to your email Editing your email template Frequently asked questions (FAQs)Customizing the sender details attached to your emailWho do you want recipients to see as the sender of your emails? Use your business name so""]",24.040663957595825
How can I add delivery information to my product page?,"To add delivery information to your product page, follow these steps:

1. Go to Product > Add Delivery Area
2. Tap + Add a Delivery Area
3. Set the delivery area by selecting the relevant option from the drop-down menu:
   - Note: 'Draw on map' is only available on desktop.

You can also set the radius and distance you're able to deliver to, but this step is not specified in the provided context.","[""can include specific contact details you need, a checkbox, drop-down or multi-choice field.To add a custom form:\nClick Select next to Collect additional info at checkout. Click + Create Form. Drag and drop the form field onto the page.\xa0Customize a Thank You pageAdd a message you display to customers after they purchase one of your plans. The message also includes a button, which can lead to your site's home page or any other page.To add a custom form:\nClick Edit next to Customize a Thank You page. Enter a title for your Thank You page. Add the message you want this page to display.\nTip: You can add links to direct customers to additional products, services or plans that may interest them. Enter your Button text. Choose where the button directs customers to:\n    \nHome Page: When they click "", 'content. Click\xa0Save.Adding linksYou can add links that direct to pages containing additional info about your product or policies. For example, you may want to display basic shipping information in the info section and also provide a link to a page with detailed shipping information.Linking options:You can link to hidden or live pages in your site. You can also link to any external page.To add links to an info section:\nHighlight any text. Click the\xa0Link\xa0icon\xa0.\nEnter the URL you want to link to. Click\xa0OK.Adding an Info Section to multiple productsTo save time, you can add the same info section to multiple products at the same time. Simply select the relevant products and create the info section as you would for a single product.To add info sections to multiple products at once:\nGo to Product', ""te: These instructions appear at checkout, the thank you page, and in the confirmation email.   Tap Save.\n\nDeliveryYou can set multiple delivery areas, each with unique fees and times. Start by setting up where you deliver.\xa0Add a delivery area to allow customers to place orders for delivery.There are 2 methods you can use to define your delivery area. You can set a radius around the address you entered in your site's Business Info or select postal codes / zip codes to mark the area. When you're done, you can set up delivery hours and settings.\nTap + Add a Delivery Area.\xa0 Set the delivery area:\xa0\n    \nEnter the area name. Tap the Set area by drop-down and select the relevant option:\nNote: 'Draw on map' is only available on desktop.\n        \nRadius:\xa0Set the Distance you're able to deliver to.""]",24.177886962890625
I want to change the currency for my course.,"I don't know. The context only talks about changing the currency when selling digital prints and Wix Bookings, but it does not mention how to change the currency for a course.","[""ience can navigate and understand your content easily.To change your site's language:\nGo to Language & Region\xa0in your site's dashboard. Under\xa0Site Language, click the drop-down to select the default language people see on your site, emails and notifications. \nNote: If you have a multilingual site, click Go to Wix Multilingual to manage site languages.\xa0Setting your regional formatSetting the regional format changes how dates, numbers, and measurements appear on your site.To change your regional format:\nGo to Language & Region\xa0in your site's dashboard. Under\xa0Regional Format, click the drop-down to select your preferred region.\nNote: If you have a multilingual site, click Go to Wix Multilingual to manage regional formats.Changing your currencyChoosing the right currency for your site is cruci"", "" sell digital prints only. You also have the option to choose from over 20 different currencies when it comes to accepting payments for your digital prints.\xa0To change your currency when selling digital files only:\nGo to your site's dashboard. Click the Settings tab on the left. Click Language & region. Click the Currency drop-down and choose the currency you accept for payments and that people see on your site.\xa0 Click Got it.\xa0"", ""Wix Bookings: Changing Your Currency\nThe currency that you select in the General section of your dashboard settings is used for Wix Bookings and any other paid transactions connected to your site.\xa0\u200bTo change your currency:\nGo to the Language & Region section of your site's dashboard. Scroll down to Site Currency. Select a currency from the Currency drop-down.Tip:If your currency is missing from the list, click here to vote for additional currencies.""]",14.686272382736206
I want to change the header background to black when scrolling in Wix Editor.,"To change the header background color on scroll, follow these steps:

1. Select the header.
2. Click the Open Inspector icon at the top right of the editor.
3. Under Design, enable the Color while scrolling toggle.
4. Click the color box to choose a different color (in this case, black).
5. Optionally, drag the slider to change the opacity.

By doing so, your header background will turn black when you scroll down in Wix Editor.","['Wix Editor Request: Creating a Header that Shrinks as You Scroll Down\nCurrently, it is not possible to create a header which shrinks as you scroll down.We are always working to update and improve our products, and your feedback is greatly appreciated.', 'is brings even more attention to the header, ensuring visitors never miss it.Tip:This setting applies to every page where the header appears.To change the header background color on scroll:\nSelect the header. Click the\xa0Open Inspector\xa0icon\xa0\xa0at the top right of the editor.\nUnder Design, enable the Color while scrolling toggle. Click the color box to choose a different color. (Optional) Drag the slider to change the opacity.\xa0Removing a scroll effectYou can always remove a scroll effect that you previously added to the header.To remove a scroll effect:\nSelect the header. Click the\xa0Open Inspector\xa0icon\xa0\xa0at the top right of the editor.\nChoose what you want to disable:\n    \nScroll effect: Select the Scroll with site option from the drop-down. Color while scrolling: Disable the toggle to remove thi', ""Wix Editor: Customizing Your Site Header\nYour header is the section at the top of your website and usually contains your site’s menu and logo. As your header gives visitors their first impression of your site, we recommend that you customize it so that it's in keeping with your brand and site's aesthetic.Choose the design and scroll effect for your header, and set the size and borders to make a bold impression on your visitors. \xa0The elements inside your header are automatically shown on all pages that your header appears on.\xa0In this article, learn more about:\nChanging your header's design Using an image as your header Resizing the header Adding a scroll effect to your headerChanging your header's designYou can change your header's design to suit your site. Select a design from a variety of""]",20.822213172912598
I want to create a custom sign-up form that links to the members area on my site.,"To create a custom sign-up form that links to the members area on your site, follow these steps:

1. Go to your editor and click Pages on the left side of the Editor.
2. Click Signup & Login.
3. Click Member Signup Form (Default).
4. Select Custom Form from the Which member signup form do your visitors see? drop-down menu.
5. Click Edit Custom Signup form to get started.

This will allow you to customize the sign-up form to match your site's design and link it to your members area.","['Site Members: Customizing the Member Signup Form\nThe member signup form lets your site visitors register to become members of your site. The default form matches the design of your site, but you can design your signup form from scratch by using a custom form. Learn more about the different types of member signup forms.Important:\nYou must have a\xa0Members Area\xa0on your site to create a custom signup form. Currently, it is not possible to add social logins to a custom signup form. However, you can add them to the default signup form.\xa0Step 1 | Add a custom signup formThe Members Area app comes with a default signup form. To start using a custom form, head over to the Pages panel in your editor.\xa0Wix EditorStudio Editor\nClick Pages & Menu \xa0on the left side of the editor. Click Signup & Login. Chan', ""Site Members: Creating a Custom Login Form For Your Member's Area\nThe Member Login window allows existing members to log back in to your site. Customize this form to make it your own: Change the colors, tailor the fields to your needs and add the option to log in through Google or Facebook.To create a custom login in form:\nClick the Pages icon \xa0on the left side of the Editor. Click Signup & Login. Click Member Login Form. Click the drop-down menu and select Custom Form. Select which option your members should see first in the login form:\n    \nNew member signup: The signup window appears first. Existing members see a link to switch to the login window. Existing member login: The login window appears first. New members see a link to switch to the signup window.   Click Edit Custom Log In For"", ' side of the editor. Click Signup & Login. Click Member Signup Form (Default).\nCustomize the settings available on the General, Social & Community and Policies tabs.TipLearn more about customizing your Member Signup Form settings.\nGo to your editor. Click\xa0Pages\xa0\xa0on the left side of the Editor. Click\xa0Signup (Default).\nCustomize the settings available on the General, Social & Community and Policies tabs.TipLearn more about customizing your Member Signup Form settings.Want to create your own customized signup form?Select Custom Form from the Which member signup form do your visitors see? drop-down, then click Edit Custom Signup form to get started. Learn more about custom signup forms']",26.021622896194458
I want to customize a booking form.,"To customize a booking form, follow these steps:

1. Go to Booking Form in the Settings tab of your site's dashboard.
2. Choose what you want to customize by clicking on the relevant options.
3. Customize the layout and design of your booking form to make the process as smooth as possible for your clients.

Let me know if I can assist further!","['ling and color scheme for each text box in your form. Button: Customize the color, border width, opacity and hover color for the buttons in your form.\xa0\n  Text\nClick Text and edit the relevant text fields on your form using the available options.\nNote: Click Form, and then Booking Form to add or edit form fields.\n\n\nGo to your editor. Go to your Booking form page:\n    \nClick Pages \xa0on the left side of the editor. Click the Booking form page under Bookings Pages.   Click the Booking form element on your page. Click Settings.\xa0 Choose what you want to customize:\xa0LayoutClick Layout and customize the title alignment and spacing.Display\nClick Display and choose from the following options:\n    \nShow video conferencing badge: Enable the toggle\xa0to show that you offer your services online. Default pay', ""lt booking form to all your services, you can create a custom booking form for individual services. \xa0Before you begin:Learn more about creating custom fields for your form if you require more detailed or specific information from your clients before they attend your services.To setup a custom form for a service:\nGo to Bookings Form in your site's dashboard. Create a new service or edit an existing one. Scroll down to the bottom and click the Expand icon \xa0next to Additional Settings. Click Custom booking form. \xa0 Give the custom form a title.\xa0 Add or remove the relevant fields for the service. Click Save Form.Step 3 | Customize the design of your formsYou can customize the layout, display design and text of your booking forms to suit your site and your brand. Keeping the design and layout as"", ""ow that you offer services online. Click the field under the checkbox to edit the text that appears on your video conferencing badge.\xa0   Button Text:\n        \nClick the relevant text to edit the Book online button and the Request booking button.    3. Click Publish to make the changes live on your site.\xa0Step 4 | Customize your Booking FormLearn important information about your clients when they book services with your Booking Form. For example, you can request allergy or injury details, so you can provide even better service.\xa0Customize the layout and design of your booking form to make the process as smooth as possible for your clients.\xa0To customize your form:\nGo to Booking Form in the Settings tab of your site's dashboard.\xa0 Choose what you want to customize:\xa0\n    \nForm Page Title & Subtit""]",22.79324698448181
I want to delete other payment methods and keep Square as my only payment processor.,"To delete other payment methods and keep Square as your only payment processor, you can:

1. Go to Accept Payments in your site's dashboard
2. Click Manage next to the relevant payment method (e.g. 2CheckOut, PayU)
3. Click Disconnect Account
4. Begin your Accepting Payments setup again","['all the payment methods:\n    \nClick Manage Account under the relevant payment method. Click Disconnect Account.   Begin your Accepting Payments setup again, remembering to enter your current business location.', 'Request: Allowing Customers to Save Credit Card Details (Square, 2CheckOut, PayU)\nCurrently, most of our payment providers allow your customers to save their credit card details for future payments. This option is not available to customers if you’re using:\nSquare 2CheckOut PayUYou can change your payment provider to one that does support this option. See what payment providers are available in your region.We are always working to update and improve our products, and your feedback is greatly appreciated.', ""Enabling or Disabling a Payment Method on Your Checkout\nIf you need to enable or disable one of your payment methods (e.g. credit card, Apple Pay) on your checkout, you can do so at any time without having to disconnect your account. You can reverse the process just as easily by following the same steps.To enable or disable a payment method:\nGo to Accept Payments\xa0in your site's dashboard. Click Manage next to the relevant payment method. Click the toggle to enable or disable the payment method.\nConfirm your choice.""]",15.723824262619019
I want to enable customers to personalize shirts on my website by adding their name. I need guidance on adding a custom text field to the product page for this purpose.,"To add a custom text field to your Product Page for personalizing shirts with customer names, follow these steps:

1. Go to Products in your site's dashboard.
2. Select the relevant product or click New Product to add a new one.
3. Scroll down and click Add Custom Text Field.
4. Enter the title of the text field (e.g., ""What is your name?"").
5. Enter the character limit for the text field (depending on how much space you want customers to have to input their names).
6. Select or deselect the Mandatory field checkbox:
   - Selected: The customer must fill in the text field.
   - Deselected: The customer can leave it blank.

That's it! With this custom text field added, your customers will be able to add their name when purchasing a personalized shirt on your website.","[""Wix Stores: Allowing Customers to Add a Message When Purchasing a Product\nAdd a custom text box to your Product Page so that your customers can leave you a message when they purchase a specific product.\xa0This could be used to add personalization options to products, or for adding gift wrap options.\xa0To add a custom text field to your Product Page:\nGo to Products\xa0in your site's dashboard. Select the relevant product or click New Product to add a new one. Scroll down and click Add Custom Text Field. Enter the title of the text field (e.g. What name should we engrave?). Enter the character limit for the text field. Select or deselect the Mandatory field checkbox:\n    \nSelected: The customer must fill in the text field. Deselected: The customer can leave it blank.   (Optional) Click Add Another "", 'code for your custom element must acknowledge and handle the defined attributes. Otherwise, they won\'t function properly.Custom Element ExampleBelow is an example of adding a basic custom element to your site. The instructions explain how to add ""Hello World"" text to your site.First, you need to create and code the element and its behavior in a JavaScript file.\xa0Show me how\nSet up, or get access to, a server for your custom element. If you host externally on your own server, you will need to connect the custom element to the server URL when adding the custom element.\n    \nIf you are hosting locally, you can use HTTP. \xa0 If you are hosting on an external server you must use HTTPS. Click here to learn how to get started hosting an external server. \nNote: If you are using Velo and want to host ', 'ons.\xa0Tip:You can also add a message box so customers can add custom text.We are always working to update and improve our products, and your feedback is greatly appreciated.']",28.672720432281494
I want to know how to add a subscribe form to my site.,"To add a subscribe form to your site, follow these steps:

1. Go to your editor.
2. Click Add Elements on the left side of the editor.
3. Scroll down to the Subscribe section and drag a form onto your site.

Alternatively, you can also create a standalone form by clicking Create Standalone Form in the Old Forms tab.","[""e form to your site to easily build your mailing list. Everyone who signs up using the form is automatically added to your contact list with a 'Subscriber' label, so you can send them newsletters and updates.You can add a subscribe form to your page, or to the footer of your site.Learn how to add a subscribe form to a page\nClick Add on the top bar inside ADI. Click Section to Page. Click Subscribe. Select the layout you want to use.Learn how to add a subscribe form to your site's footerIf you add a form to your footer, it appears on all pages of your site.\nClick the footer in the ADI builder. Select the checkbox next to Subscribe on the left.Tip: Learn how to manage your subscribersAdding other types of formsAs well as a contact or subscribe form, you can choose from several ready made for"", ""Wix Forms: Adding and Setting Up a Subscribe Form\nBuild your mailing list with a subscribe form. Subscribe forms allow site visitors to sign up for your newsletter, special offers, business updates or more. Once they fill out the form they are automatically added to your contact list with a 'Subscriber' label.\xa0You can also add a 'subscribe to mailing list' form field to any standalone form. Send the unique URL to potential subscribers rather than directing them to your site.To add a subscribe form to your site:New FormsOld Forms\nGo to your editor. Click\xa0Add Elements\xa0\xa0on the left side of the editor. Click Contact & Forms. Scroll down to the Subscribe section and drag a form onto your site.\nClick Settings. Customize your subscribe form settings using the available options:LayoutDrag the slid"", ""n your site's dashboard. Click the Old Forms tab. Choose what you want to do: Create Website Form or Create Standalone Form.""]",18.271010160446167
I want to know how to add or mark a certain item as low in stock in my Wix shoe store.,"To add or mark an item as low in stock, go to your site's dashboard, then select the relevant product. Scroll down to the Inventory & Shipping section and click the Track inventory toggle to enable it. Enter the amount of the product in the Inventory field and ensure the checkbox next to Low stock message is selected in the Product Page settings (in the Settings tab) for that specific item variant.","['Encourage shoppers to purchase products that will soon be out of stock by adding a low stock message on the Product Page. Once your inventory for a specific item dips below 10, the message automatically appears.To display a low stock indication, go to the Product Page settings in the Editor and in the Settings tab, and make sure the checkbox next to Low stock message is selected.Note:This feature is relevant for products for which you track specific inventory amounts. \xa0Want to learn more?Check out the full Wix Learn course on getting started with Wix eCommerce. \xa0', "" blue variant, small, blue variant). Learn more about product options.To manage inventory for individual variants:\nGo to your site in the\xa0Wix app. Tap\xa0Manage\xa0\xa0at the bottom. Tap Store Products,\xa0or tap\xa0Catalog\xa0and select\xa0Store Products. Tap to select the relevant product. Choose what you want to do next:Manage inventory automatically for this product's variants\nEnable the Track Inventory by Variant toggle.\n\nNote: If already enabled, tap Manage Inventory. Enable the Track Inventory toggle.\n Tap the first variant. Enter the stock quantity of the variant. (Optional) Add an SKU (stock keeping) number:\n    \nEnter the number manually. Click the Barcode Scanner iconand scan the product's barcode.   (Optional) Enter the variant weight. (Optional) Enter a positive or negative amount to increase or d"", 'each item. Select a product and enter the current inventory number for that product, or mark it as ""In \xa0Stock"" or ""Out of Stock"".Note:To learn how to set inventory for product options, click here.To set how you manage your inventory:\nGo to Store Products in your site\'s dashboard. Select the relevant product or click New Product to add a new one. Scroll down to the Inventory & Shipping section.\nSelect an option:\n    \nTrack inventory\n\nClick the Track Inventory toggle to enable it. Enter the amount of the product in the Inventory field. (Optional) Enter an SKU.\nTip: You can enter SKUs by scanning barcodes using the Wix app on your mobile device. Learn how (Optional) Enter a weight.\nTip: Used for shipping by weight.\xa0   Do not track inventory:\xa0\n        \nClick the Track Inventory toggle to disab']",22.035401821136475
I want to know how to do tests with orders in Wix Stores.,"To test with orders in Wix Stores, you can log in to your site's Members Area and select a store product. This will allow you to run through the checkout process without it being available to customers.","[""Previewing the Checkout Process\nImportant:Placing a test order is possible only with Wix Stores or Wix Restaurants Orders (New).You can preview the checkout process before you launch your online store. This lets you view what customers will see when they make a purchase.In this article, learn more about:\nPreviewing the checkout process FAQsPreviewing the checkout processBefore you go ahead and make a test purchase, set up your site in a way that allows you to run through checkout without it being available to customers. Then, you can test the process by logging in to your site's Members Area and selecting a store product.\xa0Notes:\nOnly the site owner can preview the checkout process, not site Admins or people with other roles & permissions. It's not currently possible to preview the checkout"", ""g up a mobile point of sale.Step 7 | Handling store ordersAfter members start making purchases, it's time to handle the incoming store orders. This can include adding a tracking number, marking the order as paid and fulfilled, and shipping the order. \xa0To handle store orders:\nGo to your site in the\xa0Wix app. Tap\xa0Sales.\xa0 Tap\xa0Orders. Tap the relevant order. Handle the order.Want to learn more?Check out the full course on Wix Learn about selling custom merchandise.\xa0"", 'Wix Stores: Managing Your Orders from the Wix App\nProcess your store orders directly from your phone using the Wix app. You can add tracking numbers, mark an order as fulfilled or paid, contact your customers, and more.In this article, learn more about:\nAccessing your orders Marking an order as ""Paid"" or ""Fulfilled"" Adding tracking numbers Printing packing slips Additional options for your orders Updating multiple orders at onceAccessing your ordersView and manage all your store orders directly from your mobile using the Wix app.\xa0To access your orders:\nGo to your site in the\xa0Wix app. Tap\xa0Manage\xa0\xa0at the bottom. Tap\xa0Orders\xa0under\xa0Sales. (Optional) Use the search function to find a specific order using the customer\'s name or order number, or tap the Filter icon  to view specific order types (e']",18.215917348861694
"I want to know more about the ""Right Click Protect App"" to prevent visitors from copying my website content.","The Right Click Protect App does not provide protection for certain actions, such as:

- Copying images through the print screen function or accessing them through your site's source code.
- Copying text using Ctrl+C.
- Preventing visitors from viewing copyrighted content, but it will display a message informing them that the content is copyrighted.

However, you can still add the Right Click Protect App to your website and edit the message displayed through the settings. To do this, follow the steps provided in the context.","["" informationPlease read through the following important information regarding the Right Click Protect app:\nCurrently, it is not possible\xa0to choose which site pages are protected with the Right Click Protect app. If this is something you'd like to see in the future, vote for that feature. The Right Click Protect app's message is visible on your mobile site, however, right-click download protection itself is currently not supported on mobile devices. If you have added the app more than once to your site, you will need to delete each instance of it separately. This app does not provide 100% protection as visitors can still use the print screen function to copy an image, or access the images through your site's source code (if they know how). The app does not protect against left click, meanin"", ""ough your site's source code (if they know how). The app does not protect against left click, meaning that visitors can highlight text and then use ctrl + C to copy. If this is something you'd like to see in the future, vote for that feature. This app does not provide protection for third-party apps, embedded HTML content, embedded websites, or the Wix Stores product gallery."", ""licks your content, they'll see a message informing them that the content is copyrighted.\xa0You can add it to your site through the App Market, and edit the message that is displayed through the settings.\xa0Important:The Right Click Protect app does not prevent visitors using Ctrl+C to copy your content. Vote for this optionTo add the Right Click Protect app:Wix EditorStudio Editor\nGo to your editor. Click Add Apps \xa0on the left side of the editor. Search for the Right Click Protect app in the search bar. Click Add to Site. (Optional) Click Settings to edit the message shown.\xa0\nGo to your editor. Click App Market \xa0on the left side of the editor. Click App Market. Search for the Right Click Protect app in the search bar. Click Add to Site. (Optional) Click Settings to edit the message shown.\xa0\nGo ""]",22.68423843383789
I want to know where to find Marketing Integrations in my sites dashboard to connect tools like Google Tag Manager and Google Analytics.,"Unfortunately, I don't have enough information to provide a specific answer about locating Marketing Integrations in your site's dashboard. However, it seems that you're looking for ways to add apps that aren't displayed in the Marketing Integrations section, such as Google Tag Manager and Google Analytics.

You can learn more about adding these apps through alternative methods, such as:

* Using Google Tag Manager Custom code
* Developing a Velo application
* Integrating apps with Google Tag Manager
* Adding apps using custom code

I recommend checking out the provided links in the context for more information on how to achieve this.","["" looking for?If there are apps you'd like to add which aren't displayed in Marketing Integrations, there are alternative ways to add them. Learn more"", ""Adding Apps that are Not Available in Marketing Integrations\nWix Marketing Integrations Tool allows you to add apps such as Google Analytics and Facebook Pixel to your site. If there are apps you'd like to add which aren't displayed in Marketing Integrations or Wix App Market, there are alternative ways to add them.Learn about adding apps using:\nGoogle Tag Manager Custom code Velo development platformIntegrating apps with Google Tag ManagerWith Google Tag Manager, you can integrate many popular solutions, such as Crazy Egg, Hotjar, and Pinterest.\xa0Learn how to add Google Tag Manager to your siteIntegrate apps with custom codeMany popular applications provide a custom code snippet, which can be easily installed through your Wix dashboard.\xa0Learn moreWhen you get a code snippet from a third pa"", '-party service, including any liability arising from any personal data exchanged between you and such third-party.Before you begin:To use Marketing Integrations, you need to upgrade your site and connect a domain.In this article, learn more about:\nWix Marketing Integrations options Adding Marketing Integrations to your siteWix Marketing Integrations options Connect to a suite of pre-built tools designed to enhance your marketing effectiveness by gathering statistics, creating remarketing flows, and uploading your products and services to leading ecommerce platforms.You can choose from the following integrations to connect to your site:IntegrationWhat you can use it forWhy with Wix?Google AnalyticsDiscover where your visitors come from and what they do on your site.\xa0Track the number of visi']",22.15038824081421
I need help processing a refund for a recurring payment made by one of my customers through Wix Payments.,"To issue a refund, go to Payments in your site's dashboard. Click on the payment to refund, then click Refund. Enter the amount to refund and any note (if needed), then click Refund.","[""Refunding Your Customers with Third Party Payment Providers\nIssuing refunds to your customers can be done at Wix using a select number of supported payment providers, including Wix Payments.Some payment providers don't support refunds through Wix. If that's the case, you'll need to you'll need to issue the refund directly through their platform.\xa0In this article, learn about:\nRefunding supported payment providers Refunding unsupported payment providers Frequently asked questions (FAQs)Refunding a payment at WixIssuing refunds to your customers can be done if that payment has been made through a supported payment provider. If the option to refund does not appear next to the relevant payment, you'll have to issue the refund directly through your payment provider.\xa0To issue a refund:\nGo to Paym"", ""ou'll have to issue the refund directly through your payment provider.\xa0To issue a refund:\nGo to Payments in your sites dashboard. Click on the payment to refund. Click\xa0Refund.\xa0\nEnter the amount to refund and a note (if needed). Click\xa0Refund.\xa0Refunding a payment outside of WixFor some payment providers, refunds cannot be processed through the Wix dashboard. Instead, you must complete the refund through your provider's dashboard. Contact your payment provider to learn more about issuing refunds through them.\xa0Note:\nRefunds may be subject to processing fees charged by the payment provider You'll need to check with your provider for information on topics such as refund deadlines and refund proofFAQsTo learn more about issuing refunds, click the questions below.What steps can I take for cancelli"", ""status Payment method details: The payment provider and credit card details Order details: Description of the order and shipping information Customer info: The name, email address and phone number your customer provided during the checkout processDownloading a CSV file of your paymentsIf you need a CSV file, you can click the\xa0Download icon  to instantly download your payment report.Manual (offline) paymentsIf you're receiving payments using the manual (offline) method, you must mark them as paid before they appear in your payments page.You can manually mark the following payments as paid:\nStore orders in Wix Stores Services in Wix BookingsFAQsClick the questions below to learn more about accepting payments.How do I refund a customer?If your payment provider supports refunds made through Wi""]",19.08018136024475
I want to switch my current domain on premium to a new domain because my other business is closing down and theres no revenue. I have purchased the new domain but havent added it to my Wix account yet. I need to know if my current subscription can be easily changed to the new domain once I set it up on Wix.,"I don't know. The context doesn't mention how to transfer a 'premium' domain name from another registrar (e.g., your current domain host) to Wix. Option 2 only talks about canceling autorenewal and waiting for the domain to expire, or transferring a site with premium services, but it doesn't cover changing the subscription on a 'premium' domain that's currently being held by another registrar.","[""e transfer process may take up to 7 days.Option 1. Transfer your domain to another domain host\nGo to the Domains page in your account. Click the Show More icon \xa0next to the relevant domain. Select Transfer Away from Wix.\n Click Transfer Domain. Click I Still Want to Transfer.Note: As soon as you click\xa0I Still Want to Transfer, we’ll send a transfer authorization code (EPP code) to your domain's\xa0registrant contact email address.\xa0Once you get the code, follow the instructions from your new domain provider to transfer your domain.\xa0Learn more about about transferring your domain away from Wix.Option 2. Turn off auto-renewal and wait for domain to expire\nGo to Premium Subscriptions in your Wix account. Click the Show More icon  next to the relevant domain. Click Cancel Domain. Select Cancel aut"", ""can't be transferred, go to the\xa0Premium Subscriptions section of your account\xa0and unassign it before transferring to your site.\xa0To transfer your premium site and services:\nGo to your site's dashboard. Click the Site Actions icon  at the top of the page. Click Transfer Site.\nEnter the recipient's email address. Fill out the Transfer Ownership form (here you can select the additional services you want to transfer). Click Next. Review and confirm the transfer details and click Transfer Ownership.\xa0Option 3 | Transfer your domain onlyYou also have the option to transfer your Wix domain without transferring a site. Either transfer your domain to another Wix account or away from Wix entirely.To transfer your domain:\nGo to Domains\xa0\ufeffin your Wix account. Click the Domain Actions icon\xa0\xa0next to the re"", ""rization code, and your current domain registrar has approved your transfer.\xa0I've recently changed my registrant information. Can I still transfer my domain?If you have recently changed your registrant information, your domain is locked from transfer for 60 days. While you can't transfer your domain during this period, you can still connect the domain to your site in the meantime. Learn more about ICANN's 60 Day Lock Policy.Can I transfer a 'premium' domain name to Wix?No, you cannot transfer 'premium' domains to your Wix account. Also, Wix does not sell premium domains. However, if you own a premium domain, you can connect the domain to your site.Note: A 'premium' domain is a domain name that other registrars deemed as high-value. These domains are often bought (and resold) by investors f""]",26.06089973449707
I want to take the home page of my copy site and make it the home page on my current site.,"To change the home page of your current site to the home page of your copy site, follow these steps:

1. Go to the Wix Editor.
2. Click Pages on the left side of the Editor.
3. Find the home page of your copy site and click it.
4. Click the Show More icon.
5. Click Set as Homepage.

This will set the home page of your copy site as the new home page for your current site.","["" paste pages as needed between your sites, as long as both are in the Wix Editor.\nClick Copy. Open the editor of the site you want to paste to. Paste the page by doing one of the following:\n    \nRight-click anywhere on the screen and select\xa0Paste. Right-click anywhere on the screen and select\xa0Paste & Apply Site Theme\xa0to apply the color and text themes of the target site.   Set the page as the site homepageClick Set as Homepage to make this your site's homepage.\xa0If you want to delete your current homepage, you must first set another page as the homepage. Then, you can delete the page that was used as your homepage.\xa0Hide the page from the menuClick Hide \xa0 to hide a page to keep it accessible for future use without displaying it in the site's navigation.Tip:\xa0To unhide, click the More Actions "", ""Wix Editor: Changing Your Site's Home Page\nSet a page as the home page of your site. The home page acts like the main page on your site and it is the page that your website address leads to.To change your site's home page:\nClick Pages  on the left side of the Editor. Click the relevant page. Click the Show More icon . Click Set as Homepage.Note:If you no longer wish this page to be your home page, you have to select a new home page."", 'a different page of your site as your home page.']",18.565001726150513
I want to transfer my domain to another host.,You can transfer a domain from its current host (or 'registrar') to Wix.,"[""te: If the site is currently connected to a different domain, choose an option:\n    \nRedirect it to the primary domain: Redirect your new domain to the site's existing primary domain. \xa0 Replace the current primary domain: Connect your new domain and disconnect the site's existing domain.\xa0   Click Assign."", 'n Actions\xa0icon\xa0\xa0next to the relevant domain. Select Transfer away from Wix.\nAfter reviewing the info about transferring your domain, click Transfer Domain.\xa0 Click I Still Want to Transfer.\xa0We’ll send a transfer authorization code (EPP code) to your domain\'s registrant contact email address.\xa0 Once you get the code, follow the instructions from your new domain host to transfer your domain.\xa0Tip:Once your new domain host enters the EPP code on their end to initiate the transfer, you can use whois.com to confirm it was initiated. Go to whois.com to check the status.\xa0Search for your domain, then check the Status field, which should show ""pending transfer"" if the transfer has been initiated.\xa0FAQsClick below for answers to common questions about transferring a domain away from Wix.What are ICANN\'s', ""from another host to Wix. You can\xa0transfer a domain\xa0from its current host (or 'registrar') to Wix. This option lets you\xa0manage not only your domain and DNS records at Wix, but also your contact information and your registration payments.\xa0\n""]",12.501454591751099
I want to unfreeze the header on my Wix site.,"To unfreeze your header, click on the More Actions icon next to your header, then select Header Scroll Settings, and finally uncheck the ""Freezes"" option.","[""Wix Editor: Fixing Your Menu to the Top of Your Site\nYou can set your header to remain on top of the page when your visitors scroll down. This allows your site visitors to easily access your site menu without scrolling back to the top.\xa0To create a fixed menu:\nPlace your menu in your header. Click the header. Click the More Actions icon . Click Header Scroll Settings. Select Freezes.\xa0Tips:\nWe recommend keeping the height of your header small so it doesn't cover any element or content when visitors scroll through your site. You can also pin your menu to the top of your site by right clicking on your menu and selecting Pin to Screen.\xa0Freezing keeps the header always visible at the top, while pinning fixes it at a specific point as you scroll. "", ""Wix Editor: Customizing Your Site Header\nYour header is the section at the top of your website and usually contains your site’s menu and logo. As your header gives visitors their first impression of your site, we recommend that you customize it so that it's in keeping with your brand and site's aesthetic.Choose the design and scroll effect for your header, and set the size and borders to make a bold impression on your visitors. \xa0The elements inside your header are automatically shown on all pages that your header appears on.\xa0In this article, learn more about:\nChanging your header's design Using an image as your header Resizing the header Adding a scroll effect to your headerChanging your header's designYou can change your header's design to suit your site. Select a design from a variety of"", ""ve a Wix Premium Plan. Advanced SEO in the Editor if you're using a free Wix site.Editing previously added header codesHeader codes added in the previous header tool cannot be edited. You can view them, and delete them in bulk if required.""]",15.185651063919067
I want to update the picture that appears when I share my website link with someone using my editor.,"To update the picture that appears when you share your website link with someone using your Editor, follow these steps:

1. Go to Settings in your site's dashboard.
2. Click Website Settings.
3. Scroll down to General social image.
4. Click Upload Image.

Note: If you want to replace the existing social image, click Update Image before selecting a new image.","[""Wix Editor: Updating the Og:Image on LinkedIn\nWhen sharing your site on LinkedIn, your og:image\xa0is displayed as well. If you see an incorrect image on your LinkedIn post, follow the steps below to update it.To update the share image on LinkedIn:\nSet an og:image for each page of your site you want to share from inside the Editor.\xa0 Log in to LinkedIn.\xa0 \xa0 \xa0 Go to the LinkedIn Post Inspector: https://www.linkedin.com/post-inspector/. Enter the URL of the page, article, or blog post that you want to share. The preview of your LinkedIn Post should now show the correct image.Important:\nLinkedIn uses its own criteria to choose the best title, description, and image for the pages that get shared on it. While it's likely that LinkedIn will use the information that you added in your Editor, it's not "", ""site's social tab. \xa0To customize the display image:\nGo to Settings\xa0in your site's dashboard. Click Website Settings. \xa0 Scroll down to General social image. Click Upload Image.\nNote: Click Update Image if you want to replace the existing social image.\xa0 Select an image or click Upload Media to upload a new one. Click Choose File.\xa0Step 2 | Edit the text that is displayed when you share a postLet people know what your post is about by customizing the text that appears when the post is shared on social media.For example, the screenshot below indicates your display text. This is made up of your site name, the name of your forum, and the category where you can find that post. It also contains a description of your post that gives people a sense of what your forum is about.\xa0To edit the display tex"", 'ick the Link iconon the left side. Paste the URL link and click Import.\xa0     (Optional) Select the file and click Add to Page to add it to your site.Adding an image to your siteAfter uploading your an image, you can easily add it to your site.As well as using your own images, you can also choose from a range of stock photos. Select a free, professional image from Wix or Unsplash, or purchase beautiful images from Shutterstock.To add an image:\nClick Add on the top bar of the Editor. Click Media. Do one of the following:\n    \nClick My Uploads to select an image you have uploaded. Click Single Images to add a free Wix or Unsplash image, or purchase a professional stock image.\n        \n(Optional) After selecting an image, click Change Image to choose a different image from the Media Manager.  ']",23.444579362869263
I would like to change my billing cycle from 2 years to monthly payments.,"If you select a yearly billing cycle and want to switch to a monthly cycle, it is not possible according to the context provided. The same applies if you choose a monthly cycle and try to switch to a yearly cycle. You can only change the payment day/date for active recurring pricing plans subscriptions that are currently in an ongoing cycle (not pending, free trial, or last subscription cycle).","['ment cycle it is not possible to change it. If you select a yearly billing cycle, you can not change to a monthly cycle, nor can you to change from a monthly cycle to a yearly billing cycle.', ' the\xa0relevant plan.\xa0 Click Change Billing Cycle.\nSelect your new billing cycle. Click Continue. Review your billing information and click Confirm.', 'curring subscriptions Changing the payment date for monthly recurring subscriptions Frequently asked questions (FAQs)Important information about changing payment datesIn some cases, due to the reduction or extension of the current cycle, you may need to adjust the payment amount of the last cycle. In these cases, you can issue credit or add an extra charge to the next subscription payment.\xa0You can change the payment day/date for active recurring Pricing Plans subscriptions only.\xa0You cannot change the payment date for recurring subscriptions whose status is pending, in a free trial or recurring subscriptions in their last subscription cycle.With all recurring plans, changing the payment date leads to either a shortening or to an extension of the current billing cycle and the subscription. F']",14.32248568534851
I would like to download the reports of my website visits from December 15 to January 15.,"To select your desired time range, follow these steps:

1. Tap Last 30 Days under Select a time period.
2. Instead of selecting the default ""Last 30 Days"", tap Custom to create a custom date range.
3. Set the start date to December 15 and the end date to January 15.

You can do this by tapping on each date field, allowing you to set the exact range you want for your report download.","[""Wix Analytics: Downloading & Subscribing to Wix Analytics Reports\nWix Analytics lets you download and subscribe to reports for easy access to your site's performance. Download reports to review your data offline and easily share it with others. Subscribe to reports to automatically receive report data without manually checking your dashboard.For example, if you run an online store, you can download sales reports to analyze your monthly performance and share them with your team. Subscribing to weekly traffic reports can help you stay on top of visitor trends and make timely decisions.You can find the All Reports page under Analytics in your site's dashboard.\n\n        View All Reports.\n    \n\n\n        Take me there\n      \n\n\nIn this article, learn more about:\nDownloading a report Subscribing t"", ""are automatically generated each month and are sent to sites with at least 30 sessions in the previous month. If a site didn't have at least 30 sessions, the report won't be generated for it that month.Can I preview what a report looks like?When selecting the recipients for a report, click the Preview report icon to view what the report looks like with the site's real data for the previous month. Sites that had more than 30 sessions in the previous month will display their actual site data, while sites with fewer than 30 sessions will show sample data.I'd like to select my client as a recipient for a report, but I can't find them. Why?Make sure that the recipient has access to analytics in their roles and permissions so that they can receive the report.\xa0Learn more about roles and permissio"", "" Select the relevant report. Choose what you want to do:Change report datesChange report dates to get the data you need for a certain time period. You can choose between preset time periods (e.g. Last 7 Days, Previous Month) or choose a custom date range (e.g. January 1, 2023 to March 15, 2024).\nTap Last 30 Days under Select a time period. Select a preset period or tap Custom to create a custom date range.\nTip: Tap More to see more preset options.Select a measureSelect the value by which you'll be measuring the data. For example, in a Traffic over Time report you can choose to view the number of site sessions or the average session duration.\nTap More. Under\xa0Select a Measure, tap the current measure displayed. Select a different measure from the drop-down.Group data by time periodGroup data""]",24.16445279121399
I would like to know how many options Wix offers per product.,"Wix currently allows you to create up to 100 option choices (e.g. Small, Large; Red, Blue; Cotton, Wool) for each product.","['Wix Stores Request: Additional Product Options and Variants\nCurrently, you can add up to six product options per product (e.g. Size, Color, Material).Update:It is now possible to create up to 100 option choices (e.g. Small, Large; Red, Blue; Cotton, Wool).If you want to display more options, as a workaround, you can display options as different products. For example, if you have a dress that comes in 10 colors, you could display it as two dresses, each with 5 color options.Tip:You can add a message box so your customers can add custom text to a product or make a special request.We are always working to update and improve our products, and your feedback is greatly appreciated.', 'Wix Stores: Adding and Customizing Product Options\nCreate product options so you can sell different versions of the same product. You can manage inventory for each variant separately, set different prices for different variants, make bulk changes and more.In this article, learn more about:\nCreating product options Displaying different images for each option choice Setting inventory preferences Setting different prices for variants Setting the cost of goods for variants Adding weights to variants Editing multiple variants at once Frequently Asked Questions (FAQ)\nCreating product options Before you create product options, make sure you understand the product option terminology.\nProduct Options:\xa0This refers to the type of option, for instance ""Color"". Product Option Choices: This term refers ', ""the product's base price (e.g. enter -5 to reduce the variant price by $5).\xa0 Edit Inventory: Enter an inventory amount (e.g. enter 20 to set the inventory amount to 20).\nTip: Go to the Inventory tab to do advanced bulk edits. Set Weight: Enter a weight.   Click Apply.\xa0What's next?\nUpdate your inventory whenever you get more merchandise.\xa0 Use the Wix app to scan barcodes. Click the Visibility icon  to hide any variants you don't want to display in your store.\n Check out the full Wix Learn course on getting started with Wix eCommerce. \xa0FAQsCan I create product options for any product?You can create product options for any physical product, but not for digital products.How many options, choices, and variants can I create?\nProduct Options: Each product can have up to 6 product options. Choices""]",18.673521041870117
I would like to know how many sites I can have.,"There is no limit to the number of sites you can have in your account. Your content is not automatically copied across to new sites. Site-specific features such as Apps, SEO Settings and Marketing Integrations are not transferred.","[""Wix Studio: CMS Limits on Free Sites\nIf you have joined the Wix Studio platform, free sites in your account now have higher CMS (Content Management System) limits before you upgrade. This allows you to continue building complex sites until they reach their free site CMS quotas or until you're ready to upgrade. The CMS limits you have after you upgrade depend on the type of Premium or Studio plan you choose.\xa0Free sites in your Wix Studio account now have a limitation of 10,000 total collection items.\xa0If my account is not in Wix Studio, what are the CMS limits for free sites? Your free site CMS quota is based on whether or not your Wix account is in the Wix Studio platform.\xa0If your account is in the Wix Studio platform, your free sites have the following CMS quota:\xa0\n10,000 collection itemsIf"", 'o get a whole new experience for your visitors.Important:Your site must be upgraded before you can assign a domain to it. Upgrade or reassign an existing Premium plan to your site before assigning your domain.\xa0Keep in mind:\nThere’s no limit to the number of sites you can have in your account. Your content is not automatically copied across to new sites. Site-specific features such as Apps, SEO Settings and Marketing Integrations are not transferred.', 'ded to open it.What upload limits are on tracks, albums and playlists? The upload limits are as follows:\xa0\nAlbum/ EP: You can have up to 100 albums with up to 30 tracks per album.\xa0 Single: You can have up to 100 singles with up to 5 tracks per single.\xa0 Playlist: You can have up to 100 playlists with up to 500 tracks per playlist.\xa0']",14.93892502784729
I would like to know how to set up a policy agreement checkbox during checkout in Wix Stores.,"To set up a policy agreement checkbox during checkout in Wix Stores, follow these steps:

1. Go to Checkout settings in your site's dashboard.
2. Click Policies.
3. Select the checkbox next to any policies you want to display.
4. Enter the policy text.
5. Click the Policy agreement checkbox toggle to enable it.
6. (Optional) Select the Checked by default checkbox if you want the agreement checked by default.

This will allow customers to agree to the selected policies before completing their checkout process.","['Wix Online Programs Request: Adding a Policy Checkbox to the Checkout Page\nCurrently, it is not possible to add a Policy (Terms & Conditions) checkbox to the Online Programs checkout.We are always working to update and improve our products, and your feedback is greatly appreciated.', ""to enable it. (Optional) Select the Checked by default checkbox if you want the agreement checked by default.  Displaying policies in your site's footerIn addition (or instead of ) displaying policies in the footer of the Checkout Page, you can display policies in the footer of regular site pages. To do so, you'll create a hidden page for each policy and link to those pages in the footer.Wix EditorStudio Editor\nFor each policy you want to display, add a new page to your site. Add the relevant information to each page you created.\xa0 Hide the policy page from your site menu.\xa0 Hide the policy pages from search engines. Add text with each policy name to your footer and link to the relevant page.\nFor each policy you want to display, add a new page to your site. Add the relevant information to ea"", ""ckout Page is where customers complete their orders. You have the option to add policies as clickable links in the footer of the Checkout Page.Additionally, you have the option of displaying these policies alongside an agreement checkbox, which customers must agree to, so they can finalize their checkout process.To display policies in the Checkout Page footer:\nGo to Checkout settings in your site's dashboard. Click Policies. Select the checkbox next to any policies you want to display.\nEnter the policy text.\nTip: For the custom policy, enter a policy name as well.\xa0 (Optional) Making it mandatory to agree to these policies to complete checkout:\n    \nClick the Policy agreement checkbox toggle to enable it. (Optional) Select the Checked by default checkbox if you want the agreement checked by""]",21.194606065750122
"I'd like to see what items my customers added to their cart, and how items were sold","To view which items your customers added to their cart, you can look at the ""Added to Cart"" sessions in the sales history. This will show you all the sessions where an item was added to the cart.

Additionally, if you want to see how many times a specific item was sold, you can search for that item in the sales history and look at the number of sessions with items added to cart for that product, as well as the sessions where the product was bought.","['product options (e.g. size: L, color: brown).Product gross salesProduct price multiplied by the quantity sold.Product refundThe amount of money refunded for the product.Product revenueGross sales minus discounts and refunds.Cost of goodsThe amount you spent to produce and sell these items. You can add this info in the product pricing section.Product gross profitGross sales minus cost of goods.Viewed productSessions where a visitor viewed a product.Added to cartSessions with an item added to cart.Reached checkoutSessions that reached the checkout page.Sessions convertedSessions where this product was bought.Product view rateThe percentage of sessions where a product was viewed, out of all site sessions.Add to cart rateThe percentage of sessions where a product was added to the cart, out of ', ""Wix Retail POS: Managing Your Sales History\nImportant:\nThis article is about Wix Retail POS tablet for brick & mortar businesses.\xa0 For info on using POS on a mobile device, click here.Access your sales history to view purchases made through your POS or online site. From here, you can retroactively assign a cart to a saved customer and provide receipts.In this article, learn how to:\nSearch for a specific sale Print, text, or email receipts Assign a sale to a saved customer Add a note to a sale Collect payment for a partially paid saleNote:The sales history in the point of sale automatically syncs with your desktop. This means that any sale made with Retail POS also appears in the Orders tab in your site's dashboard.Searching for a specific saleFind the transaction you need by entering relev"", 'n customers click the ""Add to Cart"" button, a small popup appears with a message that the item was added to the cart.\xa0Only the one item appears in the Success Pop-up.Open Side CartWhen clicked, the Side Cart opens at the side of the screen. You can choose which buttons you want to display at the bottom.Go to Cart pageYour customer goes directly to the Cart page and sees all the items they added to the cart. From here, customers can continue shopping or proceed to checkout.Stay on product pageWhen you select the \'Stay on product page\' option, the \'Add to Cart\' button texts briefly changes to a checkmark to indicate that the addition to the cart was successful.\xa0This may be a good option for your business if customers often buy multiples of the same item with different product options.Set up ']",23.034000396728516
I would like to know the cost of 1 business starter Google Workspace email.,"Unfortunately, I don't have that specific information in the provided context. The context only mentions the availability of Google Workspace plans and pricing information for purchasing additional business emails, but not the price for a single Business Starter plan. Therefore, my answer is:

I don't know.","[""er,\xa0Google does not allow access to some of its services in certain countries/regions, such as China, Crimea, Cuba, Iran, Myanmar, North Korea, Sudan and Syria. For more detailed information about Google Workspace availability, you can contact\xa0Google Workspace Support.\xa0How much does a business email cost? Business email prices depend on a few factors, including the Google Workspace plan you choose. Business emails are purchased separately from Premium plans or Studio plans.Note: You don't need an active upgrade plan to purchase a business email.Can I purchase more than one business email? You can purchase several emails for each domain, for example, info@mystunningwebsite.com and support@mystunningwebsite.com. If you have already purchased a Google Workspace email, you can also purchase ad"", ""Google Workspace Business Email Sale - Save 50%\nFrom time to time we offer a 50% sale on your connected domain's first Google Workspace business email purchase. When the sale is available, you will see a sale banner in your Wix account to let you know.\xa0Every Google Workspace business email includes:\n1 email address @ your domain. 30 GB of cloud storage per user. Access to a full suite of Google Workspace tools.Learn more about choosing a Google Workspace plan and purchasing a Google Workspace business email.Important Sale Information:\nThis promotional offer can only be used towards a domain's first business email purchase.\nHowever, if you purchase more than one business email in a single purchase, the discount applies to all business emails. This promotion applies only to yearly business e"", 'Google Workspace: Purchasing and Setting up a Business Email\nPurchase a personalized Google Workspace business email directly from Wix (e.g. yourname@mybusiness.org). This can make your business look more professional and trustworthy while also strengthening your brand.\xa0Important:The Google Workspace business email plans are not yet available in all regions.\xa0Step 1 | Purchase a Google Workspace business emailYou can choose how many emails you want to have and select a plan the meets your business needs. Wix offers 3 Google Workspace email plans for your to choose from: Business Starter, Business Standard and Business Plus. Learn more about the benefits of each option.\xa0Before you begin:To purchase a Google Workspace email, you must own a domain (from Wix or elsewhere) and connect it to your']",18.267316579818726
I would like to unpublish my site.,"To unpublish your site:

1. Access your Site Manager.
2. Click Unpublish.
3. Click Unpublish to confirm.","[""elect Unpublish in the dashboard window. Click Unpublish in the pop-up to confirm.\nGo to Settings in your site's dashboard. Click Website settings. Click Unpublish at the top of the page.\xa0 Click Unpublish in the pop-up to confirm.Republishing your siteYou can republish your site if you want to make it accessible to visitors again.\xa0To republish your site:\nGo to your site's editor. Click Publish at the top right. (Optional) Click\xa0View Site\xa0to be taken to your live site. Click\xa0Done.Note:If your site is unpublished for more than a few days, your SEO ranking may be affected.FAQsClick a question below to learn more about unpublishing your site.Can I hide my site without unpublishing it?Yes, you don't need to unpublish your site completely if you don't want it to be found in Google. You can simpl"", 'ADI: Unpublishing Your Site\nUnpublish your site at anytime. After you unpublish your site, it will no longer be accessible to site visitors.You can publish your site again at any time, however, if your site was unpublished for more than a few days, your SEO ranking may not be affected.\xa0To unpublish your site:Access your Site Manager.Click Unpublish.Click Unpublish to confirm.Tip:If you want your site to remain accessible to users with a direct link, but do not want it to appear in Google search results, you can hide your site from search engines. Click here to learn more. \xa0', ""Wix Editor: Unpublishing Your Site\nUnpublish your site if you no longer want it to be accessible to the public. You may wish to unpublish your site if you're taking it down for maintenance, redesign, or you simply no longer need it.\xa0After unpublishing, you'll still have access to your site's editor and you can publish it again at any time.Important:Unpublishing your site does not cancel your domain or Premium plan. Learn how to cancel your domain or plan.Unpublishing your siteYou can unpublish your site (either permanently or temporarily) from the editor or from your site's dashboard.Wix EditorDashboard\nOpen your site in the Wix Editor. Select Site in the top toolbar. Click Unpublish Site. Select Unpublish in the dashboard window. Click Unpublish in the pop-up to confirm.\nGo to Settings in""]",16.399967908859253
I would like to view my invoices.,"To view your invoices, go to Orders in your site's dashboard. Click the relevant order. Click the More Actions button. Select View Invoice.","[""ine, the order appears in the Orders tab.Viewing invoices you createdYou can view a specific invoice by going to the relevant order in the Orders tab and clicking View Invoice. You can also print the invoice, resend it by email, or share it as a link.Tip:To view a list of all your invoices, go to the Invoices tab\xa0in your site's dashboard.To view your invoices:\nGo to Orders in your site's dashboard. Click the relevant order. Click the More Actions button. Select View Invoice. (Optional) Share, print, or email the invoice using the links at the top."", ""ew of payments made, outstanding and overdue (within the time period selected). Below this, you'll see a list of all invoices you've created.Filter, search and sort to find the invoices you need. Each invoice will have a status attached:\nDraft: The invoice has been saved as a draft, but has not been sent to your customer. Sent: The invoice has been sent to your customer. Your customer can view and print the invoice. Viewed: The Viewed icon \xa0\ufeffappears if the invoice was opened by your customer. Hover over the icon for more information. Paid: The invoice was paid in full online, or you manually marked the invoice as paid. Partial: The invoice has been partially paid. Hover over Partial in the Status column for more information. In Process: Your customer has begun the payment process, but the "", 'to look for invoices by keywords.Need to export your invoice history? Click the Export button \xa0to export your billing history in CSV format. You can choose to export all invoices, or export a filtered CSV based on the More Filters or Search options.Note: You can download a maximum of 3,000 invoices per export. If your export exceeds this limit, try filtering your invoices by year.\xa0Getting an overview of a chargeYou can quickly retrieve helpful information on any charge within your Billing History.To check additional info about a charge:\nLocate the charge you wish to view. Click the More Actions icon . Click Additional information.\xa0Unable to find an invoiceIf you are unable to find an invoice, please keep in mind that:\nInvoices for domains transferred to Wix only appear in your account once']",16.764647722244263
"I'm attempting to redesign the product page of my Wix Store. I need guidance on customizing the layout, image display & button text.","For customizing the layout and image display, you can:

1. Change the layout: You can choose from various pre-designed layouts for your Product Page.
2. Image display: You can adjust the way images are displayed on your Product Page, such as switching between grid or single-image views.

However, it seems that adding a custom layout (other than the ones provided) is not yet available for product pages in Wix Stores.

For button text customization, you can:

1. Change the button text: You can customize the text of buttons on your Product Page.

Let me know if you need further assistance or guidance!","['Wix Stores Request: Additional Customization Options for the Product Page\nCurrently, you can make various customizations to the Product Page, including changing the layout, image display, button text, and more. You can also add a wishlist and social share icons. Learn more about customizing the Product Page.The following customizations are not yet available:\nAdditional layouts for product images Adding an expand or magnifying effect for images to every layout Customizing each Product Page element individually\xa0 Changing the background color of product options and quantity boxes Displaying a product ribbon on the Product Page Adding “Instagram” and “Share this product” to social share icons\xa0 Customizing the previous / next navigation linksWe are always working to update and improve our produ', ""Wix Stores: Designing Your Storefront\nNo matter what look you're going for, Wix Stores' lets you bring your design vision to life.Wix Stores is made of many different elements - from the Product Gallery where you display your products, to the Product Page, the Shopping Cart, and more. In each of these elements, almost all the fonts, colors, styles, and layouts can be customized.To get started, go to the element you want to customize, click it, and click the Settings icon .\xa0Want to learn more?Check out the full course in Wix Learn on building your store or skip to the last video on designing and publishing your store.Learn how to customize your:\nProduct galleries Product page Category page (not yet available for all) Product quick view Cart page Cart Icon Side Cart Thank You page"", ""Wix Stores: Customizing Your Product Page\nImportant:If you see these options when you click the Product Page in the Editor, you have the new version of the Product Page. Learn how to customize the new Product Page.\nThe Product Page is a dynamic page which displays detailed information about each of your products.The page's design is always the same, but the contents (product images and text) changes according to which product is displayed.\xa0Any customizations you make to the Product Page, such as changing the background color or button text, affect all products. Changes made to a product in the Store Products tab in your site's dashboard affect only that product.\xa0Note:\nNo need to add the Product Page. It's added automatically when you add Wix Stores. The Product Page cannot be deleted.Acces""]",24.797059059143066
How can I customize my wishlist page?,"According to Step 3 | Customizing the My Wishlist page, you can optionally add an ""Add to Cart"" button to make it easy for customers to make purchase on your My Wishlist page by clicking Add Wishlist.","['e available customizations.\nClick the Product Page in the Editor. Click Settings. Click the Wishlist tab. Click Add Wishlist.\nClick the Product Page in the editor again. Click Settings. Click the Wishlist tab. Customize the button using the available customizations.\nClick the Product Page in the Editor. Click the Plugins icon . Click Wishlist. Click Add.\nClick the Product Page in the Editor again. Click the Action Buttons. Click the Wishlist button. Click Design Wishlist Button. Customize the Add to Wishlist and Remove from Wishlist states using the available options.Step 3 | Customizing the My Wishlist pageThe My Wishlist page is where customers can view and keep track of their favorite products. You can optionally add an ""Add to Cart"" button to make it easy for customers to make purchase', ""list icon to add an item to their personal list.To get started, click Add Wishlist. The wishlist icon is added to the Product Page next to the Add to Cart button. A personal wishlist page appears in each customers personal Members Area.For complete instructions on adding and customizing the wishlist, click here.Customizing the Product Page designYou can customize the colors, fonts, button styles and more to create a look that suits your store's vibe. To get started, click the\xa0Design tab.Tip:Available customizations may vary depending on the layout and setting options you chose.Customize design options:Backgrounds & BordersSelect a color for each of the available options and drag the slider to change the opacity.Product Details\nAlign product details (e.g. product name) left, right, or cente"", 'oduct page under Store Pages.Step 2 | Adding and customizing the wishlist buttonNow you can add a wishlist to your Product Page so customers can keep track of their favorite products. Customize the wishlist icon to suit your site\'s design.\xa0Note:The wishlist icon appears next to the button you display in the Product Page ( the ""Add to Cart"" or ""Buy Now"" buttons). If you decide not to display either button, the wishlist icon turns into a button with text.Wix EditorEditor XStudio Editor\nClick the Product Page in the Editor. Click Settings. Click the Wishlist tab. Click Add Wishlist.\nClick the Product Page in the editor again. Click Settings. Click the Wishlist tab. Customize the button using the available customizations.\nClick the Product Page in the Editor. Click Settings. Click the Wishlist']",18.019648790359497
I'm interested in customizing the layout of my products in a grid gallery,"To customize a Grid Gallery, go to the page in the editor containing the gallery you want to customize. Click the gallery and then click the Settings icon . Choose which settings you want to customize: Choose which products are shown.","['ents \xa0on the left side of the editor. Click Store. Select the element you want to add.Grid Product GalleryThe Grid Product Gallery displays products in a grid layout. Add a gallery to any site page and then decide what to display: All of your products or one specific category. \xa0Next steps:Click the gallery and Choose Category, then select which category you want to display.\nSlider Product GalleryA slider gallery is the perfect way to show off your products. Customers can click the navigation arrows to view more.\xa0Tip:You can display up to 32 products in a Slider Gallery.Next steps:Click the gallery and Choose Category, then select which category you want to display.\nRelated Products Gallery/Best Seller GalleryShow your customers other products that might interest them. After adding this ele', 'k the gallery in the editor. Click Choose Category. Select an option:\n        \nDisplay all your products: Click All Products. Display one category: Click to select a category.    Next steps:Learn how to customize your Grid Gallery for desktop and for mobile.Adding a Slider Gallery & selecting a category to displayA Slider Gallery is the perfect way to show off your products. Customers can click the navigation arrows to view more products.\xa0Notes:\nYou can display up to 52 products in a Slider Gallery. You can customize the slider gallery to turn it into a Related Products \xa0or Best Sellers gallery.\xa0To add a Slider Gallery and select a category to display:Wix EditorStudio Editor\nGo to your editor. Go to the page to which you want to add a gallery. Click Add Elements on the left side of the edi', 'Wix Stores: Customizing Product Galleries\nProduct Galleries are a great way to showcase the products you offer. You can add a gallery to any site page and then decide what to display: All your products or one specific category.Choose between a Grid Gallery (a gallery with multiple rows) or a Slider Gallery that customers can scroll through.In this article, learn more about:\nCustomizing a Grid Gallery Customizing a Slider Gallery Customizing a gallery for mobileCustomizing a Grid GalleryCustomize Grid Galleries to get the right look and feel for your store.To customize a Grid Gallery:\nGo to the page in the editor containing the gallery you want to customize. Click the gallery and then click the Settings icon . Choose which settings you want to customize:Choose which products are shownClick ']",18.12953209877014
I'm a sole trader in the UK. What account type is best for me?,"For a sole trader in the UK, the recommended account type would be an Individual account, but if you haven't registered for a UTR (Unique Taxpayer Reference) or possess only a personal bank account, you can choose this option instead of submitting a UTR and business bank account details.","[""Wix Payments: The Difference Between Account Types\nWhile setting up your Wix Payments account, you're asked to select an account type depending on how you do business. Usually, this can be either an individual or a business account.\xa0There may be other account types available with specific requirements for your region, such as a sole proprietor in the United Kingdom, or a partnership in Austria. \xa0Selecting the correct account type will help you to manage your Wix Payments account in the best way for your business.\xa0In this article, learn about:\nIndividual accounts Business accounts Regional account types Differences between the account types Frequently asked questions (FAQs)Individual accountsChoose this account type if you're doing business as an individual. We recommend this option if you "", ' Payments account.\xa0Currently, regional differences apply to the following locations / account types:\nSole proprietor (United Kingdom): UK sole proprietors are required to submit a Unique Taxpayer Reference (UTR) number when setting up their Wix Payments account. Acceptable ID, business bank account details and a physical address are also required.\xa0 Sole proprietor (Italy): Sole proprietors in Italy are required to submit a codice fiscale number when setting up their Wix Payments account. Acceptable ID, bank account details and a physical address are also required.\xa0 Sole proprietor (Switzerland): Sole proprietors in Switzerland may submit a BID / UID number when setting up their Wix Payments account. Acceptable ID, bank account details and a physical address are also required. Partnership /', ""ration / EINNoYesYesYesYesYesYesBusiness descriptionYesYesYesYesYesYesYesAccount representativeNoYesNoYesNoYesYesOn occasion, we may require additional information and / or documentation to verify your account. If this applies to your account, we will contact you.FAQsClick the questions below to learn more about setting up a Wix Payments account.I'm the sole proprietor in the UK. Which account type should I choose?UK Sole proprietors are required to submit a Unique Taxpayer Reference (UTR) number as well as a business bank account when setting up their Wix Payments account. \nIf you haven't registered for a UTR, or possess only a personal bank account, you can choose an Individual account instead.\xa0I have a partnership in the UK. What business registration number am I required to submit?Part""]",19.433527946472168
Im encountering an error with Wix Payments regarding region or currency.,"It seems like your issue might be related to using a supported currency for your payment. As stated earlier, ""Be aware that payments will fail If you are using an unsupported currency."" If this is the case, it's recommended that you change your payment provider or contact them about supporting more currencies.","['that payments will fail If you are using an unsupported currency.\nThe currency used in your payment provider account must match the currency that you set in your Wix account. If you need to change the currency set in your provider account, please contact your payment provider.If your current payment provider does not support your desired currency, Wix hosts a wide range of alternative payment providers. Learn how to change your payment provider.What is a minimum payment amount?Some payment providers have a minimum payment threshold (e.g. $1.01). Payments below this amount will not be processed.Make sure that all of your products or services are priced over the minimum threshold. This includes discounted items or Pricing Plans.\xa0Please contact your payment provider to get the most up-to-date', 'are that payments will fail If you are using an unsupported currency.\nThe currency used in your payment provider account must match the currency that you set in your Wix account. If you need to change the currency set in your provider account, please contact your payment provider.If your current payment provider does not support your desired currency, Wix hosts a wide range of alternative payment providers. Learn how to change your payment provider.What is a minimum payment amount?Some payment providers have a minimum payment threshold (e.g. $1.01). Payments below this amount will not be processed.Make sure that all of your products or services are priced over the minimum threshold. This includes discounted items or Pricing Plans.\xa0Please contact your payment provider to get the most up-to-', 've payouts.Is my currency supported?Be aware that payments will fail If you are using an unsupported currency.\nThe currency used in your payment provider account must match the currency that you set in your Wix account. If you need to change the currency set in your provider account, please contact your payment provider.If your current payment provider does not support your desired currency, Wix hosts a wide range of alternative payment providers. Learn how to change your payment provider.Is my currency supported?Be aware that payments will fail If you are using an unsupported currency.\nThe currency used in your payment provider account must match the currency that you set in your Wix account. If you need to change the currency set in your provider account, please contact your payment prov']",19.53834843635559
Im encountering an issue with my payment settings on my unpublished website. The error message says that payouts are on hold.,"It seems like there's an issue with your payment settings on your unpublished website. Since you're not yet published, it's likely due to the fact that your site needs to be upgraded to a plan that supports payments in order to accept payments. This should resolve the ""payouts on hold"" error once your site is properly set up and published.","['s are placed on hold if there is an issue blocking your payout. Once the issue has been identified and resolved, the payout will be added to your next scheduled payout. Learn more about payouts on hold.', 'About Payouts on Hold\nPayouts are placed on hold if there is an issue blocking your payout. The held amount includes the payout on hold, plus any other available funds that cannot be sent to your bank because of the issue. Once the issue has been identified and resolved, the payout will be added to your next scheduled payout.\xa0Payouts are placed on hold if:\nYou have a failed payout. You have an unresolved verification issue.Click on the payout in your Wix Payments dashboard to see the reason for the payout failure and for instructions on how to resolve it. See example:Note:If you have grouped payment methods active in your Wix Payments account, your payouts on hold status applies to whichever group is experiencing an issue.', ' connecting your payment provider, you may be able to fix the issue by troubleshooting common connection issues.Do I need to upgrade my site to accept payments?Yes. You need to upgrade your site to a\xa0plan that supports payments\xa0in order to accept payments.\xa0']",14.813045740127563
"Im experiencing an issue with my website automation. Despite receiving form submissions, the trigger for my automation is not working. The automation is set to trigger immediately after the form submission.","Step 2 | Check your trigger and filter configurationSome triggers have filters (e.g., selecting a specific form on ‘Form Submitted’ trigger), and your automation might not be triggering since it's not passing the filter configuration.","[""hboard. Click the relevant automation and view statistics information in the panel on the right.Step 2 | Check your trigger and filter configurationSome triggers have filters (e.g., selecting a specific form on ‘Form Submitted’ trigger), and your automation might not be triggering since it's not passing the filter configuration.\nGo to Automations\xa0in your site's dashboard. Hover over the relevant automation and click the More Actions icon . Click Edit. Click on the trigger to see its settings and filters, making any updates necessary. Click\xa0Save. Step 3 | Check the delayWhen setting up your automation you might have set up a delay to make the automation wait before performing some actions. If you notice that some actions don’t execute when expected, go back and check that delay.\nGo to Autom"", ""than the contact's main/primary email.Contacts you hold only one email address for are not affected.If you're logged in and testing your form using multiple email addresses, your site will recognize that these are all from your login and will merge them under one contact. For this reason, the automation will not be delivering emails as you may expect.Step 1 | Check that the form was successfully submittedYou'll be able to see all submissions in your form's submissions table.Step 2 | Check that the right form is selected as part of your triggerIf you've set a specific form to trigger your automation (rather than any form), make sure you've selected the right form.Step 3 | Make sure there is an email/phone field in your formWhen your automation's trigger is Form submitted, and has Include tr"", ""on was set up correctly).Issues with Wix FormsStep 1 | Check that the form was successfully submittedYou'll be able to see all submissions in your form's submissions table.Step 2 | Check that the right trigger app is selectedYour trigger app should be Wix Forms, not Site Members or any other app.Step 3 | Check that the right form is selected as part of your triggerIf you've set a specific form to trigger your automation (rather than any form), make sure you've selected the right form.Step 4 | Make sure there is an email/phone field in your formIf your automation's trigger is Form submitted, the trigger is reliant on specific contact details to complete the action. If these contact details are missing, the action cannot be completed.Form requirements for automations:\nAction is Send an email""]",20.537060976028442
"Im experiencing trouble with the website editor. Theres a stray logo on the published version that doesnt show up in the editor, making it impossible to correct.","If you're experiencing trouble with the website editor and there's a stray logo on the published version that doesn't show up in the editor, try the following steps:

1. Click Publish in your editor to check if this is the reason for the differences.
2. Check your site history to locate the last saved version with the changes. You can restore your editor to the version with the changes if you've saved over them.

These steps should help resolve the issue and allow you to correct the stray logo in the published version of your website.","[""Wix Editor: Differences in Live Site and Editor\nYou may notice differences between your live site and the editor.\xa0In most cases, this occurs when you have saved changes in the editor but not yet published them. Make sure to click Publish in your editor to check if this is the reason for the differences.\xa0If you are still unable to see the changes on your live site, follow the steps below.Important:Make sure you're also using a supported browser. Outdated browsers such as Internet Explorer 10 may display rendering issues between your editor and the live site.\xa0Changes in the editor missing on the live siteIf you've made changes in your editor that do not appear on your live site:\nClick Publish in your editor, then check your live site to see if it has updated.\xa0 If you're receiving an error wh"", ""in your editor, then check your live site to see if it has updated.\xa0 If you're receiving an error when publishing, click here.\xa0 Follow the steps in the Wix Technical Assistant to resolve the issue.\xa0Changes on the live site missing in the EditorIf you notice changes that appear on your live site are missing in the editor:\nCheck your site history to locate the last saved version with the changes. You can restore your editor to the version with the changes if you've saved over them. Make sure you're checking the correct page in your editor that corresponds to the page on your live site with the differences. Learn how to find the URL of a specific page in your editor.\xa0 Follow the steps in the Wix Technical Assistant to resolve the issue.\xa0Other reasons for differences\nFont differences can occur"", 'he relevant account.\xa0Keep the tab with Editor X open. In a new tab, go to wix.com and sign in. You should then be able to continue editing your site.Still experiencing issues?Contact Customer Care with these details.']",22.95751166343689
"Im having trouble applying a 50% off coupon in Wix Stores. Its not applying the discount, and I need assistance with this issue.",I don't know.,"[""Wix Stores: Creating a Percentage Discount Coupon\nAttract customers to your site by offering a percentage discount (e.g. 30% off all rugs).\xa0In this article, learn more about:\nCreating a percentage discount coupon FAQsCreating a percentage discount couponOffer customers a percentage off all products, or apply it only to a particular product or category.To create a percentage discount coupon:\nGo to Coupons in your site's dashboard. Click + New Coupon. Select % Discount.\nEnter the coupon code customers need to enter.\xa0 Enter the name of the coupon.\nNote:\xa0This name appears in the cart page and your site's dashboard. Enter the percentage discount. Select an option from the Apply to drop-down:\n    \nAll products: Applies to all products (customers can apply it to multiple products). Specific produ"", 'Wix Stores: Creating Coupons Using the Wix App\nBoost your sales by creating coupons for your customers directly from the Wix app on your mobile device.In this article, learn more about:\nCreating store coupons FAQsCreating store coupons\nGo to your site in the\xa0Wix app. Tap\xa0Manage\xa0\xa0at the bottom. Scroll down to Marketing\xa0and tap\xa0Coupons. Tap Add a Coupon. Choose what you want to do:Create a $ Discount coupon (e.g. $10 off)\nTap $ Discount. Enter the amount that will be taken off the price and tap Next. Enter the coupon code.\nNote: This is the code customers enter. Enter the name of the coupon.\nNote: Appears in the cart page and dashboard. Tap Next.\xa0 Choose which orders the coupon applies to:\n    \nMinimum order subtotal: Apply the coupon only when the order reaches a minimum subtotal. Enter the', 'Wix Bookings: Creating Coupons Using the Wix App\nBoost your sales and keep clients happy by creating discount coupons they can use when booking services. You can offer a fixed amount coupon ($20 off) or a percentage discount coupon (20% off).Tip:If your site has Wix Stores and Wix Bookings, you can create coupons that can be used on products or services or both. Learn more about the 5 types of coupons available for Stores.To create a bookings coupon:\nGo to your site in the\xa0Wix app.\ufeff Tap the\xa0Manage\xa0icon . Tap Coupons under\xa0Marketing. Tap Add a Coupon. Select the discount type for your coupon:\n    \n$ Discount: Enter the amount that will be taken off the price. % Discount: Enter the percentage of the discount you want to offer.   Tap Next. Enter the coupon code your clients will enter to get ']",19.07096576690674
Im having trouble figuring out which PayPal account is connected to my site and where a payment went after connecting a second account.,"I don't know. The context only discusses switching between accounts, setting up new accounts, and verifying credentials, but it doesn't provide information on how to determine which PayPal account is currently connected to your site or track the location of a payment after connecting a second account.","["" to:\nView your provider credentials Switch your provider account Frequently asked questions (FAQs)Viewing your provider credentials\nGo to Accept Payments on your site's dashboard. Click Manage next to the payment provider / method you want to check. View your current provider credentials in the Account information section.\xa0Switching to a different account\nGo to Accept Payments on your site's dashboard. Click Manage next to the payment provider / method you want to change.\nFollow the relevant steps depending on your provider:\n    \nPayPal:\xa0\n\nEnter the email address of your desired account in the Account information section. Click Save.   Stripe:\xa0\n\nClick Change account. Enter your Stripe credentials and click Continue.   Other payment providers:\n        \nEnter the credentials of your desired "", ""ddress / account with PayPalPayPal automatically sends an email to confirm the address you've provided when setting up your account. If you haven't received this email, or are unsure whether you've already confirmed, go to PayPal to confirm your email address.\xa0Note: If you have misspelled or added an incorrect email, you need to confirm the correct email with PayPal and reconnect your account to Wix.Tip: You can get a clue of which email address you've used in the Accept Payments page. A partially visible email can be seen under PayPal once the provider is connected.\nMake sure the purchase amount meets the minimum payment thresholdSome payment providers have a minimum payment threshold (e.g. $1.01). Payments below this amount will not be processed.\nFor PayPal in the US, the threshold is $1"", ""from PayU Colombia when your account was approved:\n    \nApi Login Api Key Account Id Merchant Id   Click Connect. Contact PayU Colombia to enable API check for your account.Don't have an account\nClick Create PayU Colombia account. Follow the instructions in PayU Colombia's website to create an account. (After your account is approved) Go to your PayU Colombia account. Click Configuration. Click Technical Information. Copy the following account credentials:\n    \nApi Login Api Key Merchant Id   Go to the Accounts tab to copy your Account Id.\xa0 Go back to the Accept Payments tab (repeat steps 1-4) and follow the steps under Have an account to complete your account setup.\xa0FAQsClick a question below to learn more about accepting payments.How can I tell if a payment method is active?In order to a""]",21.70778727531433
Im having trouble finding the address section in the rooms of Wix Hotels. Can you help me with this?,"Unfortunately, I don't know. The context provided does not mention a specific issue or location for the ""address"" section within the room types in Wix Hotels. However, it does provide guidance on how to access the address section once it has been added. If you could provide more information about your problem or the exact steps you've tried so far, I may be able to help further.","['ation on the previous version of Wix Hotels, click here.\xa0\nStep 1 | Add Wix Hotels by HotelRunnerLet\'s start by adding Wix Hotels by HotelRunner to your site from the app market.\xa0Wix EditorStudio Editor\nGo to your editor. Click\xa0Add Apps\xa0\xa0on the left side of the editor. Search for the\xa0Wix Hotels \xa0app in the search bar. Click Add to Site\xa0below Wix Hotels by HotelRunner. Click Agree & Add. Click Go to Editor. Click Save\xa0at the top right.\nGo to your editor. Click\xa0App Market\xa0\xa0on the left side of the editor. Click\xa0App Market. Search for the\xa0Wix Hotels \xa0app in the search bar. Click Add to Site. Click Agree & Add.\xa0Step 2 | Set up the ""Book a Room"" page in your EditorNow you\'re inside your editor, on a newly-created page called Book a room. This is the page where your guests view the different rooms', 'up the Wix Hotels Channel Manager, click here.', ""lick the Edit icon for an existing room type or click Create New to add a new one.Scroll down to the Address section.Click the Show map location toggle to enable the address option.Enter the city, state and country of the property.Enter the street address of the property.Enter the zip code of the property.Click Save at the bottom of the page.Important:You can only add an address to a room after you've set up your hotel. If you're trying to add an address to your first room and you're unable to find the address section, add the room without the address and come back to add the address after setting up your hotel.Note:You can only connect one Channel Manager to a Wix site. If you are managing your business as multiple separate properties in other services, you can only connect to one of thes""]",20.40517234802246
"Im having trouble finding the arrows and the ""Change Slide Background"" option in a full-width slideshow on Wix.",I don't know.,"[""ation arrows in the Thumbnails, Slider, Slideshow and Column layouts. Customize the navigation arrows' position, color and size from the Design tab in the Settings panel.Wix EditorStudio Editor\nGo to your editor. Click the Pro Gallery element on your page.\xa0 Click Settings. Click the Design tab on the left. Click Navigation Arrows. \xa0Enable the Show navigation arrows toggle. Customize the arrows using the options:\n    \nArrow style: Click to select an arrow design, or click the Add icon \xa0to upload your own. Arrow background: Click the drop-down to select a Shadow, Box or no background.\n        \nShadow: Adds a slight shadow around the arrow. Box: Adds a box around the arrow. Click the color box to change the box color, and drag the relevant sliders to adjust its transparency and round its corn"", 'Wix Editor: Customizing the Design of Your Slideshow\nCustomize your slideshow so that it looks exactly how you want. You can select a different background for each slide and adjust specific features of the slides such as the border and corners.In this article, learn more about:\nChanging your slideshow background Customizing the design options of your slideshowChanging your slideshow backgroundChange the background of your slides by adding an image, video, color or gradient.Each slide can have a different background, so you can use each one to display different media or color themes, depending on your needs.To change the background of your slideshow:\nClick the slideshow in the editor. Click the arrows next to the slide number to navigate to the relevant slide. Click\xa0Change Slide Background.', 'Wix Editor Request: Vertical Scrolling for Slideshow Galleries\n\n Currently, you cannot change the arrows on slideshow galleries to scroll vertically.\n\n We are always working to update and improve our products, and your feedback is hugely appreciated.\n']",12.557591676712036
Im having trouble finding the payments section in my Wix dashboard to refund a recurring payment made through Wix Payments.,"You can find the Payments section in your site's dashboard by going to Payments, then selecting the payment to refund.","[""Request: Ability to Refund Orders Processed through Additional Payment Providers\nImportant:This feature request is relevant for Wix Stores, Wix Bookings, and Wix Restaurants Orders (New).Currently, it's possible to refund orders from your Wix dashboard only when the payment was processed through PayPal, Stripe, or Wix Payments.\xa0Note:If another payment provider was used, you can still refund your customers using the instructions here, but you need to complete part of the process outside the Wix dashboard.\xa0When you complete the steps, the order in the Orders tab is updated to show the refund.\nFrom which payment providers would you like to be able to provide refunds? Click here and submit a ticket with your suggestions.We are always working to update and improve our products, and your feedbac"", ""op or from the Wix app on your mobile device.DesktopWix app\nGo to Payments in your site's dashboard. Select the payment to refund. Click Refund.\n Enter the amount you wish to refund. (Optional) Add a note. Click Refund and confirm by clicking Yes, Refund. If you need to add funds to refund your customer:\n    \nClick Add Funds & Complete Refund to add funds to your account. Enter your credit / debit card details and click Add Funds & Complete Refund.  \nGo to Payments in the Wix app. Tap on the payment to refund. Tap Refund.\n (Optional) Tap the Note icon \xa0to add a note of the details of this refund and tap Save. Enter the amount to refund, and tap Issue Refund. Tap Issue Refund to confirm. If you need to add funds to refund your customer:\n    \nClick Add Funds & Complete Refund to add funds to"", ""ment.Notes:\nThis option only appears if you have a Wix Payments account in your Wix account. The Wix Payments account-level dashboard only provides information for your Wix Payments transactions. Any other transactions can be viewed from the Payments tab in your site's dashboard.To access your account dashboard from your Wix account:\nGo to Wix Payments Accounts. Click View on the Wix Payments enabled site account you wish to view. Select the information you want to view. Choose between:\n    \nPayments Payouts Settlement Report Account Details  ""]",16.7330482006073
Im having trouble resizing the gallery widget in the desktop editor.,"You're having trouble resizing the gallery widget in the desktop editor. To resolve this issue, try clicking on the relevant gallery and then click and drag the handles on the gallery's edges to resize it. If you're unable to resize your gallery using the stretch handles, check if it's already set to full width, as it may be a feature that can be disabled.","[""es\nClick the relevant gallery in your Editor. Click and drag the handles on the gallery's edges to resize it.\xa0Note:If you're unable to resize your gallery using the stretch handles, it's probably already set to full width. You can disable this option if needed.Stretching a gallery to full-width\nClick the gallery in the Editor. Click the Stretch icon . Click the Stretch to full width toggle:\xa0\n    \nEnabled: The element is stretched to the full width to fit your screen. Disabled: The element is not stretched to fit your screen.   (Optional) Drag the Margins slider to increase or decrease the space on either side of the gallery.Note:The margin limit for full-width galleries is 80 pixels.Aligning your gallery image textCertain galleries display image titles and / or descriptions to give your vi"", ""ector panelFrom the Inspector panel, you can adjust your gallery's size, position and behavior across breakpoints. These settings can help to ensure your gallery is responsive and looks great in every screen size.\xa0Making your gallery responsiveThere are many different ways to ensure your gallery is responsive to all screen sizes. Read below to choose the best method for your design needs.Check the gallery's size, docking and marginsYou can show the same gallery layout on all screen sizes. We recommend using a fluid measurement (e.g. %, vh, vw) to set the size of your Pro gallery, so it resizes automatically and in relation to your visitor's screen.\xa0Tip:It is not possible to adjust your gallery's height when:\nYour gallery is set to scroll vertically.\xa0 Your gallery is horizontal with a fixed"", 'Wix Editor Request: Resizing Your Gallery Text in the Mobile-Friendly View\nCurrently, you cannot change the size of the text on galleries in the mobile-friendly view.We are always working to update and improve our products, and your feedback is hugely appreciated.Note:If your image description is too long, it may overlap with your image in expand mode. In this case, we recommend shortening the description or switching to the Wix Pro Gallery.']",19.9734103679657
"Im having trouble updating the terms & conditions checkbox at checkout in Wix Stores. I confirmed that I have a ""Products"" section in my sites dashboard.","Unfortunately, it seems that you can't add a Policy (Terms & Conditions) checkbox to the Online Programs checkout in Wix Stores, as of now. However, I don't see any information on how to update or add a terms and conditions checkbox within your existing products in the Products section of your site's dashboard.","['Wix Online Programs Request: Adding a Policy Checkbox to the Checkout Page\nCurrently, it is not possible to add a Policy (Terms & Conditions) checkbox to the Online Programs checkout.We are always working to update and improve our products, and your feedback is greatly appreciated.', ""Wix Stores: Editing Multiple Products at the Same Time\nSave time by updating multiple products at once instead of editing them one by one. Bulk edits can be done in a number of different ways. Select the method that works best for you.In this article, learn how to:\nMake bulk updates in your site's dashboard Make bulk updates using a spreadsheet Make bulk changes to inventory\xa0Making bulk updates to products from your site's dashboardSave time by making a wide variety of changes right in the Store Products tab in your site's dashboard. You can change the base price, set a sale price, add the same info section and much more.To make bulk changes in your site's dashboard:\nGo to Store Products in your site's dashboard. Select the products you want to change:\n    \nAll products: Select the checkbo"", 'Wix Stores Request: Updating Store Inventory for Sales Using Boleto\nCurrently, it is not possible to update your Wix Stores inventory for sales that were paid via the Boleto payment method.We are always working to update and improve our products, and your feedback is greatly appreciated.']",15.300293445587158
"Im having trouble with a popup that says ""You cant order this plan at the moment"" on my Wix site. When I cancel the popup, I can see the plan with a ""buy"" button. I would like instructions on how to enable guest checkout for my pricing plans.","To enable guest checkout for your pricing plans, follow these steps:

1. Go to Settings in your site's dashboard.
2. Click Pricing Plans settings.
3. Click the Checkout tab at the top.
4. Enable the Guest Checkout toggle at the bottom.
5. Click Save.

By enabling guest checkout, you'll allow visitors to purchase your pricing plans without signing up or logging in to your website.","["" your site to gain access these plan benefits.\xa0To enable guest checkout:\nGo to Settings\xa0in your site's dashboard. Click Pricing Plans Settings. Click the Checkout tab at the top.\xa0 Enable the Guest Checkout toggle at the bottom to let people buy a plan without signing up or logging in to your website. Click Save.What's next?Why not create a coupon to promote your new plan? Click the More Actions icon \xa0next to your new plan in the Pricing Plans dashboard. Learn more about creating coupons for pricing plans.\xa0"", "", such as your services or products page or a landing page.\n        \nEnter the Page URL.    3. \xa0Click Save at the top to finish creating your plan.Step 5 | (Optional) Enable guest checkoutThe guest checkout option lets visitors buy a pricing plan without signing up or logging in. This is useful if your plans include offline benefits, or if clients don't want to register as site members. It's also a great way to attract new clients who aren't sure they want to commit right away.To enable guest checkout:\nGo to Settings\xa0in your site's dashboard. Click Pricing Plans settings. Click the Checkout tab at the top. Enable the Guest checkout toggle. Click Save.What's next?Why not create a coupon to promote your new plan? Click the More Actions icon \xa0next to your new plan in the Pricing Plans dashboa"", ""ey need to set up a password to join your site as a paid member, if they have not done so already.\xa0To manually add a plan that a client purchased:\nGo to your site in the\xa0Wix app. Tap\xa0Manage\xa0\xa0at the bottom.\xa0 Tap\xa0Pricing Plans under Catalog. Tap the More Actions icon \xa0at the top right.\xa0 Tap Sell a pricing plan. Select an existing client or add a new one:\xa0\n    \nSelect an existing client:\xa0Tap to select an existing client. \xa0 Add a new client:\n\nTap + Add New Contact at the bottom. Enter the new contact's details. Tap Save.     Select a plan and tap Next. (Optional) Tap the date next to Valid from to edit the start date. Tap Collect Payment. Select Mark as paid / Mark as unpaid and tap Next. Tap Confirm in the pop-up.Notes: \nYour clients can also purchase membership plans and packages themselves ""]",25.273349046707153
"Im having trouble with my site not being indexed by Google. Ive checked that my site is published and not password protected, but its still not being indexed.","I don't know. The context only provides steps to verify a site on Google Search Console, including checking the settings and publishing the site, but it does not provide any troubleshooting steps for issues with indexing that are not resolved by those checks.","[""ings under Tools and settings. Make sure the\xa0Let search engines index your site\xa0toggle is enabled.Note:The waiting period for your site to be indexed is determined by the search engines themselves and is the same for all websites (not just Wix sites).Make sure your homepage is not password protectedIf your site's homepage access is for members only or password protected, search engine bots won't be able to crawl and index it.\xa0You'll need to remove the password protection from your homepage before you can verify your site on Google Search Console.\xa0Learn how to remove password protection in the Wix Editor and Editor X.Check your Google Search Console account propertiesYou can have up to 1000 properties in your Google Search Console account. If you have more than 1000 properties, you'll need "", ""oogle Search Console, click Reconnect Now to re-authorize your account. \xa0Make sure that the site is publishedSearch engines can only index pages that you have published. Any pages that you add after the last time you published your site won't appear in search results.\xa0Make sure that your site is published before you try to verify it with Google Search Console.Check that search engines can index your siteYou can choose whether or not to allow search engines to index your site in your\xa0SEO Settings. It's important to let search engines index your site if you want to verify your site with Google Search Console.To let search engines index your site:\nGo to your SEO dashboard. Select Go to SEO Settings under Tools and settings. Make sure the\xa0Let search engines index your site\xa0toggle is enabled.No"", 'RLMake sure that you entered the URL of the page correctly when you submitted it for indexing.\xa0You should also make sure that it corresponds with an existing page on your site that doesn\'t return a 404 error message or 5xx error message.Step 2 | Make sure search engines can index your page and siteCheck your site\'s pages to make sure that search engines are not prevented from indexing them. In this case, the page would have a ""noindex"" tag in the code and Google will not include it in search results.Learn how to check if search engines can index your pages in:\nWix Editor Studio EditorYou should also check your site\'s settings to make sure that search engines can index it.Step 3 | Check if the page is password protectedMake sure that your page is not password protected. In this case, the pa']",20.901895761489868
"Im having trouble with the verification process for my Wix Payments account. Specifically, my documents arent being accepted.",I don't know.,"['et up my Wix Payments account?After submitting your details, you are required to go through a verification process.\xa0Can I switch between account types?How do I get help with the set up?Contact Wix Customer Care and we would be happy to assist.Video tutorialWatch the video below to learn more about setting up your Wix Payments account.\n', ""passed and you've verified the information is correct and matches your bank account details, contact Wix Customer Care. We will be happy to investigate this issue further.\xa0Business account\nMake sure you've written your personal and company information correctly.\xa0\n    \nYour first / middle / last name and your date of birth, must match those listed in your photo ID.\xa0  \nDouble check that you've entered your bank account number(s) correctly. Your company's name and its registration number/tax ID must match the company's registered information. Your Doing Business As name should match what appears on your customers' statements. Enter a physical address to verify your account. PO Boxes are not accepted as a valid address. Upload an address verification document, such as a utility bill, to confir"", ""Wix Payments Verification Process\nImportant:Wix Payments is not yet available to all users.You can start accepting payments on your site using Wix Payments almost immediately. However,\xa0 we need to verify your identity before your account can be fully activated.\xa0To verify your identity:\nFor an individual account: You must complete your Wix Payments account setup within the same country as your bank is located.\xa0 For a business account: The country where your company is registered must match the country where your company's bank is located. This must be the same country in which you complete your Wix Payments account setup. For a sole proprietor (United Kingdom): The country where your company is registered must match the country where your company's bank is located. This must be the same cou""]",12.35796332359314
What are the collection limits in Wix Store?,"The context mentions that collections, excluding those created by Wix apps, have a limit of 10,000 items. It does not specify whether there is an upper or lower limit for collections.","[""Wix Stores: Limits & Recommended Guidelines\nTo ensure that the Wix Stores platform remains stable and that your online store is usable and fast, Wix has set some limitations.Wix Stores platform limits:\nProducts: You can upload up to 50,000 products from the Wix Stores Dashboard manually or by CSV import. Product Options per Product: Each product can have up to 6 product options (e.g. color, size, material). Choices per Product Option: Each product option (e.g. size) can have up to 100 option choices (e.g. Green, Blue) Product Variants: You can create up to 1,000 variants per product.What happens if you exceed any of these limits?When you approach or exceed a limit, you'll first receive a notification in the Wix Stores Dashboard. When you exceed one of these limits, you’ll receive an error "", "" but you are unable to add more if they exceed the new quota.\n\nFor example, consider a free site with 10,000 collection items that you upgrade to a plan that includes 4,000 items. In this case, your items exceed the limit in the new plan. In order to add more items, you need to delete existing items until your item count is under 4,000, or upgrade to a plan with more items. We will not delete any items exceeding the limit, but you can't add more until you take action.Does the 10,000 collection item limit include Wix app collections?The 10,000 collection item limit specifically applies to collections you create. This means it does not extend to collections created by Wix apps. This limit offers plenty of room to develop your site, without impacting the available space for your apps, product"", ""Wix Stores Request: Minimum or Maximum Quantity of Products Required to Checkout\nWe're thrilled to announce that it's now possible to limit the sale of a specific item to a minimum quantity (e.g. minimum order is 6 unicorn mugs) and/or a maximum quantity (e.g. sale of unicorn mugs is limited to 1 per customer) using our Checkout Requirements app.\xa0Learn how to add and set up the Wix Checkout Requirements app.""]",16.883723735809326
"How do the payment processing fees for credit card, PayPal, and Apple Pay work in Canada?","I don't know. The provided context only mentions the payment processing fees for Apple Pay in Canada, which is 2.9% of the transaction amount + 0.30 CAD. It does not provide information on PayPal or credit card processing fees.","['m:\xa02.1% of the transaction amount + 0.20 GBP USA:\xa02.9% of the transaction amount + 0.30 USD Canada:\xa02.9% of the transaction amount + 0.30 CADNotesThe currency used in your Wix account must match the currency in your Wix Payments account.\xa0If the currencies do not match, the transactions may be declined.\xa0Learn how to change your currencyIn this article, learn about:\nAdding Apple Pay Frequently asked questions (FAQs)Adding Apple PayOn checkout, customers using Safari (on IOS and macOS devices) will see Apple Pay as an express checkout option. Because their accounts are linked to their Apple device, Apple Pay customers simply click and purchase, without having to enter card or shipping details. All this allows you to be paid swiftly, easily and safely.Apple Pay can be added to your site whethe', 't payment for the order, you can tap the Actions button at the top right and select any of the following:\nSave Cart: Save the cart so you can return to it later. Ship to customer: Add shipping to the order.\xa0 Attribute Sale to Team Member: Attribute the sale to someone other than the team member operating the POS.Step 5 | Accept payment and complete checkoutAccept cash payments or credit cards using your\xa0card reader. You can even accept payment from 2 or more payment methods (e.g. 2 credit cards). \xa0Notes:\nCard readers accept all major credit cards and payments made through the following payment apps: Apple Pay, Android Pay, Samsung Pay, VISA Paywave, MasterCard PayPass, AMEX ExpressPay and Discover D-PAS. Canadian merchants: Interac processing fees are $0.15 CAD. \xa0 You can hide payment opti', ""d payments, standard Wix Payments processing fees apply. For example, if you issue a £100 refund to your customer, the original processing fee of £2.10 (2.1%) + £0.20 for that customer's purchase will not be paid back to your Wix Payments account. No additional refund fees will be charged Chargeback fees: If you receive a chargeback in your Wix Payments account, you may incur a chargeback fee of 15.00 GBP. Exceptions may apply.Canada\nCredit/Debit Card (excl. American Express): 2.9% of the transaction amount + 0.30 CAD Apple Pay (excl. American Express): 2.9% of the transaction amount + 0.30 CAD Google Pay (excl. American Express): 2.9% of the transaction amount + 0.30 CAD American Express Credit Card (incl. use with Apple Pay & Google Pay): 3.5% of the transaction amount + 0.30 CAD Wix Pay""]",21.18332552909851
What is the pricing for email marketing on Wix?,I don't know. The provided context only discusses using Wix Email Marketing for free and does not mention pricing plans or costs associated with using Wix Email Marketing.,"[""Email Marketing: Using Wix Email Marketing for Free\nImportant:This article refers to the email marketing plans. If you have an existing Ascend by Wix plan, your monthly balance is still determined by the number of campaigns you send a month. Learn more about your balance if you are an existing Ascend by Wix customer.Note:Website premium plans do not include email marketing advanced features. If you want access to more email marketing tools, upgrade your marketing email plan.Create and send email campaigns for free, using ready-to-go templates or designs you've created from scratch. Using Wix Email Marketing for free includes:\nDrag and drop editor to easily create and edit your email templates. Designer-made templates to engage your recipients. Automated emails that are sent to the right re"", ""Wix Stores: Creating and Sending an Email Marketing Campaign\nSpread the word about your products and promotions! Wix Email Marketing allows you to send beautiful emails to your contacts.Choose one of our stunning email templates, select what you want to promote, and we'll get you started by automatically adding text and images. Edit the email to get it just the way you like it, or send it as is.\xa0\xa0Start by choosing what kind of campaign you want to create:Create an email marketing campaign for a product\nGo to Products in your site's dashboard. Click to select the product you want to promote. Click\xa0Promote this product on the right.\n Click\xa0Create Email Campaign.Create an email marketing campaign for a category, sale, or discount\nGo to Email Marketing on your site's dashboard. Select a templa"", ""Pricing Plans: Managing Notifications You Send and Receive\nImportant:The article below discusses the Wix subscriptions app, Pricing Plans. If you're looking for information about upgrading your site with Wix Premium plans, please check\xa0this article.The Pricing Plans app sends notifications to keep you and your clients informed about any updates. You can choose what notifications your clients receive and also set the notifications you (the site owner) receive and how you receive them: by email, dashboard notification, or desktop notification.In this article, learn more about:\nManaging the notifications you send to clients Managing the notifications you receiveManaging the notifications you send to clientsWhen you add the Pricing Plans app, it comes with 5 automated email notifications for y""]",16.533503532409668
Im inquiring about the duration for Wix payment verification for my account.,"The initial 30-day time frame to complete account setup and verification is required, after which if not completed, the account will be suspended. However, once the account is active, additional verification steps may still be necessary.","['e content. In some cases, we may need your cooperation in order to complete the verification process. From the time of the first transaction on your site, you have 30 days to complete your account setup or verification process. If you do not complete these processes within 30 days, your Wix Payments account will be suspended and you will not be able to accept payments through your site.\xa0ActiveYou have connected your Wix Payments account and your site is accepting payments. You are all set to receive weekly payouts to your bank account when applicable. \n\nNote: After your account is active, you may still be required to go through the verification process.\xa0SuspendedYou have not completed account setup or verification process within 30 days as required. You can reactivate your account by compl', ' government issued photo ID and a copy of your bank statement. These need to be uploaded to your Wix Payments Dashboard to verify your identity. This may take up to 7 business days.\xa0If you do not complete your account setup within 30 days, we will be required to suspend your Wix Payments account. Additionally, if you do not complete the setup within 60 days, any payment processed through Wix Payments will be refunded to your customers.For more information, see the Wix Payments, Adyen, Stripe United States and Stripe Canada Terms and Conditions for the following countries: Austria, Belgium, Canada, Finland, Germany, Ireland, Italy, Lithuania, Netherlands, Portugal, Spain, Switzerland, United Kingdom and the United States.\xa0Verification checklistIn addition to meeting the requirements below, ', ""Wix Payments: Receiving Your First Payout\nEvery payment you accept through Wix Payments must be processed and scheduled before we can send it to your bank account.Your first payout can only be scheduled once your Wix Payments account is successfully verified. After receiving your first payment, it's available for payout within an average of 7 days.You can see when your payout is scheduled to be sent directly from the Payouts area in your Wix Payments dashboard. Once sent, it can take between 3-5 business days for the payout to reach your bank account.For future payouts, you have the option to select a schedule (daily, weekly, monthly) that fits your needs.Notes:\nIncomplete Wix Payments account verification may delay the timing of your first payout. If you have multiple payment methods acti""]",15.398964405059814
Im inquiring about the refund policy for canceling my Premium Light account.,I don't know.,"[""Requesting a Refund for a Premium or Studio Plan\nWix offers a 14-day, money-back guarantee for new Premium or Studio site plans.\xa0If you purchased your site plan within the last 14 days, you're eligible for a full refund.\xa0Eligibility for a refundThe 14-day refund policy only applies to new Premium or Studio plans. The refund policy does not apply if:\nYou are requesting a refund for a plan renewal. You are requesting a refund for the upgrade of an existing plan.If you do not meet the requirements for the 14-day refund policy, but you believe you still deserve a refund, contact us and we'll review your request.\xa0Request process for a refundCancel your site plan within the first 14 days of purchasing it to receive a full refund. There's no need to submit a request, simply click the button below"", 'fund to close this message without refunding.  Individually paid sessions (with cancellation fee)\n(Optional) Tap the Apply cancellation fee checkbox to charge a cancellation fee. (Optional) Tap the Notify client with an email checkbox and add a message for your customer. Tap Cancel Session at the bottom of the screen. (Optional) Tap the Total fee to edit the cancellation fee. \xa0\nNote: You cannot charge more than the fee stated in the policy. Tap Confirm Fee & Continue. Tap the More Actions icon \xa0 at the top of the screen. Tap Issue refund.\xa0 (Optional) Tap\xa0Edit\xa0Amount\xa0to offer partial refunds.\n    \nEnter the relevant amount you want to refund. Tap\xa0Apply.   Tap\xa0Next. (Optional) Select the reason you provided a refund from the\xa0Refund Reason\xa0drop-down. (Optional) Notify your customer:\n    \nEnab', ""fee. \xa0\nNote: You cannot charge more than the fee stated in the policy Click Confirm Fee & Continue. Click View Order.\xa0 Click Issue refund.\xa0 Enter the refund details:\n    \nRefund amount: Enter the amount to refund your client. Reason for Refund (optional): Select a reason for this refund.\nNote:\xa0Your answer appears only in the order's activity section. Send a confirmation email to customer: Send your customer an email confirming the refund and amount.\xa0 Add a personal note in the email (optional) : Add a personal note to your customer\xa0   Click Continue. Click Mark as Refunded.\nNote:\xa0This cannot be undone.\xa0Sessions paid using a plan\n(Optional)Select the Apply cancellation fee checkbox to charge a cancellation fee. (Optional) Select the Send cancelation email checkbox and add a message for your""]",15.050121545791626
Im interested in finding a Wix Partner to help redesign and update my existing website.,You can find a suitable Wix Professional to help with the redesign and update of your existing website by submitting a project request on the Wix Marketplace. This will allow you to get matched with a certified freelancer or agency that fits your style and budget.,"['Hiring a Wix Professional\nHire a Wix Professional that fits your style and budget to create or enhance your web presence. Wix Professionals are certified freelancers and agencies that you can get matched with in the Wix Marketplace. You can submit a project request to get matched with a suitable Wix Professional or search for a specific freelancer or agency that meets your needs.Tell me more about the services offered by Wix ProfessionalsWix Professionals in the Wix Marketplace offer the following services:\nWeb Design: Get your Wix site looking exactly the way you want it by hiring a web designer.\xa0 Small Tasks: Get specific tasks on your website completed, such as connecting a domain, setting up business email, installing apps and more.\xa0 Online Store: Get an online store created to showcas', ""Getting Started with Wix\nWelcome to Wix - you’ve come to the right place. Whether you're a business owner, a creative professional, or someone looking to establish an online presence, Wix offers an intuitive website builder that empowers you to bring your vision to life.We offer so much more than just a beautiful website. Manage your entire business from your Wix account, including your contacts, products, services and sales. Promote your business using business emails, social posts and stay up-to-date with your site's analytics.Follow the steps below to get started on your Wix journey.Step 1 | Create a free accountWix is 100% free to sign up. You can create a fully functioning website and manage your business without needing to pay a cent. You can also create as many sites as you want in "", 'Wix Offices Around the World\nWix is a world class website builder - available in 17 languages - that lets you create the website you want. We have over 200 million users in 190 countries.Currently, Wix has over 5000 employees. We’re building stunning, professional and innovative features for your website and providing exceptional customer support.\xa0Find us all over the world!\nIsrael\xa0\n    \nTel Aviv Beer Sheba\xa0 Haifa   USA\n    \nNew York Miami\xa0 Los Angeles Denver\xa0 Phoenix Cedar Rapids   Lithuania\xa0\n    \nVilnius   Germany\xa0\n    \nBerlin\xa0   Brazil\xa0\n    \nSao Paulo\xa0   Ukraine\xa0\n    \nDnipro Kyiv Lviv   Ireland\n    \nDublin   India\n    \nNew Delhi   Canada\n    \nVancouver   Japan\n    \nTokyo   Poland\n    \nKrakow   UK\n    \nLondon   Singapore\n    \nSingapore  Learn more about us.']",18.763631105422974
Im looking to create an automation for a standard Wix form.,"To create an automation for a standard Wix form, go to Automations in your site's dashboard, click + New Automation, and then click Start from Scratch. You can also search for ""forms"" to use a suggested automation or explore additional templates or create one from scratch. Once you've set up the automation, you can choose actions such as sending emails, creating tasks, and more by clicking on the blue icon representing your new Wix Forms trigger.","['Wix Forms: Creating Automated Responses for Form Submissions\nCreate automations for each form submission on your site. Send ""thank you"" emails to your visitors who submit a form, create a new task for yourself or a team member, send a chat message and much more.Wix Forms automatically comes with recommended automations you can activate or customize to fit your needs.\xa0Note:When creating or editing an automation, you\'ll see 2 Wix Forms triggers. The blue icon represents the new Wix Forms; The red icon is for old Wix Forms. Learn about old and new Wix FormsTo create an automation for your form:New FormsOld Forms\nGo to Automations\xa0in your site\'s dashboard. \ufeffClick\xa0+ New Automation. Click\xa0+ Start from Scratch.\nNote:\xa0To use a suggested automation, search for a keyword (e.g. ""forms"") and select fr', 'e them using the options available to suit your needs.\xa0 Click Activate.\xa0Note: Alternatively, click Explore More Automations to see additional templates, or click Create your own to create one from scratch. Learn more about creating a new automation using Wix Automations.\xa0Tip:Click here to setup or edit your additional business information such as contact information, basic information, and the location of your business.', ""Wix Automations: Creating Automations for CMS Form Submissions\nUse Wix Automations to ensure that all submissions you receive from custom CMS (Content Management System) forms are handled appropriately. This automation works with any CMS forms created with input elements. Choose from a variety of actions such as running Velo code, sending data via webhooks, or connecting third-party apps such as Google Sheets and Zapier. You can also automate more basic actions like sending or receiving emails, creating or updating contacts, and more.\xa0Before you begin: \nMake sure to add the CMS to your site, if you haven't already.\xa0 Make sure to create a custom form with input elements that submit to a CMS collection.\xa0In this article, learn more about:\nCreating an automation for CMS custom form submissions""]",21.525302410125732
"I would like to know how to customize the content in automated emails for Wix Bookings (confirmation, cancellation and reminders for users)","To customize the content in automated emails for Wix Bookings, follow these steps:

1. Go to Booking Settings in your site's dashboard.
2. Click on Emails & SMS notifications.
3. Hover over the automation you want to customize (e.g. confirmation, cancellation, or reminder email).
4. Click Edit next to the automation.

In the automation editor, scroll down to Action 1 and click Manage details.
5. Click the More Actions icon and select ""Edit"" under Content.

This will allow you to customize the content of your automated emails for Wix Bookings.","['Wix Bookings Request: Customizing Emails to Clients Without Using Automations\nWe are excited to announce that you can now customize the content and design for outgoing emails (confirmation, cancelation, reminder). You can also now add email attachments.\xa0', "" welcome your guests.With Wix Hotels by HotelRunner, you can customize the following email templates:\nInformation email content: The first email guests receive after they make their initial booking. Modification email content: The email guests receive after they make any changes to their booking.\xa0 Cancelation email content: The email guests receive after they cancel their booking. Confirmation notification email content: The email guests receive after they confirm their reservation. This email can also be sent manually by your staff members if guests require additional confirmation or did not receive their initial confirmation email for any reason.\xa0To customize your automated emails:\nGo to Email Templates in your site's dashboard. Click Edit next to the email template you want to customize"", ""ur clients.\xa0Notes:\nYou can only customize or edit certain parts of the pre-installed email automations. This is to ensure uninterrupted delivery of important session information to your clients.\xa0 The main image in your automated emails is the same as the image you select when creating a service.\xa0 Learn more about customizing your automated Wix emails.\xa0To customize your outbound client emails:\nGo to Booking Settings\xa0in your site's dashboard. Click\xa0Emails & SMS notifications. Hover over the automation you want to customize.\xa0 Click Edit next to the automation.\xa0 (For reminder emails only) Click Edit next to Timing and adjust the timing of emails.\xa0 Scroll down to Action 1 and choose what you want to customize:Manage details\nClick Edit under Manage details.\xa0 Click the More Actions icon  and sele""]",20.63799548149109
"I would like to know how to customize the text in automated emails for Wix Bookings (confirmation, cancellation and reminders for users)","To customize the text in automated emails for Wix Bookings (confirmation, cancellation, and reminders), follow these steps:

1. Go to Booking Settings in your site's dashboard.
2. Click Emails & SMS notifications.
3. Hover over the automation you want to customize.
4. Click Edit next to the automation.

For reminder emails only, click Edit next to Timing and adjust the timing of emails.

5. Scroll down to Action 1 and choose ""Manage details"".
6. Click Edit under Manage details.
7. Click the More Actions icon .
8. Select the email template you want to customize (e.g., confirmation, cancellation, or reminder).

You can then customize the text in the selected automation by clicking on the ""More Actions"" icon next to the ""Text"" field and editing the content as desired.

Note: For customization options, refer to Wix Bookings Request: Customizing Emails to Clients Without Using Automations.","["" welcome your guests.With Wix Hotels by HotelRunner, you can customize the following email templates:\nInformation email content: The first email guests receive after they make their initial booking. Modification email content: The email guests receive after they make any changes to their booking.\xa0 Cancelation email content: The email guests receive after they cancel their booking. Confirmation notification email content: The email guests receive after they confirm their reservation. This email can also be sent manually by your staff members if guests require additional confirmation or did not receive their initial confirmation email for any reason.\xa0To customize your automated emails:\nGo to Email Templates in your site's dashboard. Click Edit next to the email template you want to customize"", ""ur clients.\xa0Notes:\nYou can only customize or edit certain parts of the pre-installed email automations. This is to ensure uninterrupted delivery of important session information to your clients.\xa0 The main image in your automated emails is the same as the image you select when creating a service.\xa0 Learn more about customizing your automated Wix emails.\xa0To customize your outbound client emails:\nGo to Booking Settings\xa0in your site's dashboard. Click\xa0Emails & SMS notifications. Hover over the automation you want to customize.\xa0 Click Edit next to the automation.\xa0 (For reminder emails only) Click Edit next to Timing and adjust the timing of emails.\xa0 Scroll down to Action 1 and choose what you want to customize:Manage details\nClick Edit under Manage details.\xa0 Click the More Actions icon  and sele"", 'Wix Bookings Request: Customizing Emails to Clients Without Using Automations\nWe are excited to announce that you can now customize the content and design for outgoing emails (confirmation, cancelation, reminder). You can also now add email attachments.\xa0']",27.415478229522705
Im looking to set up an option for free shipping when the customer buys more.,"To offer free shipping when a customer buys more, you need to create a ""Flat Rate"" rule and select it in the Shipping & fulfillment settings. Then, make one of your existing shipping options (e.g. Standard Shipping) free by setting its price to $0. This will allow customers to choose between multiple shipping options with different rates.","['offer free shipping on orders above a specific price:\n        \nTap to enable the Offer free Shipping toggle. Enter the price above which shipping is free and tap Done.\nNote: If you create additional shipping services (e.g. priority shipping), this checkbox must be selected and the amount specified to apply to each service. Tap Save.     (Optional) Create an additional delivery option (e.g. Express Shipping) by tapping + Add Delivery Option and following the instructions in step 5 above.\xa0 (Optional) Add a handling fee:\n    \nTap Add next to Handling Fee.\xa0 Enter the fee amount. Tap Save.\xa0   Tap Save. Tap Save again.Set up store pickupYou can set up store pickup (curbside pickup) as the only delivery option, or in addition to another shipping option, such as free shipping.\xa0To set store pickup ', 'Tips:\nTo offer multiple delivery options which include a free option, select a rule (e.g. Flat Rate) and make one of the options free (e.g. Standard Shipping at $0, Express Shipping at $8). You can display shipping options to your customers in the cart. Learn How\xa0', "" offer customers more than one option using the same type of shipping (e.g. Standard shipping at $5 and Express shipping at $8.). More on that in step 3 below.\xa0To set up a single shipping option:\nGo to the Shipping & fulfillment settings in your site's dashboard Click Edit Shipping Rule.  Select a rule from the drop-down:\xa0Free shippingThere is no shipping charge. Offering free shipping (at least locally) can be a selling point for customers. It also simplifies shipping for you and your customer. You can either absorb the shipping cost or add it onto your product prices.\xa0Flat RateYou charge the same shipping rate for all purchases. Suitable for stores that sell products of similar weight and price (e.g. a store that sells only t-shirts).\xa0Rate by WeightYou charge different shipping rates for""]",18.077656030654907
"Im not seeing a payment reflected in my Chase account from a payout through Wix. The payout status is fine, and it has been 4 days since it was sent.",I don't know.,"['Wix Payments: Failed Payout\nPayouts from Wix Payments are automatically transferred to your bank account on a daily, weekly, or monthly basis. \xa0When a payout does not reach your bank account, it appears in your Payouts dashboard as Failed. The payout - along with any other funds that have finished processing -\xa0 are then placed On Hold until the issue blocking your payout is identified and resolved. Once the issue is resolved, the funds will be included in your next scheduled payout.There are many reasons why a payout may fail, such as incorrect bank account details, or even your bank changing ownership. Click on the payout in your Wix Payments dashboard to see any known details about the failed transaction. You will be able to see the issue and we’ll provide you with instructions on how to', ' are decided by the credit card provider / bank, and not by Wix. Funds Transfer: If your account has a negative balance, Wix may claim back those funds once they become available. Or, if for any reason, Wix needs to make a positive adjustment in your account, these funds will be transferred to you.Transaction StatusesDepending on the type of transaction, the transaction may have one of the following statuses:\nPending: The transaction was approved, but the funds are not yet available for payout. Successful: The transaction was approved and the funds are available for payout. Pending Refund: The debit transaction (e.g. refund / chargeback) was approved, but the funds have not\xa0been debited from your account.\xa0 Refunded: The debit transaction (e.g. refund / chargeback) was approved and funds we', ""Wix Payments: Viewing Your Payouts\nView information about previous and upcoming payouts (transfers from Wix Payments to your bank account), as well as detailed information about each payment.It may take up to 3-5 business days for the funds to reach your bank account after being processed, depending on your financial institution.\xa0To view your payouts:\nGo to Payouts in your site's dashboard. (Optional) Click on a payout to see more details about that payout.Tips:\nLearn more about payouts. You can still access your Wix Payments dashboard, even if your Wix Payments account has been disconnected.""]",15.343987226486206
Im troubleshooting why my automated email isnt being sent after a form submission. Ive confirmed that Ive checked the automation statistics.,"You've already checked the automation statistics. Now, let's move on to the next step. Have you checked your trigger and filter configuration?","[""than the contact's main/primary email.Contacts you hold only one email address for are not affected.If you're logged in and testing your form using multiple email addresses, your site will recognize that these are all from your login and will merge them under one contact. For this reason, the automation will not be delivering emails as you may expect.Step 1 | Check that the form was successfully submittedYou'll be able to see all submissions in your form's submissions table.Step 2 | Check that the right form is selected as part of your triggerIf you've set a specific form to trigger your automation (rather than any form), make sure you've selected the right form.Step 3 | Make sure there is an email/phone field in your formWhen your automation's trigger is Form submitted, and has Include tr"", ""ta and manually add recipients to an email automation.Automation is triggering, but automated email isn't sentIf your site visitor hasn't received your email but the automation has been triggered, follow the steps below.Step 1 | Check automation statisticsCheck automation statistics to see if the email was sent.You only see unique recipients in automations statistics. If an automation is triggered for the same contact on more than one occasion, it counts as only being sent once.\nGo to Automations\xa0in your site's dashboard. Scroll down to the\xa0Your automations\xa0section. Hover over the relevant email automation and click the\xa0More Actions\xa0icon\xa0. Click\xa0View email stats\xa0to view your\xa0email marketing statistics.Step 2 | Check the spam folderWhen you set up an automation to send an email to your cont"", ""hboard. Click the relevant automation and view statistics information in the panel on the right.Step 2 | Check your trigger and filter configurationSome triggers have filters (e.g., selecting a specific form on ‘Form Submitted’ trigger), and your automation might not be triggering since it's not passing the filter configuration.\nGo to Automations\xa0in your site's dashboard. Hover over the relevant automation and click the More Actions icon . Click Edit. Click on the trigger to see its settings and filters, making any updates necessary. Click\xa0Save. Step 3 | Check the delayWhen setting up your automation you might have set up a delay to make the automation wait before performing some actions. If you notice that some actions don’t execute when expected, go back and check that delay.\nGo to Autom""]",17.834514141082764
"Im trying to add a hamburger menu to my desktop site in the Wix Editor, but its not listed.","I don't know. According to the context, hamburger menus are not available to add in the mobile Editor, and any you add on desktop are not transferred to the mobile version of your site, which means they should be present in the desktop Wix Editor.","[""Wix Editor: Adding and Setting Up a Hamburger Menu\nHamburger menus are menus that display a button on your live site. When visitors click the button, the menu opens in a container. This means they're a great way to let visitors browse your site without compromising on space or layout. \xa0You should know:Although the icons for hamburger and mobile site menus are similar, they are separate menus. Hamburger menus are not available to add in the mobile Editor, and any you add on desktop are not transferred to the mobile version of your site.Step 1 | Add a hamburger menu to your siteAdd a hamburger menu to your site to get started. There a variety of pre-designed options, so you can choose one that fits your site's theme and look.To add a hamburger menu:\nClick Add Elements  in the left side of th"", ""Wix Editor: Adding a Site Menu\nA site menu is an essential part of your website. Every site should have one so that your site visitors can navigate between your pages or sections.If you are using a template, your site already has a menu on it. Click the menu to customize it, or delete it and add a new one following the steps below.To add a site menu:\n \nGo to your editor. Click Add Elements \xa0on the left side of the editor. Click Menu & Anchor. Click a menu type:\n    \nMy Menus: If you've already added menus to your site, the styles you've chosen appear in this section so you can use them again. \xa0 Themed Menus: These menus have been handpicked to match your site. Horizontal Menus: A horizontal menu is usually placed in the header or footer of a site. Vertical Menus: A vertical menu can be pla"", ""Wix Editor: Finding Your Mobile Menu in the Mobile Editor\nWhen you create your website on desktop, your mobile site is automatically created for you with the same content and elements.If the desktop version of your site contains a menu, the menu is also automatically added to your mobile friendly site.In this article, learn more about:\xa0\nFinding the menu in the mobile editor Next stepsFinding your menu in the mobile editorIf you don't see the mobile menu inside your mobile editor, follow our recommendations below to rule out any potential reasons and find your menu. Click an option below to learn more.Check the menu iconIt is currently not possible to have more than one menu on your mobile site. If you have added multiple menus in the desktop editor, or have created a popup menu, it will au""]",22.79779076576233
"Im trying to connect my domain to the correct website on Wix. The domain is already added to my Wix account but for some reason, its attached to another website.","You can resolve this issue by following the steps:

1. Go to Domains in your Wix account.
2. Click the Domain Actions icon next to the relevant domain.
3. Choose an option:
    a) Redirect it to
4. Replace the current primary domain: Connect your domain and disconnect the site's current domain.

This should resolve the issue where your domain is attached to another website on Wix.","['ure DNS propagation, please make sure these options are not enabled before connecting your domain to a Wix site.\nStep 1 | Add the domain to your Wix accountBefore updating the DNS settings in your domain host account, you\'ll need to add the domain to your Wix account.\xa0To add your domain:\nGo to Domains\xa0\ufeffin your Wix account. Click Add an Existing Domain. Click Connect a domain you already own.\nSelect the site you want to connect your domain to and click Continue. Enter your domain name and click Let\'s Go. Click Yes, I own this domain under the search field.\xa0 Some domain providers support connecting your domain automatically. Depending on your provider, you may see different steps. Choose an option:\nNote: If a ""Start Transfer"" option appears, click connect your domain in the sentence below it', ""Connecting a Domain Purchased from Wix\nAfter purchasing a domain from Wix, you can connect it to any upgraded site in your account. Go to the Domains page in your account and assign your domain to the site you want to connect.\xa0Important:You must upgrade your site with a plan before you can assign a domain to it.To connect your Wix domain to your site:\nGo to Domains\xa0in your Wix account.\xa0 Click the relevant option below to learn how to assign your domain to your site:\xa0Assign a domain that is currently assigned to a different site\nClick the Domain Actions icon  next to the relevant domain. Click Assign to a different Site.\n Select the site you want to connect and click Next.\nNote: If the site you're connecting is currently connected to a different domain, choose an option:\n    \nRedirect it to"", ""ain that is already connected. \xa0 Replace the current primary domain: Connect your domain and disconnect the site's current domain.\xa0   Click Assign.Check your DNS recordsMake sure your domain has the correct Wix name servers in your domain host's account. You can do a DNS lookup to check which name servers are currently resolving for your domain. Click here to view your account-specific name server records.\xa0Check your domain's statusYour domain must have an active status in order to be connected to a site. To check the status of your domain:Go to whois.com.Enter your domain name in the search field and click WHOIS. Review the domain status and expiry date.\xa0Tip: Go to the URL displayed below Domain Status to learn about each status. Note: Contact your domain registrar if you need help ensuri""]",26.576531887054443
Im trying to set up events with my Meta Pixel for Wix Bookings. I need guidance on how to track events related to service views and bookings.,"To track events related to service views and bookings using your Meta Pixel for Wix Bookings, follow these steps:

1. Connect your site to the Meta pixel by going to the Facebook Ads Manager, clicking on ""Events Manager"", and then following the instructions.
2. In the Events Manager, you can view the events that are already being sent from your site, which include:
    * View Content: When a visitor views a service page.
    * Initiate Checkout: When a visitor clicks on the ""Book Now"" button.
    * Select Date: After the user selects a date for his service.
    * Add Payment Info: After the visitor added his payment information.
    * Purchase: When a visitor books a service and is taken to the ""Thank-you"" page.

To track only service views, make sure that you have View Content selected in the Events Manager. You can also use this feature to set up custom events for tracking other behaviors related to your services.","['Tracking Events in Wix Bookings Using Meta Pixel\nWix automatically sends events to Facebook about your Wix Bookings services on your site. Using the Meta pixel, you can track events on your site such as views and purchases for each service you offer. Connect your site\xa0to get started.\xa0The events you see in your Facebook account are:View Content: When a visitor views a service page.Initiate Checkout: When a visitor clicks on the ""Book Now"" button.Select Date: After the user selects a date for his service.Add Payment Info: After the visitor added his payment information.Purchase: When a visitor books a service and is taken to the ""Thank-you"" page.To see the event data in Facebook:Sign into your Facebook account.\xa0Click Ads Manager, located in the top left corner.\xa0Click Events Manager.', 'Using Google Analytics with Wix Bookings\nWix automatically sends events to Google Analytics about your Wix Bookings services on your site. Receive detailed data related to your services, such as customer behavior and popular booking times, to analyze key metrics and identify trends.What other events can I see on Google Analytics?The events you see in your Google Analytics account are:\nProduct Impression: When a visitor views a service you offer. Product Click: When a visitor clicks on a button or link that redirects to a service page. View Content: When a visitor views a service page. Initiate Checkout: When a visitor clicks on the ""Book Now"" button. Start Payment: When the visitor is asked to pay (but before he adds his payment information). Add Payment Info: After the visitor added his p', ""Wix Events: Understanding Wix Analytics Reports\nIn your Wix Events Analytics Reports you'll find insightful data about how guests RSVP to events, how your ticket orders change over time, and what your most popular events are. Use this information to identify trends, monitor sales, and improve future events.In this article, learn more about:\nThe types of Wix Events reports Frequently asked questions (FAQs)How to access your Wix Events reports:Go to All Reports in your site's dashboard and scroll down to the\xa0Events section.Types of Wix Events reportsUnderstanding the different types of Wix Events reports helps you gain insights into your event performance and attendee behavior. These reports provide data on ticket orders, RSVPs, and check-in rates over specified time periods, and more.Click ""]",35.07277774810791
"Im unable to access the Google Maps element in the footer of my Wix site. Im having trouble removing it, and I dont know where the overlapping items feature is located.","I don't know. The context doesn't mention the location or usage of the ""Overlapping Items"" feature for selecting elements behind other elements.","['Wix Editor: Viewing and Selecting Overlapping Elements\nIf you are having trouble selecting an element while editing your site, it is possible that it is placed behind another element. You can select these elements to mange, adjust, or customize them with both the Layers panel, and the right-click menu.In this article, learn more about:\nSelecting elements using the Layers panel Selecting elements using the right-click menuSelecting elements using the Layers panelThe Layers panel is a clear, organized way to view and select elements on your page. Depending on your page layout, the panel is divided into the header, main page, and footer, so you can quickly locate the element you want.To select elements from the Layers panel:\nGo to your editor. Click Layers\xa0\xa0on the bottom left of the editor. C', ""oter that's covering your element. Freezing a footer means that it's always visible as visitors scroll up and down the page.\xa0\nClick the footer in your Editor. Click the Settings icon . Check the Freeze Footer toggle:\n    \nEnabled: You can either disable this option or resize the footer so that it doesn't overlap with your element. Disabled: Try resizing the footer so that it doesn't overlap with your element.  Still having issues?Contact Wix Customer Care and we'll be happy to help solve the issue.\xa0"", 'Wix Editor: Unable to Select an Element\nIf you are unable to select or find an element in the editor, it is possible that it has been placed behind another element. Follow the steps below to locate and select your elements in the editor.Step 1 | Use the Layers panel to locate an elementIf an element is placed outside the editor gridlines or behind another element, you may not be able to see it on your screen. Use the Layers panel to locate the element on the page.To open the Layers panel and find elements:\nGo to your editor. Click the Layers icon  at the bottom of your editor. Click Header, Page or Footer. Find the relevant element on the list and click to select it.Step 2 | Use the Overlapping Items featureIf the element you want to select is behind another element, you can use the Overla']",17.20582866668701
I'd like to know how to customize the cart page on the mobile version of my site.,"To customize the cart page on the mobile version of your site, follow these steps:

1. Go to the Cart page in your editor.
2. Click the Cart Page element.
3. Click Settings.
4. Click the Mobile tab and select a placement option for the Checkout button (either top and bottom or just at the bottom).
5. Alternatively, you can switch to mobile mode using the Switch to mobile icon at the top of the editor, then click the Cart Page in the mobile Editor, and finally click Settings to customize the cart on mobile.

Note: You can also access additional customizations for the mobile breakpoint in the Studio Editor.","[""ick Settings. Click the Text tab.\xa0 Edit any of the text options. (Optional) Add a disclaimer: Enter a short message (max. 90 characters).\nTip: This message appears under the total in the order summary.Customizing the Cart Page on mobileDecide where you want to display the checkout button for customers viewing your site on mobile. Choose from just displaying it only at the bottom of the page or display it at both the top and the bottom.In the Studio Editor:Many customizations are available for the mobile breakpoint in the Studio Editor, however, it's not possible to select where to display the Checkout button.To customize the cart on mobile:\nClick the\xa0Switch to mobile\xa0icon\xa0\xa0at the top of the editor. Click the Cart Page in the mobile Editor.\xa0 Click Settings. Select a placement option for the"", ""Customizing the Cart Page\nImportant:This article is relevant for Wix Stores, Wix Bookings, and Wix Restaurants Orders (New).Similar to a shopping cart in a supermarket, your Cart Page is where customers place items they are interested in buying. When they're done browsing, they can proceed to checkout and complete the order.In this article, learn more about:\nAccessing the Cart page settings Customizing the settings of your Cart page Designing your Cart page Editing text on the Cart page Customizing the Cart page on mobile Frequently asked questions (FAQs)Accessing the Cart page settingsAccess to the Cart page varies according to which business solution(s) you use:\nWix Stores: The Cart page is one of your Store pages. Wix Bookings: The Cart page is one of your Bookings pages. Wix Restaurant"", ""t Page.\xa0 Payment methods: Design the express checkout buttons (e.g. PayPal).\xa0  Tips:\nTo optimize the way the cart displays on mobile, make sure that the mobile page background color and cart background color are the same. If you go to the mobile editor and change the page background, it doesn't affect the background color on desktop.\xa0Editing your Cart Page textAdjust the text that appears on your Cart Page so it has the same tone and voice as the rest of your site. You can edit titles and buttons on the page.You can also add a short message that appears between the total and your checkout button.To edit your Cart Page text: \nGo to the Cart page in your editor. Click the Cart Page element. Click Settings. Click the Text tab.\xa0 Edit any of the text options. (Optional) Add a disclaimer: Enter ""]",29.95061707496643
Im using Wix Payments and Im trying to figure out where my payments are going.,"To find out where your payments are going, you can access your account dashboard from your Wix account by following these steps:

1. Go to Wix Payments > Accounts.
2. Click View on the Wix Payments enabled site account you wish to view.
3. Select ""Payments"" as the information you want to view.

This should give you an overview of all the payments received through your site, including the details for each payment.","[""Wix Payments: Accessing Your Account Dashboard\nYour Wix Payments dashboard provides you with all the information you need to manage your Wix Payments account. From here you can change your account settings and keep track of your transactions and payouts.You can access your Wix Payments account in 2 ways; from your site's dashboard and from your Wix account.DashboardWix account\nGo to Payments in your site's dashboard. You can organize your payments using the following options:\n    \nFilter your payment history by payment status, date, payment provider, payment ID, and more. Click the download icon \xa0to download a CSV file of your payments.  Tip:Click a payment to see more details about that payment.Notes:\nThis option only appears if you have a Wix Payments account in your Wix account. The Wix"", ""Getting an Overview of Your Payments on Mobile\nView an overview of all the payments you've received through your site on mobile, as well as the details of each transaction.\xa0Show me how\nOpen the Wix Mobile app. Tap Dashboard on the relevant site. Scroll down to Payments. Tap View Payments.Tip: If you don't see the Payments option, try updating to the latest version of the Wix app.\xa0Payment Activity OverviewSee an overview of your activity, tallying your gross income and the number of payments you've received for the current day, previous day, or for all time.\xa0Payments ListTap View Payments to see your payment history. In this section, you can see a list of all your payments received through any payment method and provider. The list includes the following details for each payment:\xa0 \xa0\nYour cus"", ""ment.Notes:\nThis option only appears if you have a Wix Payments account in your Wix account. The Wix Payments account-level dashboard only provides information for your Wix Payments transactions. Any other transactions can be viewed from the Payments tab in your site's dashboard.To access your account dashboard from your Wix account:\nGo to Wix Payments Accounts. Click View on the Wix Payments enabled site account you wish to view. Select the information you want to view. Choose between:\n    \nPayments Payouts Settlement Report Account Details  ""]",26.728567361831665
My automated emails triggered by form submissions are not sending.,"Based on the context provided, it seems that there is an issue with the automation triggering, but the email itself is not being sent. To troubleshoot this issue, you can try:

1. Checking automation statistics to see if the email was sent.
2. Checking the spam folder.

However, the context does not provide a clear answer to why the automated emails are not sending. It only provides guidance on how to troubleshoot and potentially resolve issues with form submissions and email automation.

Therefore, I would say: ""I don't know.""","[""than the contact's main/primary email.Contacts you hold only one email address for are not affected.If you're logged in and testing your form using multiple email addresses, your site will recognize that these are all from your login and will merge them under one contact. For this reason, the automation will not be delivering emails as you may expect.Step 1 | Check that the form was successfully submittedYou'll be able to see all submissions in your form's submissions table.Step 2 | Check that the right form is selected as part of your triggerIf you've set a specific form to trigger your automation (rather than any form), make sure you've selected the right form.Step 3 | Make sure there is an email/phone field in your formWhen your automation's trigger is Form submitted, and has Include tr"", ""ta and manually add recipients to an email automation.Automation is triggering, but automated email isn't sentIf your site visitor hasn't received your email but the automation has been triggered, follow the steps below.Step 1 | Check automation statisticsCheck automation statistics to see if the email was sent.You only see unique recipients in automations statistics. If an automation is triggered for the same contact on more than one occasion, it counts as only being sent once.\nGo to Automations\xa0in your site's dashboard. Scroll down to the\xa0Your automations\xa0section. Hover over the relevant email automation and click the\xa0More Actions\xa0icon\xa0. Click\xa0View email stats\xa0to view your\xa0email marketing statistics.Step 2 | Check the spam folderWhen you set up an automation to send an email to your cont"", "" rather than the contact's main/primary email.Contacts you hold only one email address for are not affected.If you're logged in and testing your form using multiple email addresses, your site will recognize that these are all from your login and will merge them under one contact. For this reason, the automation will not be delivering emails as you may expect.Test your automation:Make sure you are logged out of your Wix account, then submit your form to test the automation. If you are logged in while submitting a form, your email address and the test email address will become merged under the same contact. When one contact has multiple email addresses, emails from automations are sent to the email address used when filling in the form.Still not working?If the problem persists,\xa0contact us\xa0wi""]",17.869263648986816
My banking information for payouts hasnt been updated for a couple of weeks. I need help with identifying if theres an issue with the verification process for my individual account or if the details were not updated correctly.,"I would recommend checking your account verification status to ensure that all required documents and information have been uploaded correctly, as the website mentions that Allow 7 business days for the account to be verified. If 7 business days have already passed, you may want to contact the support team at the address mentioned in the context.","[""ur bank account number(s) correctly.\nEnter a physical address to verify your account. PO Boxes are not accepted as a valid address.\xa0 Upload an address verification document, such as a utility bill, to confirm your address. The document must have been issued within the last 6 months.   Add your Business Description:\n    \nEnter your Doing Business As name (The operating name of your business) Use the dropdown menu to select your Business Type Use the text box to add a short description of your products / services   Upload a color copy of your photo ID and a bank statement to verify your identity. Learn more.\nAllow 7 business days for the account to be verified. If 7 business days have already passed and you've verified the information is correct and matches your bank account details, contact"", ""rtant:After submitting your purchase, your bank may require you to verify your identity. If you're experiencing any issues with the authentication process, contact your bank directly."", ""y of a statement, or other document from your bank, to verify your bank details   Click the checkbox to accept our terms and conditions and service fees. Click Submit.\nNote: You can click Save as Draft if you’d prefer to complete the form later.Verification Requirements:Make sure you've written your personal information correctly:\nEnter a physical address to verify your account. PO Boxes are not accepted as a valid address Your bank statement / document should include the bank logo, as well as your account number and the account holder name Your first / middle / last name and your date of birth must match those listed in your photo ID Your company's name and its registration number (UTR) must match the company's registered information Upload a document that proves the validity and ownershi""]",19.34529137611389
"My business email in GMAIL suite is suspended and I dont know why or how to reactivate it. It says ""suspended by reseller.""","Your Google Workspace business email account has been suspended by your reseller due to an issue that needs to be resolved before you can reactivate it. To resolve this, go to the Business Email page and click on ""Renew Subscription"" if prompted. If you're not sure why your subscription was suspended or need further assistance, contact your Wix reseller for more information.","['Google Workspace Error Message: ""Your subscription has been suspended by your reseller""\nIf you see the below error message while trying to access your Google Workspace business email purchased from Wix, either the email subscription has expired, or there is an issue with your payment.To continue with your Google Workspace service, you need to check the status of your business email. If it has expired, you can renew your Google Workspace subscription. If it is still active, you need to update your payment information.\xa0In this article, learn how to:\nRenew your business email subscription Update your payment informationRenewing your business email subscription\nGo to your Business Email page to check the status of your business email.\xa0 Click Renew Subscription if prompted to renew subscription', 'Google Workspace Error Message: Service Is Temporarily Suspended until Your Customer Accepts the New Terms of Service\nIf you receive this message under the Subscriptions section of your Google Workspace dashboard, it means that your account has been suspended until you accept the new Google Terms of Service.To reinstate your account, sign in to your admin account and accept the new Terms of Service that will be displayed, stating: ""Your reseller has placed an order for you. In order to start using newly provisioned services, you must accept the following terms of service. After accepting the terms of service, your services will be activated"".Note:If you have not yet set up your Admin business email, you need to do so in order to accept Google\'s new Terms of Service. See instructions on how', 'd whether to continue with the service or not. Please check all mail folders including any spam folders you have. When you no longer want to continue with your Google Workspace business email service, you can stop any further charges by turning off the auto-renewal. To turn off the auto-renewal, follow the instructions here. If you change your mind, you can easily turn the auto-renewal back on prior to the cancellation date.Declined Renewal PaymentThe renewal payment for your Google Workspace business email may have failed due to one of the following reasons:\nThe payment has been declined by your credit card provider The credit card provided has expired or has insufficient funds The credit card number provided is invalid The credit card provided has not been approved for recurring payments']",22.110689878463745
"My customers are unable to complete orders with the message ""Sorry, we are not accepting orders."" I am using cash on delivery as the payment method and do not have a premium plan. If I want to receive manual payments, do I have to buy a plan?","To receive manual payments via Cash on Delivery (COD), you don't need a Premium plan. You can manually enter credit card details or accept cash payments without having a Premium plan.","['have a Premium plan that supports payments in order to accept payments.\xa0', ""is the merchant who is liable. Learn more\xa0To manually enter credit card details:\nClick Manual Card Entry.\xa0 Enter the credit card details and click Charge. Provide your customer with an invoice to serve as a receipt:\nNote: You can create an invoice only for orders to which you added a customer.\n    \nGo to Orders in your site's dashboard. Click the relevant paid order. Click the More Actions drop-down. Select Create Invoice. Click Create Invoice to confirm. Share, print, or email the invoice using the links at the top.  Tip: If you didn't add your customer's name to the order and you want to provide a receipt, as a workaround you can print the order.Accept cash payment\nClick Cash. Click Done. Provide your customer with an invoice to serve as a receipt:\nNote: You can create an invoice only fo"", 'Request: Cash on Delivery (COD) as a Payment Method in India\nCurrently, it is not possible to accept payments using cash on delivery / collect on delivery, where online payment is only collected once an order has been fulfilled.\xa0As a workaround, you can accept payments using the manual payment method.\xa0We are always working to update and improve our products, and your feedback is hugely appreciated.']",12.33597207069397
"My emails sent through Wix Email Marketing are being marked as spam or not received by clients, leading to delivery issues.","To solve the issue of your emails being marked as spam or not received by clients, I recommend checking the following:

1. Check if you've set a confirmed reply-to email (Step 3).
2. Whitelist the following emails:
   - If you haven't set a confirmed reply-to email: no-reply@test.wixshoutout.com
   - If you have set a confirmed reply-to email: Your email address.
  ","['Wix Email Marketing Best Practices\nWhen creating and distributing email marketing campaigns, there are things you want to avoid and measures you can take in order to maximize your deliverability and engagement rates.\xa0What should I avoid?Spam Traps, spam complaints, hard bounces and low engagement rates\nSpam Traps: These are fictitious email addresses or addresses that are no longer in use. Spam traps help ISPs and anti-spam organizations identify email marketers who are not following email distribution regulations. Click here to learn more about spam traps.\xa0 Spam complaints: These occur when a recipient marks your email as spam or files a formal complaint (known as an abuse report) about your email. Click here to learn more about emails marked as spam.\xa0 Hard bounces: These occur when a per', ""statistics.Step 2 | Check the spam folderWhen you set up an automation to send an email to your contact, the email could end up in their spam folder. They (or you, if you're testing the automation) should go to their inbox and look for the email in that folder as well. Learn more about automations sent through Wix Email Marketing being marked as spam.If checking the spam folder doesn't solve the issue, please whitelist the following emails:\nno-reply@test.wixshoutout.com If you have not set a confirmed reply-to email: @automations.ascendbywix.com\xa0 If you have set a confirmed reply-to email: Your email address.Step 3 | Check that the recipient's email address is activeCheck that the recipient's email address is active and that they've subscribed to your mailing list. If they have, you'll see"", 'Reporting Email Marketing Spam\nReporting spam content helps Wix to maintain the high ethical standards practiced within our community of users.Millions of sites are built on Wix every month and we do everything in our power to prevent any type of abuse.If you encounter any Wix sites that you believe are sending electronic spam, you can file a complaint.']",19.840625762939453
"My old website pages are still showing on Google despite updating the SEO. I have already tried removing the old URLs and submitting the updated sitemap to Google, but the issue persists.",I don't know.,"[""another domain host.Tip:It can take some time for changes to your site's pages to appear in Google search results. If you want your changes to appear quicker, you can try to request indexing for the page.Manually submitting your sitemap to search enginesEach search engine has their own webmaster tools and their own method for submitting sitemaps. Check the steps below for the search engine that you want to submit your sitemap to.\xa0Important:Before you can submit your sitemap to search engines, you need to verify your ownership of your site's domain with them.\xa0Learn how to verify your domainLearn how to submit a sitemap to:Google\nGo to Google Search Console. Select your site from the drop-down. Select Sitemaps. Enter the URL slug of the sitemap you want to submit under Add a new sitemap.\nFor"", ""ages appearing in Google Images search results.Speeding up the removal processIf you verified your site with Google or Bing, you can submit a request to speed up the removal of pages that you don't want in their search results.Learn how to manually request removals using:\nGoogle Search Console Bing Webmaster ToolsIf you did not verify your site with Google and Bing, you need to wait for them to remove the pages.\xa0If you've created a new site and the URLs from the old site are still appearing in search results, you should submit your sitemap to Google and other relevant search engines. This can help speed up both the indexing of your new site and the removal of old site URLs from search results.\xa0\xa0Note:If you have recently upgraded your site and connected your own domain, Wix automatically re"", ""ould have a draft version of your new site prepared. In order to avoid exposing your site to search engines before setting up your redirects, we recommend disabling Let search engines index your site from your site's SEO settings.\xa0Learn HowSet up your URL redirects\nIn order to set up your URL redirects correctly, it's helpful to determine which of your previous site pages have already been indexed by Google. To do so, perform the following search in Google - site:yourdomain.com.\xa0 From the search results, note down the URL of each page that appears. You can also access all of your previous site's URLs by looking at the site map. Consult your previous site builder on how to access your sitemap. Set up your URL redirects so that each relevant URL corresponds to a page on your new site.\xa0Publis""]",15.097309827804565
"My Premium plan auto-renewed, and Im seeking a refund. The renewal occurred within the last 14 days, so I may be eligible for a refund.","I don't know. According to the context, you are not eligible for a refund if you're requesting one due to a plan renewal. It specifically states that ""The refund policy does not apply if... You are requesting a refund for a plan renewal."" Since your Premium plan auto-renewed and is within the last 14 days, this condition applies, and you are not eligible for a full refund.","[""Requesting a Refund for a Premium or Studio Plan\nWix offers a 14-day, money-back guarantee for new Premium or Studio site plans.\xa0If you purchased your site plan within the last 14 days, you're eligible for a full refund.\xa0Eligibility for a refundThe 14-day refund policy only applies to new Premium or Studio plans. The refund policy does not apply if:\nYou are requesting a refund for a plan renewal. You are requesting a refund for the upgrade of an existing plan.If you do not meet the requirements for the 14-day refund policy, but you believe you still deserve a refund, contact us and we'll review your request.\xa0Request process for a refundCancel your site plan within the first 14 days of purchasing it to receive a full refund. There's no need to submit a request, simply click the button below"", ""your plan from\xa0Premium Subscriptions\xa0in your Wix account.After your 14-day trial has elapsed, the additional upgraded storage will not be refundable. You can, however, cancel its renewal.If you've added a Premium plan to your site, a 14-day trial period also applies. Learn more about requesting a refund for a Premium plan."", "" domain registration. You can still use the domain voucher to cover part of the cost while purchasing a domain with privacy or extra years of registration.\xa0If none of the points above apply to you, please contact Customer Care and we will be happy to check the status of your voucher.Can I get a refund for my Premium or Studio plan?You can cancel your subscription at any time within the first 14 days and receive a full refund to your payment method. Learn more about Wix's refund policy.Why was I charged today when my plan renews next month?To simplify the billing process for you, we offer yearly and monthly subscriptions, which are billed automatically on a yearly, multi-year, or monthly basis depending on your billing cycle. You may be charged for the upcoming billing cycle a few days befo""]",14.737173795700073
My site is unable to provide a secure connection.,Step 1 | Make sure your DNS records are correct. Review your domain's connection method below to check you have the correct DNS records and ensure that your domain is properly connected.,"[""Troubleshooting Your SSL Certificate\nThe Secure Sockets Layer (SSL) is a security measure used by websites and browsers for communicating over the internet. A site which has an SSL certificate is secure, meaning that any data exchanged between you and the site is encrypted. A website that implements SSL has “HTTPS” in its URL instead of “HTTP”.If you're having issues viewing your site over a secure HTTPS connection, follow the steps below to troubleshoot your SSL certificate.Step 1 | Make sure your DNS records are correctFor your SSL certificate to be enabled, your domain needs to be connected to your site.\xa0Review your domain's connection method below to check you have the correct DNS records and ensure that your domain is properly connected.\xa0If your domain is connected via name servers:\nM"", 'site is HTTPSEnsuring your site is secure is an important step. The ""S"" in HTTPS stands for ""Secure"". If you\'re not sure if your site is HTTPS compatible, you can try to access your website by typing “https://” at the beginning of the website’s address. Then, look for an icon that depicts a closed padlock.\xa0Tip: If your site is not HTTPS compatible, we recommend contacting WordPress support to understand how you can make your site certified as secure.Step 2 | Ensure that WordPress and plugins are up-to-date  You need to go to the ""Updates"" section in your WordPress main dashboard in order to check if there are any pending updates. We also recommend that you check the Plugins section for updates.Note: If you\'re having issues updating WordPress, please contact WordPress customer support.Step ', ""SEC automatically not signed.Step 4 | Ensure only HTTPS code is entered in the HTML elementIf you have an HTML element on your site that contains HTTP in the code (instead of HTTPS), you may see a message in your browser indicating your site is not fully secure.Make sure the code you enter contains HTTPS (and not HTTP). If you've added code with http:// in it, remove it or replace it with https:// code.\xa0To replace the code in an HTML element:\nIn your Editor, navigate to the page you've added the HTML element.\xa0 Click the HTML element. Click Edit Code. Under Add your code here (HTTPS only): make sure the code does not contain http:// in it. \xa0 Click Publish at the top right of your Editor.\nNote: If you have multiple HTML elements, repeat the steps to make sure each is using HTTPS code only.\xa0I""]",16.80358910560608
My website does not appear in search engine results. I need help with indexing and optimizing my site's SEO to ensure it gets listed.,"To get your site indexed on Google, connect your site to Google using the following steps:

1. Go to the SEO Setup Checklist in your site's SEO dashboard.
2. Complete the checklist in Step 1 of your SEO Checklist.
3. Click ""Connect to Google"".
4. Import any existing data from a previous connection (if applicable).

If you have completed these steps and your site still doesn't appear in search engine results, consider checking out Tips for Getting Your Site Found in Search Results and our other SEO articles for additional guidance on optimizing your site's SEO.","["" be crawled and appear in search results. Any edits or changes to your site must be crawled again before they appear. You can help speed up this process by submitting your homepage's URL to search engines.\xa0To enable search engines to index your site:\nGo to your SEO dashboard. Select Go to SEO Settings under Tools and settings.\nMake sure the Let search engines index your site toggle is enabled.Need help getting your site found in search results?Check out the Wix SEO Setup Checklist for a step-by-step plan designed to help improve your site's SEO.\xa0"", "" of your site and get your site indexed on Google. After you've connected, the SEO Setup Checklist helps get your site indexed quickly so that your site appears in search results.\xa0In this article, learn more about:\nConnecting your site to Google Important information about verifying with the SEO Setup ChecklistConnecting your site to GoogleYou can connect your site to Google in Marketing & SEO in your site's dashboard.\xa0Important:To connect to Google Search Console, you must have a Premium plan and a domain connected to your site. This can be either a domain purchased from Wix or a domain purchased from another domain host.To connect your site:\nGo to the SEO Setup Checklist in your site's SEO dashboard.\xa0 Complete the checklist in Step 1 of your SEO Checklist.\xa0 Click Connect to Google.Import"", 'u look at Tips for Getting Your Site Found in Search Results and our other SEO articles to help you optimize your site.']",18.280402183532715
"My website stopped working, and I received a DNS_PROBE_FINISHED_NXDOMAIN error. I havent made any changes to the domain, and its connected to Wix. I also encountered an error with ID 7809 and the opcode QUERY.","Based on the context, it seems that you've encountered a DNS-related issue, which is not uncommon when connecting a domain to a Wix site. 

Given your symptoms (DNS_PROBE_FINISHED_NXDOMAIN error) and the fact that you haven't made any changes to the domain, I'm going to take a guess that the problem lies with the domain connection setup or the DNS records.

In this case, I would recommend checking if there are any updates needed for the A Record and CNAME records in your domain's host account. You can use the Wix Domain Assistant to help determine which records need updating.

However, since you've already checked that 48 hours have passed since changing the DNS records, and you're still experiencing issues, it might be worth trying the Wix Domain Assistant or contacting Wix Customer Care for further assistance (error ID 7809 and opcode QUERY might indicate a specific issue that needs more detailed investigation).

Please keep in mind that I'm not an expert, and without more information, it's difficult to provide a definitive solution. If you have any additional details about the error message or your domain setup, I'll be happy to try and help further!","[""Domain is Connected to Your Wix Site, but the Site is Not Live\nBefore you begin:To connect your domain, you must\xa0upgrade your site.If you are unable to view your Wix site on your domain, check the following:You have published your Wix site.You have upgraded your Wix site.\xa0You have connected your domain.48 hours have passed since you've changed your DNS records to Wix's records.If, after 48 hours, you are still unable to access your site via your domain, use the Wix Domain Assistant to determine the connection issue.Still unable to view your site on your domain?Contact us and we'll be happy to assist you.\xa0"", ""Wix Domain Assistant\nImportant:From January 17th, 2024 some legacy DNS records are no longer supported for sites connected to Wix by pointing. If your site is affected, you should have received an email notifying you to update the A Record and CNAME records in your domain's host account (not Wix). Go to the pointing section below and click Check and update your DNS records to learn which records your domain should have.\xa0This article can help you troubleshoot issues with the various domain connection methods. If you are experiencing issues with your domain connection, follow the steps below.Unsure if you've connected via name servers or pointing?Learn the difference between the two connection methods.\xa0Issues with a domain purchased from WixTo resolve issues with a domain purchased from Wix,"", ""G cellular network to access your domain. This detects if there's an issue with the network you're using.\xa0If you are still unable to view your site on your domain, contact Wix Customer Care and we will be happy to assist you.""]",31.88920569419861
"My Wix Payments account verification documents have been denied, specifically the company details.",Your company's name and its registration number/tax ID must match the company's registered information.,"['account The name of the business checking account needs to be visible and clear and match the legal name of the business listed on the company document, and also the legal company name in your Wix Payments dashboard for a\xa0business Wix Payments accountGuidelines for uploading bank statements, voided checks and bank lettersBanking documents may be rejected if:\nThe document is blurry The document is not legible (font too small) The document is torn or damaged The document is rotated or upside down The image is a mobile screenshot The full account numbers are not displayed The name/company on your document do not match details in your account The account numbers are incorrect It is not a bank statement, but a direct deposit form The voided check is not printed by a financial institutionPlease ', ""passed and you've verified the information is correct and matches your bank account details, contact Wix Customer Care. We will be happy to investigate this issue further.\xa0Business account\nMake sure you've written your personal and company information correctly.\xa0\n    \nYour first / middle / last name and your date of birth, must match those listed in your photo ID.\xa0  \nDouble check that you've entered your bank account number(s) correctly. Your company's name and its registration number/tax ID must match the company's registered information. Your Doing Business As name should match what appears on your customers' statements. Enter a physical address to verify your account. PO Boxes are not accepted as a valid address. Upload an address verification document, such as a utility bill, to confir"", ""o be verified. If 7 business days have already passed and you've verified the information is correct and matches your bank account details, contact Wix Customer Care. We will be happy to investigate this issue further.\xa0FAQsClick a question below to learn more about Wix Payments account verification.How will Wix Payments contact me about my account verification?Wix Payments will email you using the email address used to set up your Wix account. Remember to check your spam folder if you can't locate an expected email.\xa0I'm a sole proprietor in the UK. Which account type should I choose?UK sole proprietors are required to submit a Unique Taxpayer Reference (UTR) number as well as a business bank account when setting up their Wix Payments account.\nIf you haven't registered for a UTR, or possess""]",15.432998418807983
Potential clients are unable to book a tour on my website due to the current plan limitations. I received an email stating that I need to upgrade to a Wix Business & eCommerce Premium Plan to enable bookings.,"The potential issue is that your current plan may not include the feature of accepting bookings, which requires the Wix Bookings functionality and a higher-level plan. Upgrading to the Wix Business & eCommerce Premium Plan would provide the necessary features to allow clients to book your tours.","[""onth) Booking functionality Advanced eCommerce tools Option to connect your own domain Priority Customer Care Advanced developer platformFor a detailed breakdown of each plan and to discover how Wix can best help your business, visit our upgrade page. If you have additional questions, please feel free to contact Wix Customer Care and we'll be happy to help you.\xa0FAQsClick on a question below to learn more about Premium plans.Why am I asked to upgrade if I already purchased a plan?Since different plans offer different features, it's possible that you're trying to use a feature that's not included in your plan. For example, if you purchased the Light plan, you won't be able to accept payments through your site. Go to\xa0Premium Subscriptions to check which plan you purchased.Another possibility "", ""Wix Bookings: Upgrading Your Site\nAllow clients to start booking your services by upgrading your site. Alternatively, you can display your services (without allowing bookings) on a free Wix site.Wix offers a range of site plans especially designed for businesses. To start getting booked and accepting payments, visit our Upgrade page to find a plan that best suits your business needs.\xa0To choose a plan:\nIf you have not already done so, add Wix Bookings to your site. Go to your site's dashboard. Click Upgrade.\n Click Select under the plan that suits your needs. Click to select the relevant subscription period and click Continue to Checkout. Enter your payment details. Click Submit Purchase.Important:\nAfter submitting your purchase, your bank may require you to verify your identity. If you're "", "" to your site's Service List from your Editor. Clients see this option just below the Book Now button before they book a service. The link takes them to your Plans & Pricing page.Note:Adding an 'Explore plans' button to the service list is optional. Clients will still see the option to purchase a membership plan for plan-only services.\xa0To add an 'Explore plans' button to the Service List:Wix EditorStudio Editor\nGo to your editor. Go to your Book Online page:\n    \nClick Pages & Menu \xa0on the left side of the editor. Click Bookings Pages. Click the Book Online page.   Click the Book Online element on your page. Click Settings.\xa0 Click Display.\xa0 Under\xa0Service Actions,\xa0select the\xa0Explore Plans Link checkbox.\n\nGo to your editor. Go to your Book Online page:\n    \nClick Pages \xa0on the left side of t""]",20.453736543655396
The picture on my mobile site is dark. Its a standalone image that was carried over from my desktop site. I need guidance on adjusting the image settings for my mobile site.,"To adjust the brightness of the image, you can try increasing the image opacity by dragging the slider to the right. This will make the image more transparent and allow a background color or effect to show through. You can also change the ""Color behind image"" setting to select a lighter color that will help balance out the darkness of the image.","['he left side of the mobile editor. Click Image. (In the Media Manager) Choose to upload your own image, use a free Wix image, or even purchase an image from Shutterstock / Unsplash.\xa0 Click\xa0Change Background. (Optional) Click\xa0Apply to Other Pages\xa0to add the background to other pages of your site.Customizing image backgrounds on mobileCustomize your image background so that it looks just as you want on mobile.\xa0To customize your image background on mobile:\nClick Background on the left of the mobile editor. Click Settings. Customize the following:\n    \nImage Opacity: Drag the slider to increase or decrease the transparency of your background. Color behind image: Click the color box and select a color from the Color Picker.\nThis is useful if you decrease the image opacity and want a color behin', ""d shape of the screen.\xa0To crop your mobile background image:\nClick Background\xa0\xa0on the left side of the mobile editor. Click\xa0Image.\xa0 Hover over the image in your Media Manager and click the\xa0Crop & Edit\xa0\xa0icon. Click\xa0Crop & Extend.\xa0 Crop your image and click\xa0Save. Click\xa0Change Background.Adjusting the settings of your mobile background imageAs well as cropping your image, you can also change settings such as its scroll effects and positioning to set how it's displayed on your mobile site.To change the image settings:\nClick Background\xa0\xa0on the left side of the mobile editor. Click Settings and use the below options to adjust your background image:\n    \nImage Opacity: Drag the slider to increase or decrease the opacity of the image. Color behind image: Click the color box to select the color beh"", ""Wix Editor: Image Backgrounds on Your Mobile Site\nCreate a seamless experience for site visitors on mobile by ensuring your background is fully optimized. You can choose a background for your mobile site that is different from the one you have for your desktop site. Customize the image's opacity, scale, and even add a scroll effect.In this article, learn more about:\xa0\nChoosing an image background for mobile Customizing image backgrounds on mobileChoosing an image background for mobileYou can choose to have an image background on your mobile site that is different from the image background on your desktop site.To choose an image background for your mobile site:\nClick the Background \xa0\xa0icon on the left side of the mobile editor. Click Image. (In the Media Manager) Choose to upload your own ima""]",21.85864019393921
The user is inquiring about connecting Google Analytics 4 with their Wix site.,"To connect Google Analytics 4 with your Wix site, follow these steps:

1. Go to Marketing Integrations in your site's dashboard.
2. Click Connect under Google Analytics.
3. Click Add Google Analytics ID.
4. Check the ID that you see under Add Your Google Analytics Code.

If the ID starts with G-, you are connected using GA4 and don't need to migrate. If it starts with UA-, you need to migrate.","[""Checklist for Migrating from Universal Analytics to Google Analytics 4\nFrom July 1, 2023, Universal Analytics (UA) properties will stop collecting data. If you previously connected a UA property to your site, you must\xa0switch to a Google Analytics 4 (GA4) property.Follow the steps below to make sure that your migration is as smooth as possible.Step 1 | Check which version of Google Analytics your Wix site usesFirst, you should check if your site is currently connected to Google Analytics using a Universal Analytics or a Google Analytics 4 property. You do this in the Marketing Integrations section of your site's dashboard.To check your version:\nGo to Marketing Integrations in your site’s dashboard.\xa0 Click Connect under Google Analytics.\xa0\nClick Add Google Analytics ID.\xa0 Check the ID that you"", ""Using Google Analytics with your Wix Stores\nImportant:\nYou should make sure that your use of Google Analytics is compliant with local data protection regulations. Learn more about Google Analytics and the GDPR By using this service, you are engaging directly with a third-party service provider. We recommend reviewing the service provider's Privacy Policy and Terms of Use prior to your use of such third-party service. You acknowledge that we are not liable for any loss or damage resulting from your use of such third-party service, including any liability arising from any personal data exchanged between you and such third-party.Wix automatically sends events to Google Analytics about your Wix Stores products on your site.To start using Google Analytics with Wix Stores:\nInstall Google Analyti"", ""board.\xa0 Click Connect under Google Analytics.\xa0\nClick Add Google Analytics ID.\xa0 Check the ID that you see under Add Your Google Analytics Code.\n    \nIf it starts with G-, you are connected using GA4 and don't need to migrate. You can stop following these steps. If it starts with UA-, you need to migrate.  Step 2 | Create a new GA4 propertyYou can create a new GA4 property by using Googles migration wizard or manually creating the GA4 property. Wix recommends manually creating the property yourself.\xa0To manually create a new property:\nSign in to your Google Analytics account.\xa0 Click the Admin icon  at the bottom left of the page.\nSelect GA4 Setup Assistant.\nClick Get Started under I want to create a new Google Analytics 4 property. Click Create property. Click See your GA4 property under Expl""]",23.75067973136902
The user is inquiring about how the billing works with Google Ads.,"Based on the context, I can tell you that when a Wix subscription is purchased for Google Ads, the subscription amount is converted into USD ad credits each month to pay Google. This conversion happens both when the initial subscription is purchased and each time it renews. The billing currency is determined by geolocation based on the billing account address.","[' based on the billing account address.\xa0', 'ermines your billing currency by geolocation. If you pay for your Google Ads with Wix subscription in an unsupported currency, your subscription is converted into USD ad credits each month to pay Google.This conversion from monthly subscription to ad credits in USD happens when your initial subscription is purchased, and repeats each time the subscription renews.Note:\xa0Your Google Ads dashboard also shows your ad credit in USD.', ""e campaigns page and increase your subscription.How do I view my Google Ads with Wix invoices?All invoices for Wix services can be viewed in the\xa0Billing History\xa0page of your account. Invoices may include VAT, which is determined based on your billing country.Making one-time paymentsHow do I make a one-time payment?\nClick Manage Spend & Credits in the campaigns page. Click Manage Ad Credits. Select Purchase one-time ad credits and choose an amount. Click Purchase Credits.What is the difference between a monthly subscription and a one-time payment?Your monthly subscription is the amount billed monthly for all the campaigns you're running with Google Ads with Wix. The monthly subscription amount is applied directly to the total ad credit each month (ad credit available across all the campaign""]",14.34556531906128
I would like to know how to sell products on my site,"Unfortunately, the answer is not explicitly stated in the provided context. According to the context, Wix currently does not have a feature that allows other people or businesses to sell their products on your site. However, it mentions that there might be third-party apps available that can provide this functionality through embedding HTML code.","['to showcase a product on any of your site pages. Customize the button so it directs to the Product Page or adds the product straight to the cart.Create blog posts with product linksA blog is a great way to keep site visitors engaged. While writing blog posts, you can add a link to a relevant product.\xa0To add a product link while writing a blog post, click Add on the left menu and then scroll down and select Product.Add an Add to Cart button to a site pageUse your creativity to create just the content you need. Then, add one or more Add to Cart buttons to your design to make it easy for customers to purchase the products related to your content.\xa0Tips:\nMake sure to set up the Add to Cart button correctly so that it adds the relevant product to the cart.\xa0 You can use the Wix Pro Gallery, repea', 'at you want to do next:Show or hide products Using this method, you can show or hide products from your online store (but not a point of sale).\xa0\nClick Set Visibility. Select a visibility option.Note:\xa0To show or hide products at a point of sale, you must click an individual product and then select or deselect the Show in Point of Sale checkbox at the top right.\xa0Delete productsImportant: Deleted products cannot be recovered. As an alternative, you may want to hide products\xa0from your site.\nClick More Actions. Select Delete. Click Delete to confirm.Add an info section\nClick +Add info section. Create your info section. Click Add.Set a sale priceYou can create a percentage sale price and apply it to multiple products.\nClick More Actions. Click Set sale price. Enter the discount percentage. Click', 'Wix Stores Request: Allowing Others to Sell Products on Your Site\nCurrently, Wix does not have a feature which would allow other people or businesses to sell their products on your site.Tip:If you have a third party app which allows this option, you can add it by embedding the HTML code.We are always working to update and improve our products, and your feedback is hugely appreciated.']",18.99132490158081
User is inquiring about adding more menu titles to show in the header on their website.,"To add a section to your menu, follow these steps:

1. Click the Menu in your Editor.
2. Click Manage Menu.
3. Click Add Menu Item / Add a menu item at the bottom of the panel.
4. Select ""Section"" from the dropdown options (ded).

This will allow you to create additional menu titles that can be displayed in your website's header, making it easier for visitors to navigate and find specific content on your site.","['e showing multiple menus on the same page (see step 3 above for more information).\xa0 Update the Title tag and Meta description. Check the Advanced and Social share settings.   Click Save.', "" in your Editor. Click the More Actions icon . Click Section Settings. Enter the section name into the field under What's this section's name?. Press the Enter key on your keyboard.Note:Section names are not visible to site visitors unless you add them to a menu.Adding sections to your menuAdding sections to your menu is a great way to help your visitors navigate your site, and direct them to the right content.\xa0Making sections a menu item is also particularly useful if you have a one-page site that contains a lot of information, as visitors will be able to find what they're looking for without having to scroll.To add a section to your menu:\nClick the menu in your Editor. Click Manage Menu. Click Add Menu Item / Add a menu item \xa0at the bottom of the panel.\n    \n(For advanced menus) Select S"", ""ded from the\xa0Add Elements\xa0panel. They are not available on menus that come with your chosen site template, or on vertical menus.Display additional contentAs well as sub-navigation options, you can also display additional content as part of your menu experience. Mega menus are container elements that you can add as items to your advanced menu. When visitors hover over the menu item on your live site, the container opens.\xa0Design the look and alignment of the container, and add elements such as text, buttons, and images to show your visitors everything they need. Learn how to add and set up a mega menuDesign every part of your menuDepending on the menu type (vertical, horizontal etc), you can tailor different aspects of your advanced menu's design to look how you want and suit your pages.\xa0Cus""]",21.526442527770996
User is inquiring about setting up the website to require an account for placing orders.,"To set up your website to require an account for placing orders, you must define who can use your website and what are the requirements to create an account. You must specify that users must be at least [add number] years of age or of the legal age of majority in their jurisdiction, and possess the legal authority, right and freedom to enter into these Terms as a binding agreement.

Additionally, you can limit guest checkout on your site so that visitors can browse what you offer, but need to become site members before they can access the Cart Page to begin the checkout process. This will save their information, allowing them to track their orders and make future purchases without re-entering information.

To restrict purchases to signed in customers, you can use an authorization form, which is a suggested form provided by Wix that requests all the necessary information for authorization. After your customer has signed the form, send them a copy of the signed form that they can keep for future reference.

By requiring customers to sign up before making purchases, you can ensure that users meet the requirements and are allowed to use your website and services.","['what is offered on your website]. By accessing or using the website of our service, you approve that you have read, understood, and agree to be bound by these Terms.Who can use your website; what are the requirements to create an accountYou must define who is entitled and who is permitted to use the website and the services, and when relevant, what the requirements are for opening an account.\xa0Sample:In order to use our website and/or receive our services, you must be at least [add number] years of age, or of the legal age of majority in your jurisdiction, and possess the legal authority, right and freedom to enter into these Terms as a binding agreement. You are not allowed to use this website and/or receive services if doing so is prohibited in your country or under any law or regulation ', 'Requiring Customers to Sign Up Before Making Purchases\nImportant:This article is relevant for Wix Stores, Wix Bookings, and Wix Restaurants Orders (New).You can limit guest checkout on your site so that visitors can browse what you offer, but need to become site members before they can access the Cart Page to begin the checkout process.\xa0By requiring customers to sign up, you save their information. This makes it possible for customers to track their orders on your site and make future purchases without re-entering information.In this article, learn more about:\nRestricting purchases to signed in customers Frequently asked questions (FAQs)Note:There are certain ways to complete an order without going through the Cart page (see the FAQs section for more details). In these cases, restricting a', ""t, you need to be careful to only bill your client for orders they approve of and know about.\xa0How can I get authorization from my customer?We've created a suggested authorization form. We recommend you use it as is, as it requests all the necessary information for authorization.After your customer has signed the form, send them a copy of the signed form that they can keep for future reference.Download the authorization form.Why are the save card checkboxes not visible?In order for your customer to see the checkbox at checkout or for you to see the checkbox while manually entering a customer's credit card, the customer need to have signed up to become a site member. Learn more about your site's Members Area.""]",35.57155919075012
User is requesting assistance with adjusting the menu layout on the mobile site.,"To adjust the menu layout on your mobile site, follow these steps:

1. Click the mobile menu icon in the mobile editor.
2. Click Edit Menu.
3. Click the mobile menu text.
4. Click the Layout icon and select one of the alignment options:
   - Left: Aligns the menu items to the left.
   - Center: Aligns the menu items to the center.
   - Right: Aligns the menu items to the right.

By choosing the correct alignment, you can customize your mobile menu's layout.","["" menu boxThe menu box is the box that contains your menu. You can change the background and the position of the menu box.\nTo design the menu box:\nClick the mobile menu icon in the mobile editor. Click Edit Menu. Click the menu box. Use the Layout, Design, and Animation panels to adjust and customize the menu box.\xa0The menuThe menu is the list of pages that your site visitors click to navigate around your mobile site. You can choose the alignment of the menu items and design it to look however you want.\nTo customize the menu:\nClick the mobile menu icon in the mobile editor. Click\xa0Edit Menu. Click the mobile menu. Use the Layout, Design, and Animation panels to adjust and customize your menu items.\xa0What's next?Change your mobile menu's size and alignment to suit your site's layout.\xa0"", ""ems.\xa0What's next?Change your mobile menu's size and alignment to suit your site's layout.\xa0"", ""or. Choose what you want to do:Change the size of the menu iconClick and drag the resize handles to increase or decrease the size of the menu.Change the size of the open menu\nClick Edit Menu. Click the menu text. Click and drag the resize handles to increase or decrease the size of the menu.Changing your menu alignmentChange the alignment of both the item text, and the submenu arrows on your mobile site.\xa0To change the alignment of your mobile menu:\nClick the mobile menu in the mobile Editor. Click Edit Menu. Click the mobile menu text. Click the Layout icon . Choose what you want to do:\xa0Change the alignment of the menu textSelect an alignment under How's text aligned?:\nLeft: The menu items are aligned to the left. Center: The menu items are aligned to the center. Right: The menu items are ""]",22.163492441177368
I am experiencing issues with fonts not displaying correctly on the mobile version of my website. The fonts I am using are default fonts provided by Wix.,"If a specific default font you're using isn't displaying properly on an iOS device, you can check iosfonts.com to make sure it's supported.","['Wix Editor: Troubleshooting Font Issues on Your Mobile Site\nDifferences in the way fonts render on mobile devices can cause issues on your live mobile site. View the info below to learn how to fix font issues on your mobile site.\xa0In this article, learn more about:\xa0\nFonts appearing differently on mobile sites Fonts not working on iPhone operating systems (iOS)Fonts appearing differently on mobile sitesDifferent browsers and devices use a variety of rendering engines which may result in minor differences in the way your font appears. Fonts also render differently between iOS and Android, and the significance of the difference can vary from font to font.\xa0Various factors can cause elements to become misaligned or overlapped on your live site. Learn how to resolve text alignment issues on your ', ' a supported, default font is not appearing on your mobile device, or if you are experiencing other issues with text on your site, contact us and we will be happy to assist you.', 'come misaligned or overlapped on your live site. Learn how to resolve text alignment issues on your live mobile site.Note:If you are experiencing an issue with one of the default fonts, we recommend choosing another similar looking font for your site.\xa0Some fonts not working on iPhone operating systems (iOS)Certain fonts are not be supported by iOS or other mobile devices.\xa0If a specific font on your site is not displaying properly on an iOS device, you can check iosfonts.com to make sure the font is supported.\xa0Notes:\nWe do not support issues with uploaded fonts. If you’re experiencing an issue with an uploaded font, we recommend trying one of the default fonts or uploading a different one. If a supported, default font is not appearing on your mobile device, or if you are experiencing other ']",14.472421884536743
Can I get information about the 2-step methods verification on Wix?,"Yes, you can verify your account using 2-step verification with the Wix app, by SMS or phone call, an authenticator app, or by email.","['Account Settings Request: Alternative Methods for 2-Step Verification\nYou can verify your account using 2-step verification with the Wix app, by SMS or phone call, an authenticator app, or by email. However, it is not currently possible to use 2-step verification via backup codes.\xa0We are always working to update and improve our products, and your feedback is hugely appreciated.', ""code in the Wix login page. Click Verify.\xa0Note: If for some reason you don't receive a verification code, please check your junk/spam folder. Click Resend Code to resend the code to your email.\xa0Note:A 2-Step verification code will only be sent if you are signing in with email and password. If you sign in using social logins (e.g. Google, Facebook) a code is not required.\xa0Editing your 2-step verification phone numberKeep all your details up-to-date by editing your phone number when you change phones or update your phone number. This helps keep your 2-step verification in place and keep your Wix account secure. Once you update your number, a code is sent to you to confirm.\xa0To edit your verification phone number:\nGo to Account Settings\xa0in your Wix account. Scroll down to 2-Step verification. "", 'elevant if you are just using the SMS option.\xa0 We recommend that you set up your Recovery Phone Number before enabling 2-step verification.In this article, learn how to:\nEnable 2-step verification Sign-in with 2-step verification Edit your verification phone number Disable 2-step verificationEnabling 2-step verificationYou can verify your account using 2-step verification with the Wix app, by SMS, with an authenticator app, or by email.\xa0Important:You can enable more than one verification option at the same time. If you choose to enable multiple options, the default prompt order is always: Wix app first, then an authenticator app, followed by SMS, and then email.To enable 2-step verification:\nGo to Account Settings\xa0in your Wix account. Scroll down to 2-Step verification. Click Enable next t']",16.722137689590454
I need help adding new bank details to Wix Payments.,"I don't know. The provided context only discusses customizing the statement descriptor, setting up an account, and verifying setup, but does not mention adding or updating bank details specifically.","['Customizing Your Wix Payments Statement Descriptor\nEvery payment you make with your credit card appears in your billing statement with a descriptor to help you recognize it. Add a custom statement descriptor to your Wix Payments account so that customers can recognize charges from your business.\xa0To customize your statement descriptor:\nGo to Manage Wix Payments.\xa0 Scroll down to Customer Statement Descriptor. Enter the name you do business as under\xa0Statement Descriptor.\xa0\n    \nYour statement descriptor must be between 5-19 characters Your statement descriptor must be similar to your business name / legal entity name /, or URL Your statement descriptor should not be too generic (e.g. ""Store""), or already in use (e.g. ""Wix.com"")   Click Save.Note:Most banks display financial information consist', ' through Wix Payments and click Continue. Click Complete Setup.\xa0 Select an option under Business Type:\n    \nIndividual/Sole Proprietorship: Select this option if you are doing business as an individual and fill in your personal details, as well as your business description. Partnership/Ltd/Liability Co./Corporation/NGO: Select this option if you are doing business as a business and fill in both your business information and your personal details. Regional account types: In some countries,\xa0other business types\xa0may be selected which align with local business definitions.   Enter your details:\n    \nIdentification information Address Bank details Business information Business description   Select the checkbox to accept the Terms & Conditions and service fees. Click Submit.Note:After submitting', 'et up my Wix Payments account?After submitting your details, you are required to go through a verification process.\xa0Can I switch between account types?How do I get help with the set up?Contact Wix Customer Care and we would be happy to assist.Video tutorialWatch the video below to learn more about setting up your Wix Payments account.\n']",15.004183530807495
I would like to know how to change my payment provider for my Wix site after funds have been sent for an order.,"To switch to a different account with the same payment provider, check which provider you already have connected to your Wix site and view your current credentials. Then, follow these steps:

1. Go to Accept Payments in your site's dashboard.
2. Click Connect next to Wix Payments.
3. Click Yes, Switch to confirm your new provider.

Note that this method allows you to switch to a different account with the same payment provider without having to create a new Wix Payments account.","['Email from Wix Regarding Changes to Your Payment Method Settings\nThe security of our users\' accounts is of utmost importance to us here at Wix and we are dedicated to online safety.If you update your payment method settings (how you accept payments in Wix features, such as Wix Stores, Wix Invoices etc), you receive an email saying ""You changed how you accept payments on your website"".It\'s important to note that not only the primary account owner but other roles such as an Admin (co-owner) and payments admin can make changes to payment method settings. \xa0If you didn\'t authorize these changes, change your Wix account password immediately and then contact Wix Customer Care.\xa0', ""Using a Different Account with the Same Payment Provider\nIf you have more than one account with a third-party payment provider, you can switch to your preferred account to accept payments on your Wix site.\xa0Additionally, Wix automatically connects you to the most suitable payment provider available in your region by creating a deferred account for you (e.g. with Stripe or PayPal). If you wish, you can switch to a different account, with the same provider, if you already have one.If you're not sure which provider account you currently have connected to your Wix site, you can check which provider you have connected and view your current credentials before you switch.\xa0\xa0In this article, learn how to:\nView your provider credentials Switch your provider account Frequently asked questions (FAQs)Vi"", ""Switching to Wix Payments\nSome payment methods offer multiple providers to process your payments. You can change your provider to Wix Payments if it's available for the payment method you're using.\xa0With Wix Payments, your customers can pay using credit / debit cards as well as, depending on your location, Apple Pay,\xa0Google Pay,\xa0Affirm,\xa0Afterpay,\xa0Klarna Online Bank Transfer,\xa0iDEAL\xa0and\xa0Tap to PayWith Wix Payments, you can manage orders and payments all in one place. Our free and quick setup makes it even easier for you to accept payments on your site.To change your payment provider to Wix Payments:\nGo to Accept Payments in your site's dashboard. Click Connect next to Wix Payments.\n Click Yes, Switch to confirm your new provider. Depending on whether you need to create a new Wix Payments acco""]",24.151729345321655
I am not satisfied with the product and would like to request a refund for my Google Ads campaign.,"I don't know. The context only mentions what happens if you pause a campaign, but it doesn't provide information on how to request a refund for an unsatisfied Google Ads campaign.","['Google Ads with Wix: Refund Policy\nLearn more about the Google Ads with Wix refund policy as well as what happens to any remaining ad credit if you pause a campaign.Learn more about:\nGoogle Ads with Wix refund policy Frequently asked questions (FAQs)Google Ads with Wix refund policyAd credits added to Google Ads with Wix are paid with a monthly subscription or a one-time payment. These payments are non-refundable.If you pause a campaign, you have the option at any time to resume the campaign using only your remaining Google ad credits.Additional Information:\nWix gets 15% of your payment for running and optimizing your campaign, the remaining 85% goes towards your ad budget which is spent on ad clicks. Prices do not include VAT, which is determined based on your billing country. To prevent ', ""e contact information on your siteIf you haven't done so already, click Add Contact Info and make sure you clearly display at least 2 of the following on your site:\xa0\nYour phone number Your email address Your physical addressImportant: You need to come back and click\xa0Confirm when you're done.Confirm your site has Terms of Service with a Refund PolicyIf you haven't done so already, click Add Policies to create a Terms of Service agreement and a refund policy.\xa0\nLearn how to\xa0add store policies.\xa0 To learn more about how to write terms of service for your business, click\xa0here.\xa0Important: You need to come back and click\xa0Confirm when you're done.Step 3 | Match your terminology to Google's terminologyGoogle aims to connect shoppers with the products they're searching for. To do so, Google uses attr"", "" you have followed the steps outlined here to create your campaign.\xa0If you have set up your ads according to the steps in the link above, please try resubmitting your ads by updating the campaign content.Getting your ad approved by Google AdsThere are a few reasons why Google may disapprove an ad campaign. Follow the steps below to give your ad campaign the best chance at getting approved by Google Ads.\xa01. Make sure your campaign content is compliantGoogle has a set of policies that prohibit some content that may be considered harmful to users and the overall advertising ecosystem.If you believe your ad could fall under one of these categories, make sure to review Google Ads Policies.\xa02. Verify that the ad follows Google's editorial requirementsQuoting Google Documentation, “In order to pr""]",19.398977994918823
"I am trying to cancel my Premium subscription within the 14-day period, but I cant find the cancel feature.",I don't know.,"[' \xa0next to the relevant plan. Click Cancel Plan. Click Cancel Now to confirm.This does not cancel your plan immediately. Your plan will remain active until the end of the current subscription period. At that time, the plan will not renew.\xa0', 'r site.\n\n           Click to cancel your plan now  \n    \n\n\n         Choose plan to cancel \n      \n\nView step-by-step instructions\nGo to Premium Subscriptions. Click the Show More icon  next to the relevant plan. Click Cancel plan. Click Cancel Now in the pop-up to confirm.\nNote: This does not cancel your plan immediately, rather your plan simply does not renew at the end of the subscription period.', 'ount. Click the More Actions icon next to the relevant domain. Click Cancel domain. Select Cancel auto renew and click Submit.Business email\nGo to Premium Subscriptions in your Wix account. Click the More Actions icon  next to the relevant business email. Click Cancel subscription. Select the I still want to cancel checkbox and click Cancel mailbox.Premium App\nGo to Premium Subscriptions in your Wix account. Click the More Actions icon  next to the relevant app. Click Cancel App. Select Cancel auto renew and click Cancel now.Changed your mind?You can simply turn auto-renew back on again before the end of the subscription period.']",9.603273391723633
"I need help enabling customers to purchase multiple quantities of the same product at a discounted rate. For example, ""Buy 3 hats, get 20% off"".","I don't know. The context only discusses limiting the number of times a coupon can be used and applying discounts to individual items per order, but does not mention enabling customers to purchase multiple quantities at a discounted rate for the same product.","[' be usedYou can limit the number of times a coupon can be used (e.g. offer available for the first 50 customers) and prevent customers from using a coupon more than once. \n\nTo limit the number of times a coupon can be used, select the Limit the total number of uses for this coupon checkbox and enter the number of times. \nNote:\xa0Multiple purchase by the same customer or purchases by different customers are both counted.\xa0\nTo let customers use a coupon only once, select the Limit to one use per customer checkbox.\xa0Limit a $ or % discount to 1 item per orderYou can select Apply once per order to limit the use of $ Discount or % Discount coupons to one item in a particular order.\xa0This means that if you have a $20 off hats coupon, and a customer buys two hats, the discount only applies to one of t', 'to multiple products.\nClick More Actions. Click Set sale price. Enter the discount percentage. Click Apply.When the sale is over, select the same products and apply a 0% sale price.', ""t in the Store Products tab and enable the On sale toggle.\xa0If needed, you can apply a discount to multiple products at a time. Get detailed instructions on how to create sale prices.\xa0Automatic discountsAutomatic discounts is a powerful tool that helps you manage store promotions efficiently. Let's look at a few examples of how you can use them.\xa0\nYou can schedule a 1-day sale that starts and ends at midnight without having to be by your computer at midnight to start and end it.\xa0 You can create discounts that only take effect if a customer buys a set quantity of a particular item (buy 3 hats, get 30% off) or a set amount (buy $50 worth of hats and get $10 off).\xa0 You can offer a discount or freebee on a different item when a customer meets requirements (buy a coat and get a free hat). You can""]",16.011561632156372
I need to know how to reinstall the blog app to improve the loading issue on Wix.,"I don't know. The provided context does not mention reinstalling a blog app or addressing issues with reinstallation. It provides troubleshooting steps for local browser cache and cookie issues, as well as alternatives to a retired app.","[""Wix Blog: Troubleshooting Issues on Your Live Site\nThe issues you are experiencing may be a local issue caused by your browser's cache or cookies. We recommend trying the following:\xa0\xa0Step 1 | Try to open your blog page in an Incognito window\ufeff\ufeff We recommend trying to open your blog page in an Incognito window. Select the browser you are using from the list below.\xa0Cache and CookiesIf this solves the issue, make sure you complete step 2 and 3 to clear your browser. This should allow your browser to open as normal.\xa0Chrome\nOpen Google Chrome. Press Ctrl\xa0+\xa0Shift\xa0+\xa0N\xa0on your keyboard (Cmd\xa0+\xa0Shift\xa0+\xa0N\xa0on Mac).\xa0Firefox\nOpen Firefox.\xa0 Press Ctrl + Shift + P on your keyboard (Cmd + Shift + P on Mac).\xa0Note: Alternatively, can click the Menu icon  at the top right and select New Private Window.\xa0\nSafari"", 'The Blogger Feed App is No Longer Available\nImportant:This app has been retired from the Wix App Market and is no longer supported. As an alternative, you can\xa0explore Wix Blog\xa0and see what it has to offer, or choose to\xa0embed a non-Wix blog on your site\xa0using the embed option in the Wix Editor.\xa0', 'Wix Blog: Enabling a Search Function for Your Blog on the Wix App\nAdding the ability to search through your blog is a great time saver for both you and your blog readers, especially whilst on the go. You can enable a search function just for your blog and customize what appears in the search results.Step 1 | Add the blog search elementFirst, you need to add the search element to your blog in the Wix app.\xa0To add the blog search element:\n\ufeffGo to your site in the\xa0Wix app. Tap\xa0Site &\xa0App\xa0\xa0at the bottom. Tap Customize under Members App. Tap + Add Element. Tap Blog. Scroll down and tap the Blog Search element. Enable the Element Title toggle to add the search option to the top of your site on the member apps. Enter the name for the menu item. Tap Add. Tap Done.Step 2 | Customize the blog search s']",16.85067343711853
"I need help with our Google Ads campaign. I cant see our paid ad in the campaign list and Im wondering if it will appear after its been reviewed. Also, I want to know if the payment for our campaign will be automatically deducted from our credit card or if we need to top up the credit.","I can help you with your Google Ads campaign question!

1. Will my live ad appear?
Yes, your campaign can appear in Google search, YouTube, or a Google partner website (AKA Google Display Network). Note that showing ads on Google partner websites puts your ads in front of people before they start searching for what you offer, reaching potential customers while they're doing unrelated activities online.

2. How does my budget work?
You pay for one Google Ads with Wix subscription regardless of how many campaigns you run. You can also always buy extra ad credits with a one-time payment that are added on top of your subscription. Your ad credits are used to run your ads.

Regarding your campaign not appearing in the list, it's currently ""In Review"" status until the campaign content is approved by Google. Once reviewed and approved, your new campaign will appear in the campaigns page.

As for the payment, you don't need to top up your credit card immediately. You can choose a daily budget option when setting your campaign budget. The total monthly subscription amount will be adjusted based on your chosen daily spend.","["" of ad credits.\xa0You can also make a one-time payment to get more ad credits if you want to top up the bucket before your next subscription cycle.To set your ad budget and launch:\nChoose an option under Set campaign budget:\n    \nSelect preset budget: Choose a preset daily budget based on our recommendations that shows the average daily impressions you will receive as well as your total monthly subscription with this budget.\xa0 Enter custom budget: Enter an estimated daily spend for your campaign. When you enter a daily spend, the monthly ad credit subscription changes by default.   Click Save & Checkout to finish creating your campaign and submit your purchase.\nNote: If this isn't your first campaign, you won't see the checkout step. Instead, click Save & Launch to launch the newest campaign."", '2 and on others you’re charged $10. At the end of the month, your charges won’t exceed $152 (that’s 30.4 multiplied by your $5 budget, as explained in the FAQ above).Even though your campaign costs varied (tipping above and falling below your $5 budget from day to day), at the end of the month you will still be charged for the amount you budgeted.Where does my live ad appear?Your campaign can appear in Google search, YouTube or a Google partner website (AKA Google Display Network).Note: Showing ads on Google partner websites is helpful because it puts your ads in front of people before they start searching for what you offer. Reach potential customers while they are doing unrelated activities online (e.g. browsing their favorite websites, showing a friend a video, or using apps on mobile d', ""ee an estimate of ad clicks per day with your chosen budget.How your budget works with multiple campaigns:You pay for one Google Ads with Wix subscription regardless of how many campaigns you run. You can also always buy extra ad credits with a one-time payment that are added on top of your subscription. Your ad credits are used to run your ads.When you choose a daily budget for a new campaign, it's taken from the total 'bucket' of ad credits available for all campaigns in your account. To get more ad credits, Click Manage ad credits & budget in the campaigns page and increase your subscription.\nClick Launch to launch your new campaign.Your new campaign appears in the campaigns page. The status label is In Review until the campaign content is approved by Google.FAQsClick a question below t""]",34.083088397979736
How can I rename web links?,"To rename a menu item, hover over the relevant menu item and click the More Actions icon, then select Rename. Enter the new name for your item.","[""Wix Editor: Renaming a Page\nRename your pages so you can easily recognize them in the Pages panel. The new name that you select is automatically updated on all menus that display the page.\xa0To rename a page:\nClick Pages  on the left side of the Editor. Click the relevant page. Click the Show More icon . Click Rename . Enter the new page name. Click DoneImportant:As your site menu displays your page names, changing the name of a page also changes the text on your site's menu.If you would like to update the page URL, follow the steps here."", ""e their destination URL and remove items you no longer need.\xa0To manage your existing menu items:\nClick your menu in the Editor. Click Manage Menu.\xa0 Depending on what you want to do with your menu item, click below:Remove an item from the menu\nHover over the relevant menu item and click the More Actions icon . Select Remove From Menu.Note: Every menu on your site must have at least one item. If you only have one item left, you can't remove it from the menu. \xa0\xa0Rename an item\nHover over the relevant menu item and click the More Actions icon . Select Rename.\xa0 Enter the new name for your item.\xa0Change an item's linkYou can always change the link of a menu item so that it leads to a different page or web address.\xa0\nHover over the menu link and click the More Actions icon . Select Change Link. Chan"", ""itle of the editor version of your site. This helps you quickly identify the relevant site in your browser bar, especially if you are working on multiple Wix sites.These steps are only possible if you haven't connected a domain to your site. If you have a domain, you must unassign the domain first and then reassign the domain when finished.\xa0To change the browser tab title of your site editor:\n(Optional) Unassign your domain. Go to site's dashboard. Click Site Actions. Click Rename Site. Under Site Address (URL), enter the new browser title. (Optional) Reassign your domain.""]",14.657671213150024
"I tried updating the picture that shows up when sharing my website link, but it didnt work.",I don't know.,"[""lect Social share.\xa0\xa0\nClick Upload Image. Select an image or click + Upload Media to upload a new one. Click Add to Page. Publish your site.Did you know?You can also set the page's og:title and og:description from the Social share settings.Changing the og:image for a siteYou can also set one og:image for every page on your site to reinforce your brand, and provide a consistent sharing experience.\xa0To change the og:image for your whole site:\nOpen your site's settings. Click Website settings. Scroll down to General social image and click Upload Image. Select an image or click + Upload Media to upload a new one. Click Choose File to add it. Click Save at the top of the dashboard. Publish your site.FAQsSelect a question to learn more about og:images.Do my images need to be a specific size? Og:im"", ""Wix Editor: Updating the Og:Image on LinkedIn\nWhen sharing your site on LinkedIn, your og:image\xa0is displayed as well. If you see an incorrect image on your LinkedIn post, follow the steps below to update it.To update the share image on LinkedIn:\nSet an og:image for each page of your site you want to share from inside the Editor.\xa0 Log in to LinkedIn.\xa0 \xa0 \xa0 Go to the LinkedIn Post Inspector: https://www.linkedin.com/post-inspector/. Enter the URL of the page, article, or blog post that you want to share. The preview of your LinkedIn Post should now show the correct image.Important:\nLinkedIn uses its own criteria to choose the best title, description, and image for the pages that get shared on it. While it's likely that LinkedIn will use the information that you added in your Editor, it's not "", ""te is posted or shared.\xa0\xa0Update LinkedIn if it is not displaying the image or text you setNote that even after making updates, LinkedIn sometimes continues to display old information it previously saved. You can fix this by updating LinkedIn.Click here.\xa0Enter your site's web address (URL) in the URL field.Click Inspect.Tip:\xa0If you've followed the steps and the outdated info is still displayed, click the Inspect button a few more times.Want to learn more?Check out our complete step-by-step\xa0guide to blogging\xa0or watch the video in Wix Learn on\xa0promoting your blog on social media.""]",13.741937637329102
I want to know how to go back to the history of my Wix site.,"To view your site's history, you can follow these steps:

1. Click on ""Site History"" in the top right corner.
2. Alternatively, you can click on ""Go to Site History"".
3. You can also access your site history from the Studio Editor or the Wix Editor by clicking on ""Site"", then ""History"".

In all cases, this will take you to a list of previous versions of your site, where you can browse through them and restore a previous version if needed.","[""Viewing and Managing Your Site History\nYour site history is a record of every time that you (or someone working on your site) has saved or published within your Editor. You can access your site history to check when a change was made, who performed the change or to restore a previous version.\n\n        Click to go to site history\n    \n\n\n        View site history\n      \n\nViewing your site historyYou can access your site history from your Editor or site's dashboard.Wix EditorStudio EditorDashboard\nClick Site on the top of the Editor. Click Site History.\nClick Go to Site History.\xa0\nClick the Wix Studio logo on the top left of the Studio Editor. Click Site. Click Site History.\nGo to Site & App\xa0in your site's dashboard. Scroll down and click\xa0Site History.Once there, you can browse through the rec"", ""tor:\nClick Site at the top of Editor X. Select Site History. Use the list to find the Wix Editor version you want to restore. Click the Arrow icon \xa0next to the relevant revision. Review the revision to make sure it's the one you want to restore. Click Restore.Restoring your site from the dashboardIf you're not currently working inside the Editor, you can also use the dashboard to go back to the Wix Editor. In your site's settings you have full access to your previous versions, so choose the one you need and restore it.\xa0To restore your site from the dashboard:\nGo to your\xa0site's dashboard. Click Settings on the left. Click Website Settings. Under Site History, click Restore Versions. Use the list to find the Wix Editor version you want to restore. Click the Arrow icon \xa0next to the relevant r"", 'unt settings).   Press\xa0Enter on your keyboard. Take a\xa0screenshot\xa0of the information. Send your screenshot to Wix Customer Care.\xa0\nOpen the Terminal:\n    \nPress\xa0Cmd\xa0+\xa0Space\xa0to launch Spotlight. Type\xa0Terminal\xa0and select\xa0Terminal\xa0from the search results.  \nEnter the URL of your site in the Terminal:\xa0\n    \n(If you connected a domain to your site) Type\xa0traceroute www.url.com\xa0(replacing ""url.com"" with your domain name).\xa0 (If you have a free site) Type\xa0traceroute site-url-prefix.wixsite.com\xa0(replace ""site-url-prefix"" with your Site URL prefix, located in your account settings).   Press\xa0Enter\xa0on your keyboard. Take a screenshot\xa0of the information. Send your screenshot to Wix Customer Care.\xa0']",23.173875093460083
I need to know how to clear my browser cache.,"There are multiple ways to clear your browser cache depending on the browser you use:

- Chrome: Click the drop-down next to Time range and select All time. Make sure the box is checked next to Cached images and files, then click Clear data.
- Firefox: Click the drop-down next to Time range to clear: and select Everything. Make sure the box is checked next to Cache, and click Clear now.
- Safari: Press Cmd + , to open Preferences, then click Advanced tab, check the box next to Show Develop menu in menu bar (at the bottom of the window), go to Develop > Empty Caches.

Note that this keyboard shortcut is relevant for all supported browsers except Safari.","["" + Shift + Del (press Cmd + Shift + Delete using a Mac). Click the drop-down next to Time range and select All time. Make sure the box is checked next to Cached images and files. Click Clear data.\nClose and reopen Chrome.\xa0\nPress Ctrl + Shift + Del (press Cmd + Shift + Delete using a Mac). Click the drop-down next to Time range to clear: and select Everything.\xa0 Make sure the box is checked next to Cache. Click Clear now.\nClose and reopen Firefox.\xa0\nPress Cmd + , to open Preferences.\xa0 Click the Advanced tab.\xa0 Check the box next to Show Develop menu in menu bar (at the bottom of the window). Click Develop in Safari's menu bar. \xa0Click Empty Caches.\nClose and reopen Safari.\xa0\nPress Ctrl + Shift + Del (press Cmd + Shift + Delete using a Mac). Make sure the box is checked next to Cached data and fi"", 'a new tab on your browser and make sure Wix.com is not open on any tabs or windows.\xa0 Press\xa0Ctrl\xa0+\xa0Shift\xa0+\xa0Del\xa0(press\xa0Cmd\xa0+\xa0Shift\xa0+\xa0Delete\xa0using a Mac) then click below for browser-specific instructions. \nNote: This keyboard shortcut is relevant for all supported browsers except Safari (see below).\xa0Chrome\nClick the drop-down next to\xa0Time range\xa0and select\xa0All time. Make sure the box is checked next to\xa0Cached images and files\xa0then click\xa0Clear data.\n Close and reopen Chrome.\xa0Firefox\nClick the drop-down next to\xa0Time range to clear:\xa0and select\xa0Everything.\xa0 Make sure the box is checked next to\xa0Cache\xa0and click\xa0Clear now.\n Close and reopen Firefox.\xa0Safari\nPress\xa0Cmd\xa0+\xa0,\xa0to open Preferences.\xa0 Click the Advanced tab.\xa0 Check the box next to\xa0Show Develop menu in menu bar\xa0(at the bottom of the window). C', ""Wix Editor: Clearing Your Browser's Cache on a Mobile Device\nTo clear cache on your mobile device, click the relevant link below:Android: Clear cache & cookiesClear the history and cookies from Safari on your iPhone, iPad, or iPod touch""]",25.561439990997314
Im having an issue with changing the name of a menu item on my site using the Wix Editor.,I don't know.,"[""Wix Editor: Changing the Text on a Menu Item\nYour menu item text is taken directly from your site's page names. When you change a page name, you can see the menu item text change instantly.If you have added a link to your menu, such as an anchor or external URL, you can also change the menu item text by the following the steps below.To change the text on a menu item:Click Menus & Pages on the left side of the Editor.\xa0Hover over the relevant page/menu link.Click the Show More icon .Click Rename .\xa0Type the new page name.Click Done"", 'own menu at the top left of the Editor.\xa0Click the Show More icon next to the page containing the Wix Hotels app (e.g. ""Rooms & Rates"" or ""Book a Room"").Click Rename.Enter the name you want to use and click Done.', ""Wix Editor: Renaming a Page\nRename your pages so you can easily recognize them in the Pages panel. The new name that you select is automatically updated on all menus that display the page.\xa0To rename a page:\nClick Pages  on the left side of the Editor. Click the relevant page. Click the Show More icon . Click Rename . Enter the new page name. Click DoneImportant:As your site menu displays your page names, changing the name of a page also changes the text on your site's menu.If you would like to update the page URL, follow the steps here.""]",10.931287288665771
I need to know how to transfer the edited page from the copy version of my site to the original version.,"To transfer the edited page from the copy version of your site to the original version, follow these steps:

1. Open the Editor for both the original and copied sites.
2. Select the elements you want to transfer from one site's Editor to another by right-clicking and selecting ""Copy"" (or press Ctrl+C/Cmd+C on a Mac).
3. Go to the original site's Editor.
4. Paste the selected elements by right-clicking and selecting ""Paste"" (or press Ctrl+V/Cmd+V on a Mac).","[""your site's dashboard. Scroll down and click\xa0Site History.Once there, you can browse through the recent revisions to your site, see who made the changes and when they were made. Click the Arrow\xa0icon\xa0\xa0next to the version you want to view.Restoring an older site versionRevert your site back by restoring a previously saved or published version. Keep in mind that restoring a version erases any changes made after that specific version.Important: When you restore your site, some elements are not affected.\xa0To restore a site version:\nGo to your site history. Click the Arrow icon  next to the relevant version. Review the revision to make sure it's the one you want to restore. Click Restore.Tips:\nTo filter site history, click the\xa0Show\xa0drop-down menu. You can filter to find saved, published, and star"", ""ur site if you want to come back to it later.Building your site contentAfter you create a new site, add elements to build content for visitors. You can choose new elements from the Add Elements panel, or copy and paste elements from another site for a quicker, easier experience.Did you know?You can also copy and paste pages between your sites.To copy and paste elements between sites:\nOpen your previous site's Editor. Click the element you want to copy, or\xa0multi-select several elements. Right-click and select\xa0Copy, or press\xa0Ctrl+C\xa0(Cmd+C\xa0on a Mac). Open the relevant page in your new site's Editor. Paste the elements by doing one of the following:\n    \nRight-click and select\xa0Paste, or press\xa0Ctrl+V\xa0(Cmd+V\xa0on a Mac). Right-click and select\xa0Paste & Apply Site Theme, or press\xa0Ctrl+Shift+V\xa0(Cmd+S"", ""ed changes will be lost. Click\xa0Leave Page\xa0to confirm.\xa0If the changes saved, you can always go back to a previous version using your site history.How do I hide a page from my site if it's not ready for my visitors to see?If you are still working on a certain page, you can\xa0hide it from your site menu until you're ready for visitors to see it. Learn more about hiding pages from menusCan I go back to a previous saved or published version of my site?You can restore and republish an older version of your site at any time. Learn how to view and restore previous versions of your site""]",25.285265922546387
Im having trouble removing a lightbox I added for subscriptions in the Wix Editor.,"To delete a lightbox, click the More Actions icon  next to the relevant lightbox. Choose what to do next and select Delete. Then, confirm by clicking Delete in the pop-up to remove it completely from your site.","['Wix Editor: Managing Your Lightboxes\nLightboxes are a great way to display important information in a pop-up window, like announcements, sales, and news. After creating a lightbox, you can rename it, duplicate it to quickly create another or link it to an element that visitors click to open the pop-up.In this article, learn more about:\nOpening lightboxes in the editor Renaming a lightbox Linking elements to a lightbox Duplicating a lightbox Deleting a lightbox Adding a link to the lightbox Close buttonOpening your lightboxesAccess your lightbox from the Menus & Pages panel to edit its design and content, or manage it as needed.To open a lightbox:\nGo to your editor. Click\xa0Pages & Menu\xa0 on the left side of the editor. Click\xa0Lightboxes. Click the relevant lightbox to open it.Renaming a lightb', 'e.To delete a lightbox:\nClick the\xa0Page\xa0drop-down at the top of ADI. Click the Settings icon  next to your lightbox page. Click Delete. Click Delete to confirm.', 'r. Click the More Actions icon  next to the relevant lightbox. Choose what to do next:Rename a lightbox\nClick Rename.\xa0 Enter a new name for your lightbox.Duplicate a lightbox\nClick Duplicate Lightbox. Enter a name for your new lightbox. (Optional) Set up the lightbox triggers and customize the design.\xa0Delete a lightbox\nClick Delete. Click Delete in the pop-up to confirm.Note: Deleting a lightbox removes it completely from your site.']",14.621193885803223
I accidentally erased something in the Wix Editor and I need to add it back on.,"To add back what you accidentally erased in the Wix Editor, follow these steps:

1. Go to your site's dashboard.
2. Click Settings on the left.
3. Click Website Settings.
4. Under Site History, click Restore Versions.
5. Use the list to find the version before you erased something (you can review previous versions by clicking the Arrow icon next to each revision).
6. Click Restore.

This will restore your site from the Wix Editor version before you made any changes that caused the problem.","[""ist to find the Wix Editor version you want to restore. Click the Arrow icon \xa0next to the relevant revision. Review the revision to make sure it's the one you want to restore. Click Restore.Tip:If you haven't published your Editor X site yet, you can go back to Wix Editor by clicking Help at the top and selecting Restore to Wix Editor.\xa0"", ""Editor X: Reverting to the Wix Editor Version of Your Site\nView previous Wix Editor versions of your site to see how it looked, and restore a version if needed. This means you can always go back to Wix Editor if you prefer designing on that platform.\xa0In this article, learn how to restore your site:\nFrom Editor X From your site's dashboardImportant:The option of moving your site from Wix Editor to Editor X is currently unavailable.\xa0Restoring your site from the EditorYou can revert to Wix Editor at any point while working in Editor X. The Site History section shows all of your site's previous versions, so choose the one you need and restore it in just a click.\xa0To restore your site from the Editor:\nClick Site at the top of Editor X. Select Site History. Use the list to find the Wix Editor ver"", ""tor:\nClick Site at the top of Editor X. Select Site History. Use the list to find the Wix Editor version you want to restore. Click the Arrow icon \xa0next to the relevant revision. Review the revision to make sure it's the one you want to restore. Click Restore.Restoring your site from the dashboardIf you're not currently working inside the Editor, you can also use the dashboard to go back to the Wix Editor. In your site's settings you have full access to your previous versions, so choose the one you need and restore it.\xa0To restore your site from the dashboard:\nGo to your\xa0site's dashboard. Click Settings on the left. Click Website Settings. Under Site History, click Restore Versions. Use the list to find the Wix Editor version you want to restore. Click the Arrow icon \xa0next to the relevant r""]",25.189682483673096
Im trying to connect my business Instagram account to my Wix site.,"To connect your business Instagram account to your Wix site, follow these steps:

1. Click Get Started.
2. Sign in with your Facebook account.
3. Connect your Facebook assets (Facebook Page and Meta Business Account).
4. Make sure your Instagram Business account is connected to the same Facebook page as your Facebook assets.
5. Go through the steps to add your Instagram assets, then click ""Connect Assets"".
6. Click on the Instagram app in your Wix editor and click ""Settings"", then click ""Connect Personal Account"" and allow permission.
7. Publish your site, log out of Instagram, log back into Instagram, go back to your Wix editor, click the Instagram Feed app, select the feed you want to display, and click ""Continue"".

Note that this option is only available if you have multiple Instagram feeds linked to your account.","[""ur business to your audience likely to share contact info or submit a form.   Click Get Started. Sign in with your Facebook account.Step 2 | Connect your Facebook assetsThe next step before is to connect your Facebook assets to Wix. These include:\nYour Facebook Page A Meta Business Account A Facebook Pixel & CAPIIf you have previously connected a Facebook Pixel in Marketing Integrations, your assets should already be connected to Wix.If you want to advertise on Instagram:Make sure your Instagram Business account is connected to the same Facebook page you're using for your Facebook assets. You can do this from Facebook. Learn more about connecting your Instagram.To connect your Facebook assets:\nClick Add Facebook Assets. Go through the steps to add your assets. Next click Connect Assets to "", ""pp.\xa0Note:This will only work if you've previously connected your Instagram to your Wix site.\xa0To connect a specific feed:\nClick the Instagram app in your Wix editor. Click Settings. Click Connect Personal Account. Click Allow on the popup. Publish your site. Go to your Instagram account. Log out of Instagram to refresh the connection. Log back into your Instagram account. Go back to your Wix editor. Click the Instagram Feed app. Click Settings. Click the Select feed drop-down and select the feed you want to display.\nNote: This option is only available if you have multiple Instagram feeds linked to your account. Click Continue on the popup. Publish your site.Disconnecting your Instagram personal accountDisconnect your Instagram personal account to connect a different account.To disconnect yo"", 'Wix Inbox: Connecting Instagram to Inbox\nConnect your Instagram page to Wix Inbox to manage Instagram messages in the same place as your other communication channels. This keeps your customer interactions organized and easier to manage, and prevents you from having to switch between platforms.All messages sent to your Instagram page appear in your Wix Inbox. From your inbox, you have the option to respond via Instagram or other channels, such as email or chat.In this article, learn more about:\nConnecting your Instagram page to Wix Inbox Managing Instagram messages in Wix Inbox TroubleshootingImportant:\nIn order to connect Instagram to your inbox, you must have an Instagram professional account that is connected to a Facebook page.\xa0 Make sure to use a desktop computer rather than mobile dev']",33.07393455505371
I want to update the Wix Editor to the new Wix Studio Editor.,"Unfortunately, you won't be able to update a Wix Editor site directly to the Wix Studio Editor in 2024. However, if you're ready to make the switch, it's a great time to do so now, as the Wix Studio offers powerful design features and a collaborative workspace.","[""Studio Editor Request: Switching to Wix Editor\nIf you've started creating a site in the Studio Editor, it is not possible to switch to the Wix Editor.\xa0We are always working to update and improve our products, and your feedback is greatly appreciated."", 'or X to Wix Studio in the coming months. Eventually, all Editor X sites will be updated to Wix Studio.\xa0Don’t worry—you’ll get plenty of notice before this happens.Can I update Wix Editor sites to Studio?We know a lot of you have asked for an option to update Wix Editor sites to Wix Studio, but it’s currently not in our plans for 2024.Switch to Wix Studio:If you haven’t stepped into the Studio yet, now’s a great time to make the switch. Packed with powerful design features on top of all the capabilities you already know, plus a brand new collaborative workspace, Wix Studio allows you to deliver exceptional work at scale.', 'Wix Editor: Rebuilding Your Site in the Studio Editor\nIf your site was originally created using the Wix Editor, it is not possible to migrate it to the Studio Editor. In order to take advantage of the new features and functionality, please rebuild your site in the Studio Editor.\xa0']",14.900561332702637
I want to know if theres a way to hide a page on my website but still send a link for people to access it.,"Yes, according to the context, you can create a link on another site page that leads to the restricted page, allowing your visitors to access it.","[' the landing page of your site only, hide the other pages of your site from search engines.', ""| (Optional) Hide the page from your site menuIf you don't want site visitors to see that there is a page they can't access, you can hide it from your site menu.\xa0Learn how to hide pages from your site menu in the Wix Editor and in the Studio Editor.\xa0After creating restricted pages, you can:\nCreate an email marketing campaign and send it to selected customers.\xa0 Create coupons and discounts and send them to customers who have access to exclusive store pages.\xa0 Create a link on another site page that leads to the restricted page.\xa0"", "" Hover over the relevant page. Hold the Reorder icon \xa0next to the page and drag it to the desired location.\xa0Deleting a pageRemove a page from your site at any time.Tip:You can also hide a page temporarily if you don't want to publish it yet. See Hiding a page below.To delete a page:\nClick Pages  at the top of Editor X. Hover over the relevant page and click the More Actions icon . Click Delete. Click Delete Page to confirm.Hiding a pageIf you would like to hide a page temporarily, or are still working on a page and you don't want to publish it yet, you can hide it from your menu and / or search results. Your site visitors are unable to access hidden pages unless you link to them.\xa0Click below to learn how to:Hide a page from a menu\nClick your menu in Editor X. Click Manage Menu. Hover over ""]",13.407917737960815
I want to make a duplicate version in the dashboard of my site for testing and trying new things.,"To duplicate a site copy from the dashboard, follow these steps:

1. Go to your site's dashboard.
2. Click Home on the left.
3. Click the Site Actions icon.
4. Click Duplicate Site.
5. Enter a name for the duplicate site.
6. Click Duplicate.

This will create a safe space to experiment with different site pages and design elements without affecting your live site.","[""Duplicating Your Site\nMake a copy of your site so you have a safe space to experiment with different site pages and design elements. Any changes you make to the copy do not affect your live site. You can also transfer the duplicate to another account.\n\n        Click to duplicate your site\n    \n\n\n        Duplicate your site\n      \n\nDuplicating your siteLearn how to duplicate your site from your editor or dashboard.DashboardWix Editor Editor XStudio Editor \nGo to your site's dashboard. Click Home on the left.\xa0 Click the Site Actions icon . Click Duplicate Site.\xa0\nEnter a name for the duplicate site. Click Duplicate.\xa0\nGo to your editor. Click\xa0Site\xa0at the top of the editor. Click Duplicate Site.\xa0\nEnter a name for the duplicate site. Click Duplicate.\xa0\nGo to your editor. Click\xa0Site\xa0at the top of "", "" need to make new versions that differ slightly from one another. This works well if you have clients with similar, but slightly different needs, and want to use the same template design, for example.\xa0To duplicate a proposal template:\nGo to Proposals in your site's dashboard.\xa0 Click Manage next to Saved Templates at the top right. Click the More Actions icon\xa0 next to the relevant existing template. Click Duplicate template.\xa0Editing proposal template infoYou can change the proposal template name and thumbnail, and add a note whenever you need. This is useful when you duplicate an existing template and need to tell the two copies apart.\xa0To edit an existing proposal template's information:\nGo to Proposals in your site's dashboard.\xa0 Click Manage next to Saved Templates at the top right. Click "", "" tab. You can also choose to tell search engines to ignore this link so it won't appear in search results. Click Save.Duplicating a questionIf you have a question that you want to use as a template for a new question, you can duplicate it in your site's editor or your dashboard.\xa0Learn how to duplicate a question in: Your site's editor\nClick the FAQ app in your editor. Click\xa0Manage Questions.\nNote:\xa0If a pop-up does not open, try\xa0turning off your pop-up blocker\xa0or updating your browser version. Hover over the question that you want to duplicate. Click the\xa0Show More\xa0icon\xa0. Select Duplicate from the drop-down menu.\n Edit the question and answer. Select a new category for the question if required under Choose a category. Click\xa0Save.Your site's dashboard\nGo to FAQs in your site's dashboard Hover""]",23.835105180740356
I need to block access to my website from countries other than the UK. Can you provide information on how to achieve this?,"Unfortunately, I don't know. The context only mentions using the Blocky IP & Country Blocker app or the Wix enterprise solution's IP Allowlisting feature, but it doesn't provide specific instructions on how to block access from countries other than the UK using these methods.","['Request: Blocking Specific IP Addresses\nCurrently, it is not possible to block specific IP addresses or visitors from specific locations from accessing your site.Workaround:You can use the Blocky IP & Country Blocker app by Effective Apps from the Wix App Market to block IP addresses and countries.Note: Wix prevents registration and use of services from certain countries.We are always working to update and improve our products, and your feedback is hugely appreciated.\xa0', 'Third-Party App: Blocky IP & Country Blocker by Effective Apps\nWith the Blocky: IP & Country Blocker app by Effective Apps, you can block unwanted visitors, bots and scammers from accessing your site. After a visitor is blocked, they are automatically redirected to a page of your choice on your site.Important:This app is only available in English.\xa0Features and benefits include:\nBlock visitors from certain countries from accessing your site Block specific visitors by their IP address Reduce harassment and fraud caused by bots and scammers Immediately block multiple countries with a click of a buttonCheck out the Blocky: IP & Country Blocker app by Effective Apps to get started.\xa0For questions or comments, contact Effective Apps directly:\nWebsite: https://effectify.co/ Email: support@effectif', ""Enterprise Solution: Managing Access to Your Sites using IP Allowlisting\nIP allowlisting is a method for restricting access to a URL. It works by checking the Internet Protocol (IP) addresses of visitors against a list of approved IP addresses. If a visitor tries to access a URL from an IP address that is not on the list, they are automatically blocked. This can help prevent unauthorized access to a site's resources.You can use the Wix enterprise solution's IP Allowlisting feature to create rules that limit access to your sites. For example, you can create a rule to allow access only to visitors from your organization's IP addresses. Select which URLs on your account that you want to include in your rule and enter the IP addresses that are allowed to access them.\xa0Learn more about Wix Studi""]",19.12772798538208
I need help setting up an email for website messages to go to instead of mine.,"To set up an email for website messages to go to instead of yours, you'll need to add a mail-forwarding DNS record. You can do this by going to Do → Other (provider not on the list) and following the steps to get your provider's MX records. After getting your provider's MX records, add the Forwarder DNS record.

A Forwarder DNS record allows you to forward incoming emails from Wix.com to another email address. To set up a mail-forwarding DNS record, go to your email provider's settings and follow their instructions for adding a forwarder record. The steps will vary depending on your email provider, but the general process is:

1. Get your email provider's MX records (and any other necessary DNS records).
2. Go to Do → Other (provider not on the list) and proceed.
3. Follow your email provider's instructions for adding a forwarder record.

Once you've added the forwarder record, Wix will be able to forward website messages to your specified email address instead of yours.","[""I purchased an email account from you for the following domain: {your domain name (e.g., www.mystunningwebsite.com)}. I've built a site on Wix.com and I'm using their name servers. Please provide me with the required MX records and any other necessary DNS records so that I can forward them to Wix and have my emails redirected back to you.Connecting your email by entering MX and other DNS recordsYou can add MX records or other DNS records to your domain manually. You may want to do this if your email provider has given you specific MX records required to connect your email.Some email providers require you to add additional DNS records. If instructed to do so, follow the steps here to add other DNS records (in addition to MX records).\xa0To add your provider's MX and other DNS records:\nGo to Do"", 'p-down menu and check if your email provider is listed:\n    \nIf your email provider is listed: Select them from the list and click Start Connecting. You\'ve just added your provider\'s MX records and do not need to continue adding them in the next steps. \xa0 If your email provider is not listed: Click Other (provider not on the list) and proceed to the next step.\xa0  Get your email provider\'s MX records (and any other necessary DNS records).Click here for an email template to use when contacting your email provider:""Dear {name of email host (e.g., GoDaddy)},\n\nMy name is {your name} and I purchased an email account from you for the following domain: {your domain name (e.g., www.mystunningwebsite.com)}. I\'ve built a site on Wix.com and I\'m using their name servers. Please provide me with the requi', ""t if necessary.\xa0To confirm a staff member's email address is correct:\nGo to Staff in your site's dashboard. Hover over the relevant staff member and click Edit. Enter the staff member's correct email address if required. Repeat steps 2 - 3 as necessary for other staff members.Step 3 | Send a test email to confirm that you can receive emailsSend yourself a test email to make sure that your email address is receiving emails.\xa0To send a test email: \nGo to Booking Settings in your site dashboard.\xa0 Click Emails & SMS notifications. Click Edit next to Send clients an email confirmation when they book.\xa0 Scroll down to the Create an email section and click More Actions under the email preview.\xa0 Click Preview & Test.\xa0\nClick Send Test Email in the top right.\xa0 Enter your email address in the Send to f""]",36.18593883514404
I need help with switching my websites template to a new design.,"To switch your website's template, follow these steps:

1. Create a new site.
2. Select a new template from the available options.
3. Apply an existing Premium plan to your new site (if desired).
4. Import elements, pages, and media from your old site into your new one.
5. Transfer your plan and domain to your new site.

Note: Keep in mind that creating a new site does not carry over the previous site's content or certain features, but you can copy and paste several elements between sites.","[""Switching Your Site Template\nWhile creating a website, we understand that you might have a change of heart and want to switch to another template. While it's not possible to switch to a different template for a site you already created, you can create as many sites as you want in your account. This means you can start over with a new template at any point.\xa0Once you have chosen your new template, you can import elements, pages and media from your old site, and transfer your plan and domain to it.Step 1: Choose your new templateGet started by selecting a new template from our huge range of professionally designed templates. There are a variety of options and categories available including portfolio sites, business services, eCommerce templates and more, so you can\xa0choose the best style for y"", "" a couple of minutes.Learn how to transfer your plan and domain to your new site.FAQsClick a question below to learn more about switching to a new site template..What will happen to my site's SEO if I start with a new template?Changing to a new site template can affect your site's SEO. You can learn more about site redesign and SEO with our dedicated blog post.What happens to my uploaded fonts?If you uploaded fonts to your old site, they will also be available in the Font drop-down in the new site.\xa0How can I vote for the feature to switch templates?If you would like to vote for the ability to switch your site's template, go to this article and click Vote for this feature at the bottom.\xa0"", ""Wix Editor: Getting a New Template for Your Site\nIf you want to switch your site's template, you can create a new site and select a template from the available options. You can also apply an existing Premium plan to your new site to ensure you still have all the features you need.\xa0In this article, learn more about:\nCreating a new site with a new template Building your site's content Assigning an existing Premium plan to your new siteYou should know:\nCreating a new site and applying your Premium plan does not carry over the previous site's content or certain features. However, you can copy and paste several elements between your sites. Changing to a new site template can affect your site's SEO. You can learn more about site redesign and SEO with our dedicated blog post.Creating a new siteGe""]",25.662668704986572
I need help putting an anchor on a page using the Wix Editor.,"To add an anchor in the Wix Editor, follow these steps:

1. Go to your editor.
2. Click ""Add Elements"" on the left side of the editor.
3. Click ""Menu & Anchor"".
4. Click ""Anchor"" under ""In-Page Navigation"", or drag it to the relevant location on your page.

Note: It is not possible to add an anchor to your page's footer.","[""Wix Editor: Linking to Anchors on Your Site\nAnchors are invisible position markers that you can place anywhere on your site. After adding anchors, there are several ways to direct your visitors to the important information they display.You can add the anchors to your site menu, link elements (e.g. buttons) to anchors and use an in-page menu for a page with many anchors. You can even create a unique anchor URL to share on other platforms.In this article, learn more about:\nAdding anchors to a site menu Displaying anchors on an in-page menu Linking elements to anchors Creating and sharing an anchor URLAdding your anchors to a menuAdd an anchor as an item to a menu on your site. When visitors click the item, they're brought to the anchor, so they don't need to scroll.To add an anchor to a menu"", ""Wix Editor: Adding, Renaming and Deleting an Anchor\nAnchors are an easy way to direct people to the bits of your site that matter most. You can add as many anchors as you need and rename them to easily recognize each one.\xa0In this article, learn more about:\nAdding an anchor Renaming an anchor Deleting an anchorAdding an anchorAdd anchors to important parts of your site. Then, link elements and menu items to your anchors so that visitors can easily access those sections.\xa0To add an anchor:\nGo to your editor. Click Add Elements \xa0on the left side of the editor. Click Menu & Anchor . Click Anchor under In-Page Navigation, or drag it to the relevant location on your page.Note:It is not possible to add an anchor to your page's footer.\xa0Renaming an anchorAfter creating a new anchor, give it a name t"", ""Wix Editor: About Anchors\nAnchors are invisible position markers. Place them on your pages to mark important content, then use your site's menu, an in-page menu or other elements (e.g. buttons) to quickly direct your visitors.How do anchors work?Anchors are markers that you add to your site to highlight an important section. They're only visible in your Editor, so visitors can't see them on your live site.\xa0You can add multiple anchors to your pages, which means they're especially useful for one-page sites that have a lot of content. By adding anchors and a way to access them, it's quicker and easier for visitors to find what they're looking for on your site.\xa0When you add an anchor, you can give it a name. This helps you to recognize and differentiate between your anchors when editing your ""]",23.47323489189148
I accidentally deleted a photo from the Wix Editor and lost all my work. Im still in the editor and dont know how to undo the deletion.,"To restore your site from the Editor, follow these steps:

1. Click Site at the top of Editor X.
2. Select Site History.
3. Use the list to find the Wix Editor version you want to restore.
4. Click Restore.

This should revert your site back to a previous version before you deleted the photo, allowing you to regain access to your work.","[""ist to find the Wix Editor version you want to restore. Click the Arrow icon \xa0next to the relevant revision. Review the revision to make sure it's the one you want to restore. Click Restore.Tip:If you haven't published your Editor X site yet, you can go back to Wix Editor by clicking Help at the top and selecting Restore to Wix Editor.\xa0"", ""Editor X: Reverting to the Wix Editor Version of Your Site\nView previous Wix Editor versions of your site to see how it looked, and restore a version if needed. This means you can always go back to Wix Editor if you prefer designing on that platform.\xa0In this article, learn how to restore your site:\nFrom Editor X From your site's dashboardImportant:The option of moving your site from Wix Editor to Editor X is currently unavailable.\xa0Restoring your site from the EditorYou can revert to Wix Editor at any point while working in Editor X. The Site History section shows all of your site's previous versions, so choose the one you need and restore it in just a click.\xa0To restore your site from the Editor:\nClick Site at the top of Editor X. Select Site History. Use the list to find the Wix Editor ver"", 'Wix Editor: Deleting an Image\nYou can delete any images you no longer want from your site at any time.To delete an image from your site:\nGo to your editor. Click the image in the editor. Press Delete on your keyboard.Note:If you have uploaded your own images, deleting them from your editor does not remove them from your Media Storage. You can add these images again at any time.']",10.17843222618103
"I created a website using the Wix Editor, but it’s not responsive.",I don't know.,"['Wix Editor Request: Responsive Sites\nResponsive sites resize themselves depending on the type of device they are being viewed from.Wix sites built in the Wix Editor are becoming more and more responsive as we continue to add more new and exciting full-width elements which expand to fill the entire width of the screen.We recommend using full-width elements on your site. If you are using elements such as text boxes and images that can’t be stretched to full width, make sure to keep them within the vertical grid lines so that your elements appear correctly on most screen sizes. Click here to learn more.The following elements are full-width and responsive:Strips and columnsAdd strips to your site and split them into columns. You can define how big you want each column and arrange your content ', ""Wix Editor: Troubleshooting Mobile Live Site Issues\nWix automatically creates a mobile-friendly version of your site using the content and elements you added from the desktop Editor. Your site on mobile is optimized to suit smaller screens and provide your visitors with a smooth experience.You may experience issues viewing your live site on mobile. Use the steps below to rule out potential causes, and help solve the issues.Troubleshooting stepsIf you are having trouble viewing your site on a mobile device, follow the troubleshooting steps below to rule out local or device issues.\xa0Step 1 | Check your operating system and browserMake sure that the device and browser you're using are supported and you're using the most up-to-date version. If not, you can download a new browser from the Apple "", ""Wix Editor: Refreshing and Optimizing Your Mobile Layout\nThe mobile-friendly version of your site is automatically created using the content from your desktop site.You can adjust the layout by dragging elements to different locations, or by using the layout optimizing tool. This tool optimizes the layout of your mobile site to suit smaller screens, and ensure that all of your visitors have a smooth browsing experience.Important:If you're building your site using our latest Editor experience, you won't have access to the Page Layout Optimizer tool. This is because Wix automatically optimizes your mobile layout in the new Editor experience.\xa0To optimize your mobile layout:\nClick\xa0Page Layout Optimizer\ufeff \ufeff\ufeff\xa0on the left side of the\xa0mobile Editor. Click Optimize Now.\xa0Note:\nYou can click Undo  to r""]",13.756375074386597
"I'm trying to copy a gallery page with pictures from one Wix site to another using the Wix Editor. The paste option appears, but the images do not transfer, and I do not get an option to upload the images.","You can add an image to more than one gallery, but you cannot move an image from one gallery to another.","[""y, you cannot transfer your Wix Photo Albums from one site to another. This means that you cannot share the content of your app across sites.\xa0If this is a feature you would like to see in the future, please click\xa0Vote for this feature\xa0in this article and we'll make sure to keep you updated."", 'Wix Editor Request: Moving Images from One Gallery to Another Gallery\nCurrently, you cannot move images from one gallery to another gallery.\nYou can however add an image to more than one gallery.We are always working to update and improve our products, and your feedback is hugely appreciated.', 'Wix Photo Albums Request: Transferring Your Albums from One Site to Another\nCurrently, you cannot transfer your Wix Photo Albums from one site to another. This means that you cannot share the content of your app across sites.\xa0We are always working to update and improve our products, and your feedback is hugely appreciated.']",8.457578659057617
Im having trouble connecting my Instagram business account to my Wix site. The instructions are saying to clear cookies if there are issues.,"To connect your Instagram business account to your Wix site, try clearing your browser's cookies before trying again. If you're still experiencing issues, make sure you have an Instagram professional account connected to a Facebook page and use a desktop computer instead of mobile device.","[""lem, remove the Wix Apps business integration in your Facebook settings and reconnect Instagram in your Wix Inbox settings.\nStill need help?If the problem persists,\xa0contact us\xa0with the information below:\nThe name or URL of your Wix site.\xa0 The name and version of the web browser you're using.\xa0\xa0 The name and version of your computer's operating system. A screenshot of your console view using the steps below:\n    \nOpen an incognito window in Google Chrome (Ctrl\xa0+\xa0Shift\xa0+\xa0N). Sign in to Wix and try to open your Editor.\xa0 Use the keyboard shortcut\xa0Ctrl\xa0+\xa0Shift\xa0+\xa0J\xa0(on PC) or\xa0Cmd\xa0+\xa0Option\xa0+\xa0J\xa0(on Mac). Click the\xa0Console\xa0tab at the top of the panel and refresh the page (F5). Take a\xa0screenshot\xa0of this tab.  Looking for more Wix Inbox integrations?You can connect additional channels such as Facebook"", 'am Feed app, follow the steps below to switch to a business account.To switch your account:\nSelect the app in your editor. Click\xa0Settings. Click Switch to Business Profile. Click Continue in the pop-up window.Important:If you have problems switching your account, try clearing Wix cookies from your browser before connecting.Disconnecting your Instagram business accountFollow the steps below if you want to disconnect your Instagram business account and connect a different account.To disconnect your account:\nClick the app in your Editor. Click\xa0Settings. Click\xa0Disconnect at the bottom.Troubleshooting Instagram business account issuesIf you are experiencing issues connecting the Instagram Feed app for your Instagram business account, try the steps below:Step 1 | Disconnect your Instagram person', 'Wix Inbox: Connecting Instagram to Inbox\nConnect your Instagram page to Wix Inbox to manage Instagram messages in the same place as your other communication channels. This keeps your customer interactions organized and easier to manage, and prevents you from having to switch between platforms.All messages sent to your Instagram page appear in your Wix Inbox. From your inbox, you have the option to respond via Instagram or other channels, such as email or chat.In this article, learn more about:\nConnecting your Instagram page to Wix Inbox Managing Instagram messages in Wix Inbox TroubleshootingImportant:\nIn order to connect Instagram to your inbox, you must have an Instagram professional account that is connected to a Facebook page.\xa0 Make sure to use a desktop computer rather than mobile dev']",18.334977626800537
I'm experiencing slow performance and unresponsive pages in the Wix Editor. How do I open my browser in incognito mode to troubleshoot this issue?,"You can open your browser in incognito/private mode to check if the problem persists by following these steps:

1. Open your browser.
2. Press Ctrl + Shift + N (Windows) or Command + Shift + N (Mac) to open a new, private window.
3. Navigate to your Wix Editor site.

OR

4. Go to your browser's settings, look for the ""Incognito"" or ""Private Browsing"" mode, and enable it.","[""migrate an Editor gallery to a Pro Gallery. If you'd like to see this feature implemented, you can vote for it here.Step 4 | Try our troubleshooting assistantIf you are still experiencing the issue after completing the steps above, we recommend using the Wix Technical Assistant. This is an interactive troubleshooter that guides you through steps such as enabling incognito mode, and opening your site on a different browser. Take me to the Wix Technical AssistantStill experiencing issues?If the steps in this article don't resolve the issue, you can contact our support team who will be more than happy to help. Make sure to include the following information so we can assist you as soon as possible:\xa0\nA description of the issue A screenshot of the issue The steps you have already taken to resolv"", ""Wix Forum: General Troubleshooting\nIf you're experiencing issues with the Wix Forum, check out this troubleshooting checklist to help resolve the issue.Troubleshooting Local IssuesOften issues arise locally, which means they can be resolved at home.\xa0Fixing local issues helps your computer's performance. We recommend trying the following:\nDisconnecting and reconnecting to your internet. Clearing your cache and cookies. Opening your site in a different browser.Tip:You can check if the issue you are encountering is cookie or cache related by opening your browser in\xa0incognito / private mode\xa0and see if the problem persists.Still having trouble?\nPlease go through our\xa0Technical Assistant, including clearing your browser's\xa0cache\xa0and\xa0cookies, to try to resolve this issue and to check whether you ar"", ""Wix Technical Assistant\nIf you're experiencing issues with your live site or editor, solve them with our interactive troubleshooter below.\xa0\n\n        View interactive troubleshooter\n    \n\n\n        Get started\n      \n\n\nTroubleshooting technical issues manuallyYou can also follow the steps below to resolve technical issues manually:1. Try incognito modeTry opening your site in incognito mode. If you are not experiencing issues in incognito mode then you're likely experiencing a local issue. Continue with the steps below.\xa02. Clear your cacheLocal issues can often be resolved by clearing your browser's cache. If the issue is not resolved, try disabling your browser's add-ons and extensions (see below).3. Disable add-ons and extensionsLocal issues can also be caused by extensions or add-ons (inc""]",21.42769503593445
Im experiencing a 404 error when trying to access my store page. It occurs on multiple platforms and with other users.,"I don't know. The provided context doesn't mention specific troubleshooting steps for 404 errors that occur on store pages or across multiple platforms, especially when accessed by other users.","[""that has been cached from a previously connected site. Learn more about old URLs appearing in search results.\xa0 Your page no longer exists (it was either deleted or the page URL was changed). If you changed your page URL after updating your site URLs, learn how to resolve the issue.\xa0Resolving 404 error messagesTo resolve a 404 error message, try the following:\nReload the page by pressing Ctrl + F5 (or Cmd + R on a Mac). Check that the URL you are trying to access is correct, then re-enter it in your address bar and press Enter. If you're trying to access a page other than your homepage, go to the homepage URL (e.g., www.mystunningwebsite.com), then access the page via a different link. If you received a 404 error on a dynamic page, click here to learn how to resolve the issue.\xa0 Use another "", "" received a 404 error on a dynamic page, click here to learn how to resolve the issue.\xa0 Use another supported browser. If the error only occurs in one browser, clear your browser's cache.\xa0Still need help?If the problem persists,\xa0contact us\xa0and we will be happy to help."", 'Live Site Error: Error 404 (Not Found)\nIf you receive an ""error 404 not found"" message when attempting to go to your live site, it means the page doesn\'t exist on the server at the URL you\'ve entered. This error message is an HTTP standard response code that most commonly occurs when clicking an outdated link that leads to a URL where a page used to exist.\xa0Common reasons for receiving a 404 errorReview the most common reasons you may see a 404 error below:\xa0\nYou haven\'t published your site yet.\xa0 You entered the wrong URL (web address) in your browser\'s address bar.\xa0 Your domain isn\'t properly connected. Learn how to troubleshoot your connection.\xa0 You clicked a link from search engine results that has been cached from a previously connected site. Learn more about old URLs appearing in search']",14.813808917999268
I want to know how to transfer the edited page from the copy version to my original site without overwriting the original page.,"To transfer the edited page from the copy version to your original site without overwriting the original page, you can paste elements between sites. 

Here are the steps:

1. Open the Editor of your previous site where you made changes.
2. Select the elements you want to transfer (or multi-select several).
3. Right-click and select ""Copy"" or press Ctrl+C (Cmd+C on a Mac).
4. Open the relevant page in your new site's Editor.
5. Paste the elements by doing one of the following:
    a. Right-click and select ""Paste"", or press Ctrl+V (Cmd+V on a Mac).
    b. Right-click and select ""Paste & Apply Site Theme"", or press Ctrl+Shift+V (Cmd+S).","[""Studio Editor Request: Copying and Pasting Pages Between Sites\nWhile you can duplicate site pages, it is not possible to copy and paste them to a different Studio Editor site in your account.\xa0Workaround:Save your sections as design assets. This lets you reuse sections you've designed for other Studio Editor sites in your account. \xa0We are always working to update and improve our products, and your feedback is greatly appreciated."", ""Duplicating Your Site\nMake a copy of your site so you have a safe space to experiment with different site pages and design elements. Any changes you make to the copy do not affect your live site. You can also transfer the duplicate to another account.\n\n        Click to duplicate your site\n    \n\n\n        Duplicate your site\n      \n\nDuplicating your siteLearn how to duplicate your site from your editor or dashboard.DashboardWix Editor Editor XStudio Editor \nGo to your site's dashboard. Click Home on the left.\xa0 Click the Site Actions icon . Click Duplicate Site.\xa0\nEnter a name for the duplicate site. Click Duplicate.\xa0\nGo to your editor. Click\xa0Site\xa0at the top of the editor. Click Duplicate Site.\xa0\nEnter a name for the duplicate site. Click Duplicate.\xa0\nGo to your editor. Click\xa0Site\xa0at the top of "", ""ur site if you want to come back to it later.Building your site contentAfter you create a new site, add elements to build content for visitors. You can choose new elements from the Add Elements panel, or copy and paste elements from another site for a quicker, easier experience.Did you know?You can also copy and paste pages between your sites.To copy and paste elements between sites:\nOpen your previous site's Editor. Click the element you want to copy, or\xa0multi-select several elements. Right-click and select\xa0Copy, or press\xa0Ctrl+C\xa0(Cmd+C\xa0on a Mac). Open the relevant page in your new site's Editor. Paste the elements by doing one of the following:\n    \nRight-click and select\xa0Paste, or press\xa0Ctrl+V\xa0(Cmd+V\xa0on a Mac). Right-click and select\xa0Paste & Apply Site Theme, or press\xa0Ctrl+Shift+V\xa0(Cmd+S""]",27.43516993522644
"Im experiencing an issue with my image on the website. When I try to resize it, the image gets cut off and then multiplies.","When you try to resize your image, it gets cut off and multiplies because ""Parts of it may be cut off"".","['displayed. Parts of it may be cut off.Scale to Fill: The image is resized to fill the available space. You may want to reposition it.Tile: The image is displayed in tile formation across the available space.Select a position for your image under Where is it positioned?.Tip: This is helpful if your image is not centered or is focused on the wrong area.Tip:Alternatively, you can crop the image to better fit the available space.', ""t happens to your images when they're resized.\nClick the\xa0Settings\xa0icon\xa0. Choose what to adjust:\xa0\n    \nAdd alt text: Enter the text in the\xa0What's in the Image? Tell Google\xa0text field. Add tooltip: Enter the text in the\xa0Does this image have a tooltip?\xa0text field. Reset the image to its original proportions: Click Reset Image Proportions. Set what happens when an image is clicked: Select an option from the dropdown:\n        \nNothing happens:\xa0Nothing happens when the image is clicked. A link opens:\xa0The image acts as a button and can be linked to a page, position or anchor on your site, an external URL, a document or an email address. It opens in a popup:\xa0The image opens in a\xa0popup window. It can be magnified:\xa0The cursor becomes a magnifying glass when a visitor hovers over the image. Clicking "", ""orners of the image with your mouse.   Click AI Extend. (Optional) Click Upscale to automatically improve the resolution of your image.\nNote: The maximum image width/height for upscaling is 2,000px. Upscaling your image may increase the size it appears on your site. (Optional) Change your image orientation: Rotate left , Rotate right , Flip horizontally \xa0or Flip vertically . Click Save.Notes:\nYour image can be extended up to 512px on each side, but the generated image should not be bigger than the maximum image size (3000px x 3000px) The minimum image size that can be extended is 64px x 64px. The image aspect ratio (i.e. ratio of the image's width to its height) should be within 2.5:1 and 1:2.5 to be able to extend the image.AdjustTweak your images with our selection of image adjustment to""]",16.42485547065735
"Im encountering an Error 403 ""We Looked Everywhere For This Page"" while trying to modify my website.","It sounds like you're having trouble accessing a page on your own website. Based on the context provided, I think the issue might be that the page is password protected or part of a private area on your site, but it's not indexed by Google. This would explain why you're seeing an ""403 Forbidden"" error.

Try making the page public and then request indexing from Google again.","[""Live Site Error: Error 403 (Forbidden)\nA 403 Forbidden error is an HTTP status code that means you are unauthorized to view the page you are trying to access.\xa0To resolve a 403 error message:\nMake sure the URL (web address) you entered is correct. Clear your browser's cache and cookies. Go to the web address you are trying to view again.Still need help?If the problem persists,\xa0contact us\xa0and we will be happy to help."", "" page's URL.\xa0Learn more about 404 errorsSubmitted, returned 403This means that you submitted this URL to Google for indexing, but Google was blocked when trying to crawl it. For example, you may have password protected this page, or it maybe be a private page in your Member's Area.If you want this page to be indexed, you need to make it a public page and then request indexing.Submitted, blocked due to other 4xx issueThis means that Google tried to access this page after you submitted it and found some other server issue that is not covered by the issues above.Warning statusesPages with warning statuses have issues that mean Google may or may not have indexed them. This means that the pages potentially do not appear in search results. Whether or not the pages are indexed depends on\xa0the page"", ""cently deleted the page, or it may be that there is no content on the page.\xa0Learn more about fixing soft 404 errorsSubmitted, returns unauthorized request (401)This means that Google tried to access this page after you submitted it for indexing, but it was blocked. For example, you may have password protected this page, or it maybe be a private page in your Member's Area.\xa0If you want this page to be indexed, you need to make it a public page and then request indexing.Submitted, not found (404)This means that you submitted this URL to Google for indexing, but Google could not find anything for this page because it doesn't exist. For example, this may happen after you delete a page or change a page's URL.\xa0Learn more about 404 errorsSubmitted, returned 403This means that you submitted this UR""]",21.595351219177246
Im having trouble adding a page to the horizontal menu on my website.,"To add a page to the horizontal menu on your website, follow these steps:

1. Go to the Editor X.
2. Click Add Elements on the top of Editor X.
3. Click Menu & Search.
4. Select Horizontal from the menu type.
5. Click and drag the new horizontal menu item into your desired location on the page.

If you're having trouble adding a specific page, you can try clicking Pages & Menu on the left side of the editor to see all available pages. Then, click and drop the relevant page section into the horizontal menu.","[' Styled Horizontal Menu:\nClick Add \xa0at the top of Editor X. Click Menu & Search. Click Styled Horizontal Menus. Drag and drop the relevant menu to the desired location on your page.\xa0 (Optional) Create a new menu with custom pages:\n    \nClick Manage Menu.\xa0 Click the drop-down under Which menu is displayed?. Click Manage Site Menus. Click + Add New Menu at the bottom to create the custom menu.\xa0  Designing a Styled Horizontal MenuFrom the Inspector panel, you can design every part of your Styled Horizontal Menu - the menu and submenu container, as well as the menu and submenu items.\xa0To design the menu:\nClick your Styled Horizontal Menu. Click the Inspector icon \xa0at the top of Editor X. Click the Design tab .\xa0 Select an option under What do you want to design?:\n    \nMenu container Menu items S', "" your site from the Add panel. There's several types of menus you can add to suit your needs.To add a menu:\nClick\xa0Add Elements \xa0\xa0on the top of Editor X. Click\xa0Menu & Search. Click a menu type:\n    \nHorizontal:\xa0Traditional horizontal site menu that usually appear in the header or footer of a website. Styled Horizontal: These advanced menus offer tons of unique customization options. You can tailor these menus to your exact needs, adjusting the layout and design of every single area.\xa0 Vertical:\xa0Vertically arranged menus that look great on the right or left sides of websites. Hamburger:\xa0Minimalist, space-saving menus where the menu items are only displayed when visitors click the menu icon. The menu has an open and closed state. Anchor:\xa0Floating vertical menu that displays anchor links. These"", '\xa0 on the left side of the editor. Choose what to do next:Clickable title (i.e. menu item)Drag and drop a menu item to nest it under another item, turning it into a subpage.\xa0\n\nDecide which menu item should be the submenu title. Drag all relevant menu items into the dropdown.\n\n Non-clickable titleAdd the dropdown as a new menu item and give it a title to nest additional items beneath it.\n\nClick Add Menu Item. Click Dropdown.\xa0 Enter the item title.\xa0 Click Done. Drag all relevant menu items into the new dropdown title.\n\n\nAdding a page section to your site menuSections are a great way to divide and organize your page content. Link to sections from your site menu so your visitors can be directed there with one click.To add a section to your site menu:\nGo to your editor. Click Pages & Menu \xa0\xa0 on ']",28.10005211830139
I want to change the preview picture that shows when using my URL.,"To change the preview picture for individual images, you need to create a clickable ""cover"" for each image. 

Here's how:

1. In the Editor, click on the Photo Albums and then click Manage Albums.
2. Click the More Actions icon  next to the album you would like to display and click View Album.
3. The album site opens in a new tab. Copy the URL in the address bar.
4. In the Editor, click the Add button. 
5. Click Image in the tab on the left. 
6. Click My Image Uploads. Select the photo that you want to serve as the album's ""cover"".
7. Once the image appears, click on the image and click the Hyperlink button.
8. Select Web Address from the options on the left.
9. Enter the address of the album site.
10. Under How does it open?, select New window: This will make the image appear as a clickable cover.

Note that you don't need to change the Wix Pro Gallery settings, just create individual covers for each image in your gallery.","['epresents an expanded version of the image. However, if you want to remove ""lightbox"" from your URLs, you can change the way that images open when your visitors click them.To stop ""lightbox"" appearing in image URLs:\nClick the gallery in your editor. Click the Settings icon . Click the When images are clicked drop-down menu and select either Nothing happens or A link opens.\nPublish your site.The next time that search engines crawl and index your page, they update the URLs that they use for the images on the page.\xa0If you want to try to speed up this process, you can submit the page\'s URL to search engines.', 'Wix Pro Gallery Request: Changing the URLs of Individual Images\nCurrently, the URLs of individual images in the Wix Pro Gallery are generated automatically. It is not possible to change them.We are always working to update and improve our products, and your feedback is hugely appreciated.', 'bum\'s URL\nIn the Editor, click on the Photo Albums and then click Manage Albums. Click the More Actions icon \xa0next to the album you would like to display and click View Album. The album site opens in a new tab. Copy the URL in the address bar.Step 2: Create a clickable ""cover""\nIn the Editor, click the Add button. Click Image in the tab on the left. Click My Image Uploads. Select the photo that you want to serve as the album\'s ""cover"".\n    \nClick here to upload the image to your Media Manager.   Once the image appears, click on the image and click the Hyperlink button. Select Web Address from the options on the left. Enter the address of the album site. Under How does it open? select:\n    \nNew window: The album site opens either in a new tab or window, depending on your browser settings. Cu']",33.33076238632202
I want to use pre-set Wix website designs.,"You can use pre-set Wix website designs through the Wix Logo Maker. With a Just Logo / Free plan or Logo and Online Presence plans, you can choose from available templates that are generated based on your logo's design.","[""Wix Channels: Creating and Using Custom Templates\nAre you looking to save time and streamline your site creation process? Create custom templates from your Channels dashboard to optimize your workflow.With custom templates, you can create fully customized sites and transform them into reusable templates, eliminating the need to start from scratch with each site. This powerful tool allows you to focus on delivering exceptional results while saving time.Start by creating your perfect Wix site. Customize the layout, design and apps to align with your vision. Then, save it as a template. For future projects, just choose the template you want to start with and then customize it based on each customer's requirements.Templates can be created for sites built on the Wix Editor or sites built with W"", ""Wix Logo: Creating a Branded Site in the Wix Logo Maker\nGet your brand online in just a few clicks, with a branded website designed automatically for you.Wix generates website templates based on your logo's design, which you can customize completely to suit your needs. Available templates vary depending on the Wix Logo plan you have.Learn more about getting a branded site with:\nJust Logo / Free plans Logo and Online Presence plans FAQsCreating a branded site with a Just Logo / Free planChoose from 3 branded site templates available with Just Logo or Free plans. Then customize your chosen template to suit your brand.To get a branded site:\nGo to the\xa0Brand Studio. Click the My Brands drop-down at the top. Select the relevant brand.\nScroll to the\xa0Get a branded website\xa0section. Hover over the w"", ""Wix Editor: Getting Started with the Wix Editor\nThe Wix Editor is the platform you use to build and edit your website. It is packed full of features to help you create a unique, sophisticated site.\xa0The website builder allows you to customize and build your site in a variety of ways, such as adding and customizing elements, and choosing a color and text theme.Opening the Wix EditorAccess the Editor to get started and begin creating a site that's perfect for you and your needs.\xa0To open the Editor:\nGo to your site's dashboard. Click\xa0Edit Site\xa0next to your site's name.Adding and customizing elementsThe Wix Editor contains hundreds of stunning, customizable elements that you can use to create your site. Choose from images, text, shapes, strips and more to create your site.\xa0Click Add Elements \xa0o""]",19.663749933242798
Im having trouble adjusting the page height in the Wix Editor for a page without a footer. The section will not moving as expected.,I don't know.,"[""Wix Editor: Changing the Length of Your Page\nYour site pages do not have a predetermined size, and they automatically adjust their length to accommodate the content you add to them. This ensures that your information and elements aren't cut off on your live site.\xa0You can manually change the length of your pages to make them longer or shorter, depending on your layout and content needs.In this article, learn more about:\nChanging the length of your page FAQsChanging your page lengthResize your page with the Page Height handle in the editor. You can find this handle in different places on your site, depending on whether you do or don't have a footer on that page.\xa0To change the height of a page that has a footer:\nClick your footer. Click and drag the Adjust Page Height handle on the top of the"", ""Wix Editor Request: Removing the Space Under the Footer\nYou may see a gap under your footer on some screens. This appears because your site's content is shorter than the viewport height.\xa0Currently, Wix offers solutions to help you build a horizontally responsive site. Click here to learn which elements are horizontally responsiveWe are still working on solutions for vertical responsiveness. In the meantime, you can try our recommendations. Learn more about space under your footer and view possible solutionsWe are always working to update and improve our products, and your feedback is greatly appreciated."", ""oter that's covering your element. Freezing a footer means that it's always visible as visitors scroll up and down the page.\xa0\nClick the footer in your Editor. Click the Settings icon . Check the Freeze Footer toggle:\n    \nEnabled: You can either disable this option or resize the footer so that it doesn't overlap with your element. Disabled: Try resizing the footer so that it doesn't overlap with your element.  Still having issues?Contact Wix Customer Care and we'll be happy to help solve the issue.\xa0""]",13.602292776107788
Im having trouble adding content to a repeater in the Wix Editor. I need assistance with this issue.,"You're having trouble adding content to a repeater in the Wix Editor. To add an element to a repeater, drag elements such as text, images, or buttons onto its items/containers. You can adjust the size of the repeater or remove elements to make sure everything you need fits.","['"" role.\xa0   Click Save.\xa0Step 2 | Add and customize your repeaterAdd a repeater then drag elements such as text, images, or buttons onto its items/containers. You can adjust the size of the repeater or remove elements to make sure everything you need in the repeater can fit. When you add an element to a repeater, the element is automatically added to each repeater item.\xa0Later, you will connect the elements to collection fields to replace the content. Each repeater item will show a different item from your collection.Wix EditorStudio Editor\nGo to your editor. Go to the page or section where you want to add your repeater. Click\xa0Add Elements\xa0\xa0on the left side of the editor. Click\xa0List. Click and drag the repeater you want to use onto the page.\xa0\nAdd or remove elements from your repeater. You can', 'Wix Editor: Adding and Managing Repeaters (Lists & Grids)\nA repeater is a list of items that have the same design and layout, but different content that you can customize per item (e.g., text, images). Repeaters make it easy to organize and show all kinds of information such as events, news and services.In this article, learn more about:\xa0\nAdding and setting up a repeater Adding content to the items Adding more items Changing the layout of a repeater Designing repeater items Connecting a repeater to a database collection Alignment issues in repeatersAdding and setting up a repeaterAdd a repeater so dynamic content flows and showcase multiple items like products or services in a structured format.\xa0To add and set up a repeater:\nGo to your editor. Click Add Elements \xa0on the left side of the ed', 'Wix Editor: Editing a Repeater Item\nEdit any of your repeater items at any time. Change the image or update the text.\xa0To edit text:\nClick the text box you want to edit.\xa0 Click Edit Text.To edit a button text:\nClick the button you want to edit.\xa0 Click Change Text & Icon. Edit the text in the What does it say? field.\nTo replace an image:\nClick the image you want to replace.\xa0 Click Change Image.\xa0 Select an image or click + Add Images to add your own.\xa0Important:All of the list items in your repeater have the same design and layout. This means that every design change you make to a list item affects the other list items in your repeater. (e.g. Adding a button to one list item adds a button to all of the list items in your repeater.)']",23.252655506134033
"My website displays correctly on PC and smartphone, but not on a tablet. The words on the page are off the screen.","Since the issue occurs only on iPads and tablets, not on desktop computers or smartphones, I would recommend checking your browser's cache and cookies to see if that resolves the problem. Make sure you are using the most recent version of Chrome or Safari on a supported operating system for iPads and tablets.","['Wix Editor: Troubleshooting Font Issues on Your Mobile Site\nDifferences in the way fonts render on mobile devices can cause issues on your live mobile site. View the info below to learn how to fix font issues on your mobile site.\xa0In this article, learn more about:\xa0\nFonts appearing differently on mobile sites Fonts not working on iPhone operating systems (iOS)Fonts appearing differently on mobile sitesDifferent browsers and devices use a variety of rendering engines which may result in minor differences in the way your font appears. Fonts also render differently between iOS and Android, and the significance of the difference can vary from font to font.\xa0Various factors can cause elements to become misaligned or overlapped on your live site. Learn how to resolve text alignment issues on your ', ' a supported, default font is not appearing on your mobile device, or if you are experiencing other issues with text on your site, contact us and we will be happy to assist you.', ""Troubleshooting iPad and Tablet Live Site Issues\nWix sites are compatible for viewing on iPads and tablets. All tablet devices, regardless of operating system, display the desktop version of your site.\xa0\n\nKeep in mind that iPads and tablets do not have the same capabilities as desktop computers, and larger sites may take longer to load. Additionally, some features may not function the same on iPads and tablets (e.g. visitors can tap their screens but cannot hover over elements on your site).Resolving general issuesTo resolve general iPad or tablet live site issues:Make sure you are using the most recent version of Chrome or Safari on a supported operating system (click Supported browsers and operating systems for iPads and tablets below).Clear your browser's cache and cookies:iPad or iPod t""]",11.777079582214355
I am struggling with adjusting section heights in the Wix Editor. I need assistance with this issue.,"I don't know. The context provided doesn't mention anything about adjusting section heights in the Wix Editor. It only talks about using the Editor toolbar and rulers to adjust elements, but not specifically section heights.","[""Wix Editor: Using the Editor Toolbar to Adjust Elements\nThe Editor toolbar gives you easy access to tools that help you adjust your site's layout and elements as easily as possible. Arrange, align, resize and position elements all from the one toolbar.How do I show the Editor toolbar?\nClick\xa0Tools\xa0from the top bar of the Editor. Select the checkbox next to\xa0Toolbar.\nIn this article, learn more about:\nArranging elements Aligning elements Resizing elements Positioning elements Rotating elementsArranging elements using the Editor toolbarYou can move elements forwards and backwards using the Editor toolbar. The Editor is made up of layers which may be placed behind or in front of another element, causing them to not work properly. You can change the element's placement by moving it forward or ba"", ""Wix Editor: Using Rulers and Guides\nRulers help you accurately place elements on your page as you can see their exact position in pixels. You can show or hide the editor rulers at any time, and add guides to mark specific positions you need to see while planning the page's layout.\xa0In this article, learn more about:\nShowing or hiding the rulers Adding guides to rulers Changing the position of a ruler guide Deleting a ruler guideShowing or hiding the rulersAccording to your needs, you can decide to show or hide the editor rulers. This doesn't only control the horizontal and vertical rulers, but also any guides you've added. \xa0To show or hide the rulers:\nGo to your editor. Click Tools \xa0on the top bar. Select or deselect the Rulers checkbox:\n    \nSelected: The rulers are shown in your editor. D"", 'Wix Forms Request: Adjusting the Height of Form Fields\nCurrently, it is not possible to adjust the height of form fields in Wix Forms.\xa0Field height automatically adjusts depending on the font size.We are always working to update and improve our products, and your feedback is greatly appreciated.']",16.19389772415161
How can I use the Toolbar and Layers Panel in the Wix Editor to adjust the positioning of my images?,"To adjust the positioning of your images using the Toolbar and Layers Panel in the Wix Editor, follow these steps:

1. Enable the Toolbar by clicking Tools on the top right of the Editor and selecting the Toolbar checkbox.
2. Locate your image element in the Layers panel (by clicking either Header, Page, or Footer to view the elements in that area).
3. Click on your image element in the Layers panel.
4. Use theToolbar to adjust the image's position, size, alignment, and other settings as needed.

By using both the Toolbar and Layers Panel, you can precisely control the positioning of your images on your Wix site.","[""Wix Editor: Using the Editor Toolbar to Adjust Elements\nThe Editor toolbar gives you easy access to tools that help you adjust your site's layout and elements as easily as possible. Arrange, align, resize and position elements all from the one toolbar.How do I show the Editor toolbar?\nClick\xa0Tools\xa0from the top bar of the Editor. Select the checkbox next to\xa0Toolbar.\nIn this article, learn more about:\nArranging elements Aligning elements Resizing elements Positioning elements Rotating elementsArranging elements using the Editor toolbarYou can move elements forwards and backwards using the Editor toolbar. The Editor is made up of layers which may be placed behind or in front of another element, causing them to not work properly. You can change the element's placement by moving it forward or ba"", ""Wix Editor: Using the Layers Panel\nThe Layers panel clearly lists all of the elements on your page. Depending on the page layout, the panel is divided into the header, main page, and footer, so you can view and select elements to adjust them as needed.In this article, learn more about:\nUsing the layers panel Working with layers in Dev mode Frequently asked questions (FAQs)Using the Layers panelUse the Layers panel to select and manage elements on your site.\xa0This is a great way to locate elements, as well as rearrange them to suit your site's structure and alignment.To use the panel:\nGo to your editor. Click Layers \xa0on the bottom left of the editor. Click either Header, Page, or Footer to view the elements in that area. Locate the relevant element from the list and click it. Choose what you"", ""Wix Editor: Using the Editor Tools\nThe Wix Editor offers several built-in tools to make your design process faster and more precise. You can find these features in the Tools panel at the top right of the Editor.In this article, learn how to use the:\nEditor Toolbar Layers Panel Rulers Gridlines Snap to ObjectsUsing the Editor ToolbarThe Editor Toolbar helps you perform basic actions quickly. Use it to copy, paste, duplicate or delete elements on your page. You can also adjust element settings such as size, position and alignment.\xa0After enabling the Toolbar from the Tools panel, you'll find it on the right side of the Editor.To enable the Toolbar:\nClick Tools \xa0on the top right of the Editor. Select the Toolbar checkbox.Tips:\nRe-position the Editor Toolbar to your convenience by dragging and ""]",24.537355661392212
I want to undo the latest change in my site design.,"To undo the latest change in your site design, use the Undo icon at the top of your Wix Editor or press Ctrl + Z on your keyboard.","[""f your site to roll back on changes you no longer want with just a few clicks. Reverting to a previous site version allows you to change your site's look and content, without needing to manually edit anything.Good to know:Some components do not revert back when you restore your siteHire a Wix PartnerVisit the Wix Marketplace\xa0to find a designer or freelancer to help you with any part of your site you want. Wix Partners can assist you in a variety of ways - from creating striking visuals, to writing custom code.Create a new siteThere are countless design and content combinations available from Wix. If you want to start from scratch, you can create a new site and reassign your existing domain to get a whole new experience for your visitors.Important:Your site must be upgraded before you can a"", ""your site's dashboard. Scroll down and click\xa0Site History.Once there, you can browse through the recent revisions to your site, see who made the changes and when they were made. Click the Arrow\xa0icon\xa0\xa0next to the version you want to view.Restoring an older site versionRevert your site back by restoring a previously saved or published version. Keep in mind that restoring a version erases any changes made after that specific version.Important: When you restore your site, some elements are not affected.\xa0To restore a site version:\nGo to your site history. Click the Arrow icon  next to the relevant version. Review the revision to make sure it's the one you want to restore. Click Restore.Tips:\nTo filter site history, click the\xa0Show\xa0drop-down menu. You can filter to find saved, published, and star"", ""Wix Editor: Using Undo and Redo\nEasily revert or reinstate changes with the Undo  and Redo  icons in the Wix Editor. These allow you to undo and redo changes you have made on your site - whether it's changing the color of a button, or the content of your text.In this article, learn more about:\nUndoing a change Redoing a change Text issues when using undo and redo FAQsUsing the Undo featureUse the Undo feature to revert a change you have made in your Editor. For example, if you change the design of an element, and decide you want to revert one of the design options, you can use the feature to do so, instead of manually changing it back.To undo a change you have made, simply click the Undo icon  at the top of your Editor, or press Ctrl + Z on your keyboard.Using the Redo featureUse the Redo ""]",19.574148654937744
I want to unpublish my site on Wix using the Wix Editor.,"To unpublish your site on Wix using the Wix Editor, follow these steps:

1. Open your site in the Wix Editor.
2. Select Site in the top toolbar.
3. Click Unpublish Site.","[""Wix Editor: Unpublishing Your Site\nUnpublish your site if you no longer want it to be accessible to the public. You may wish to unpublish your site if you're taking it down for maintenance, redesign, or you simply no longer need it.\xa0After unpublishing, you'll still have access to your site's editor and you can publish it again at any time.Important:Unpublishing your site does not cancel your domain or Premium plan. Learn how to cancel your domain or plan.Unpublishing your siteYou can unpublish your site (either permanently or temporarily) from the editor or from your site's dashboard.Wix EditorDashboard\nOpen your site in the Wix Editor. Select Site in the top toolbar. Click Unpublish Site. Select Unpublish in the dashboard window. Click Unpublish in the pop-up to confirm.\nGo to Settings in"", ""Wix App: Removing Apps from Your Site\nYou can delete an app from your site that you no longer need using the Wix app.\xa0When you delete an app from the Wix app, you must also go back to your Editor and delete it from there to fully remove it.\xa0Important:If you delete an app from your Editor, it is automatically removed from your site on the members app and you don't need to remove it using the Wix app.Step 1 | Remove an app using the Wix app Remove an app on-the-go from your site using\xa0the Wix app.To remove an app using the Wix app:\nGo to your site in the\xa0Wix app. Tap\xa0Manage\xa0\xa0at the bottom. Tap Manage Apps. Tap\xa0Remove next to the relevant app. Tap Delete in the pop-up to confirm.\xa0Step 2 | Remove an app from your site using the EditorAfter you remove the app from your site using the Wix app, d"", 'Wix Blog: Unpublishing a Blog Post\nYou can unpublish a post that you want to remove from your blog by reverting it to ""Draft"" status. This way, the content is still available for you to refer to, or republish in the future.\xa0To unpublish a post:\nGo to your site\'s dashboard. Click the Blog tab. Click Edit on the post you want to unpublish. Click the Expand  icon in the top right. Click Revert to Draft.Tip:You can also unpublish a post from the Wix mobile app by clicking the\xa0Show More\xa0icon  beside a post and selecting\xa0Revert to Draft.']",22.180452823638916
"Im having trouble changing the browser tab title on my live site. I followed the steps provided, but its still not working.","I don't know. The context only provides instructions for changing the browser tab title in the Wix Editor and Studio, but it doesn't address common issues or troubleshooting steps that might be causing the problem with your live site.","[""Changing the Title Displayed in the Browser Tab\nBy default, your page's title tag is displayed as the title in your browser tab.\xa0If you want to change the browser tab title, you can customize your page's title tag in the SEO Panel of your page.In this article, learn how to:\nChange the browser tab title for your live site Change the Editor browser tab titleChanging the browser tab title for your live siteYou can edit your browser tab title of your live site at any time in your site's Editor.\xa0Search engines will update your page's title tag the next time that they crawl your site. If you want to try to speed up the process, you can submit your page's URL to search engines.To change the browser tab title for your live site:Wix EditorStudio Editor\nGo to your editor. Click Pages & Menu \xa0on the "", ' tab title for your live site:Wix EditorStudio Editor\nGo to your editor. Click Pages & Menu \xa0on the left side of the editor. Click the More Actions icon \xa0next to the relevant page. Click SEO basics. Enter the page title under Title tag. Publish your site.\nGo to your editor. Click Pages \xa0on the left side of the editor. Click the More Actions icon \xa0next to the relevant page. Click SEO Basics. Enter the page title under Title tag. Publish your site.Important:Adding custom code to your site may affect your browser tab title. Try removing any custom code you added to your site if you see an incorrect browser tab title.Changing the browser tab title for your editorYou can also change the browser title of the editor version of your site. This helps you quickly identify the relevant site in your b', ""itle of the editor version of your site. This helps you quickly identify the relevant site in your browser bar, especially if you are working on multiple Wix sites.These steps are only possible if you haven't connected a domain to your site. If you have a domain, you must unassign the domain first and then reassign the domain when finished.\xa0To change the browser tab title of your site editor:\n(Optional) Unassign your domain. Go to site's dashboard. Click Site Actions. Click Rename Site. Under Site Address (URL), enter the new browser title. (Optional) Reassign your domain.""]",19.15830636024475
I need help adding a button with a link in the Wix Editor.,"To add a button with a link in the Wix Editor:

1. Click ""Add Elements"" on the left side of the Editor.
2. Click ""Button"".
3. Click ""Text & Icon Buttons"".
4. Click or drag your chosen button to add it to the page.
5. To set up your button, click the Settings icon (it looks like a gear).
6. Select ""A link opens"" from the drop-down menu under ""When image is clicked"" (since you're adding a text and icon button).
7. Under ""What does it link to?"", click the Link icon.
8. Enter the link details.
9. Click ""Done"".

If you want to add a direct link to your button, not an image:

1. Click the button in your editor.
2. Click the Link icon.
3. Select a link type (e.g., a page on your site).
4. Add the relevant link information.
5. Click ""Done"".","['Wix Editor: Adding and Setting Up a Text & Icon Button\nText and icon buttons are a great way to encourage site interaction from your visitors. With a range of options available, you can choose a catchy call-to-action, a striking icon, or even a button that displays both.Step 1 | Add your buttonYou can add a button from the Add Elements panel on the left side of the Editor. There are several different options available, with a range of layouts.To add a button:\nClick Add Elements \xa0on the left side of the Editor. Click Button. Click Text & Icon Buttons. Click or drag your chosen button to add it to the page.Step 2 | Set up your buttonThere are many different ways that you can customize your button. Choose what you want to display, and adjust the settings as needed.To set up your button:\nClick', 'Wix Editor: Adding a Link to an Image\nAdd a link to an image to send your visitors to a page address or anchor, web address, email or document.To add a link to an image:\nClick the image in your Editor. Click the Settings icon . Click the drop-down menu under When image is clicked. Select A link opens. Under What does it link to? click the Link icon . Enter the link details. Click Done.Tip:You can also click the Link icon  to set up your link, but make sure that you complete steps 1-4 above first.Click here to learn how to link a button to a specific product page in Wix Stores. \xa0', ""Wix Editor: Adding a Link to a Button\nAdd a link to your icon or text button to direct site visitors to a specific location. You can link to many different places including a page on your site, external web address, document or email.In this article, learn more about:\nAdding a link to your button Available types of linksAdding a Link to Your Button\nClick the button in your editor. Click the Link icon  . Select a link type.\nNote: Learn more about the link types below. Add the relevant link information. Click Done.Notes:Once you have added your link, test that it's working in Preview mode. If its not working, check the button troubleshooter.If your URL link contains an unsupported character, the following error message is displayed: Check the URL and try again. To bypass the validation, use ""]",32.35959076881409
Im using the Wix website editor and Im experiencing free space on the edges of my site on larger screens. I need to understand why this is happening and how to correct it.,"Based on the context, it seems that you're experiencing free space on the edges of your site due to elements being placed outside the vertical gridlines. This is likely causing a horizontal scrollbar on smaller screen sizes and devices.

To correct this issue, you can try two solutions:

1. Use the Layers panel to identify elements with a horizontal scrollbar. Look for non-stretched full-width elements or those with a wi icon on the top bar of your editor. You can then move these elements up or down, or delete spaces between them to eliminate the gaps.
2. Manually move your elements by dragging them to a different position on the page to remove the gaps.

Additionally, it's recommended to use full-width elements whenever possible or use the stretch feature when available to prevent horizontal scrollbars from appearing.","['Wix Editor: Removing Horizontal Scroll Bars from Your Live Site\nWhen viewing your site on different screen sizes and devices, you may see a horizontal scroll bar on your browser and large spaces at the edge of your site.This occurs when you have elements that are placed outside the vertical gridlines:Full-width elements such as strips and lines do not create horizontal scrollbars as they expand and shrink with the page. We therefore recommend that you use full-width elements whenever possible, or use the stretch feature when available.To remove the horizontal scroll bars and spaces:\nUse the Layers panel to identify the elements on your page that have a horizontal scrollbar. Look for elements that:\n    \nAre not stretched to full-width. Learn how to stretch an element to full width Have a wi', "" icon  on the top bar of your editor. In this view, you can move full-width elements up or down, or delete the spaces between them.\xa0Solution 2 | Manually moving elementsManually move your elements by dragging them to a different position on the page to remove the gaps.\xa0Still experiencing issues?If you've tried the above steps and are still experiencing issues with your site, contact Wix Customer Care and we'll be happy to assist you.\xa0"", ""Wix Editor: About Your Page Width\nThe width of your site is fixed at 980 pixels.\xa0This size was chosen to accommodate the majority of site users and ensures compatibility with the many different smart devices being used today (i.e. iPads or tablets).Tip:You can design your site outside of the 980 pixel borders, however we recommend that anything that you add outside of these borders be mainly decorative and not vital content to your visitors' browsing experience.""]",24.078277111053467
I would like to change the text size.,"To change the text size, click the text element in the Editor, then click Edit Text. (Optional) Select the relevant text box and drag the Font size slider to increase or decrease the size of the text, or enter a specific value between 6 and 999 pixels.","['Wix Editor: Changing the Text Size\nCustomize your site layout and design by adjusting your text size.To change the text size:Click the text element in the Editor.Click Edit Text.(Optional) To change the size of only part of the text box, select the relevant text.Drag the Font size slider\xa0 to increase or decrease the size of the text, or enter a specific value between 6 and 999 pixels.\xa0', 'ge the text size:\nSelect the relevant text box in your editor. Click Edit Text. (Optional) Highlight the specific word(s) you want to resize. Drag the Font size slider\xa0to resize the text, or enter a specific value between 6 and 999 pixels.\xa0Choosing a new fontCustomize your content by changing the text font.\xa0Select from a variety of fonts provided by Wix, or upload your own. You can also choose a different font for a specific part of the text in your text box.\xa0To change your text font:\nSelect the relevant text box in your editor. Click Edit Text. (Optional) Highlight the specific word(s) you want to show in a different font. Click the Fonts drop-down. \xa0Do one of the following:\n    \nSelect a Wix font. Click Upload Fonts to upload your own font.\xa0 Click Add Languages to add a language font.\xa0  ', 'lick Settings. Click the Design tab. Drag any of the sliders to increase or decrease the font sizes. ']",13.117907285690308
I am inquiring about the steps to publish my website in the real world.,"From the context provided, I don't know. The text only discusses publishing your site within the Wix Editor website builder and provides links to learn more about specific topics related to publishing, but it does not provide information on publishing a website in the ""real world"" (i.e., making it accessible to the general public via a domain name).","["" you're ready to publish them. Learn more about saving your site."", ""Wix Editor: Publishing Your Site\nPublishing your site that you created with the Wix Editor website builder is the final step in making it live. It's the moment where all your hard work in designing, creating, and refining your site pays off. Once you publish, your site is available on the internet for everyone to see.\xa0Don't have a site yet?Wix offers a variety of templates and design tools to help you create a professional-looking website in no time. Go to Wix.com and click Get Started to sign up and start creating.Learn more about:\nPublishing your site Viewing your live site Frequently asked questions (FAQs)Publishing your siteYou can publish your site at any time from the top toolbar of the editor. Even after publishing, you can edit your site as much as you want. Whenever you make a cha"", '""Float-in"" and ""Expand-in"" to create imaginative, striking pages and draw visitors\' attention to your content. Learn more about adding animations.Step 7 | Publish your siteNow for the really exciting part. After taking the time to build your site and adding the essential elements, it’s time to publish. Once you’re happy, go ahead and click that Publish button.\xa0Learn more about publishing your site.Connecting a domain:Upgrade your site to connect your own domain for a more professional touch. Think about your site name and incorporate that into a domain.\xa0Learn more about domainsStep 8 | Optimize your site\'s SEOAfter you publish your site, it\'s time to get it appearing on search engines such as Google. Being visible in search results for relevant searches can help you build brand awareness a']",15.669312000274658
How can I edit a published website?,You can edit a published website by opening the Wix Editor from your site's dashboard and updating it as much as you want.,"[""e editor. Even after publishing, you can edit your site as much as you want. Whenever you make a change, simply publish again to make sure the changes go live.To publish your site:\nClick Publish at the top right of the editor. (Optional) Click View Site to see your live site. Click Done to return to the editor.Note:Clicking Save won't make your changes live. After saving, make sure to click Publish to show the updates on your live site.Viewing your live siteAfter publishing your site, it automatically appears online and can be seen by anyone entering your free site URL (siteprefix.wixsite.com/site-name) or domain name.You can also access your live site from the editor. Click\xa0Site\xa0on the top bar of the editor and click\xa0View Site.If you want to show your site to your friends, you can email t"", ""?You can edit your site on any computer with an Internet connection and an updated browser. When you finish editing your site on one computer, make sure to click\xa0Save. After saving, you can open the Editor on another computer, and you will see the changes that have been made.\n\nNote: Avoid editing your site on more than one computer at a time. When you have finished editing your site on one computer, make sure to log out of your account before logging in on another computer. This will help avoid saving issues where changes made on one of the devices overrides the changes made on the other device\xa0\nTip: If you're having issues accessing the Editor from a public computer, click\xa0here.Can I edit my site after I've published it?You can edit your site at any time from the Wix Editor. Simply open t"", ""y site after I've published it?You can edit your site at any time from the Wix Editor. Simply open the Editor from your site's dashboard, and update it as much as you want. Learn how to open the EditorCan I create a mobile site?You can design how your site looks on mobile devices using the mobile Editor. Hide pages and elements, and add mobile-only elements to create a unique experience for your mobile visitors. Learn more about the mobile EditorCan I print pages from my site?Absolutely. To print site pages, press Ctrl+P on your keyboard. You can\xa0also take a screenshot of the relevant page and print it.\xa0Video tutorial\n""]",14.94740343093872
Im experiencing unwanted gaps at the bottom of my page when I publish it on the desktop version using the Wix Editor.,"To remove gaps at the bottom of your page on the desktop version, go to the editor, scroll to the bottom of the page, click the page body, and double-click on the page height handle. If that doesn't resolve the issue, contact Wix Customer Care for further assistance.","["" icon  on the top bar of your editor. In this view, you can move full-width elements up or down, or delete the spaces between them.\xa0Solution 2 | Manually moving elementsManually move your elements by dragging them to a different position on the page to remove the gaps.\xa0Still experiencing issues?If you've tried the above steps and are still experiencing issues with your site, contact Wix Customer Care and we'll be happy to assist you.\xa0"", 'Wix Editor: Fixing Spacing and Alignment Issues on Your Site\nYou may notice issues with alignment and spacing on either your live site or in the Editor, such as gaps, text rendering, or overlapping elements.Read this article to learn about potential issues and their resolutions.In this article, learn more about:\nMisaligned elements on certain browsers Gaps between the page content and footer Gaps below the footer on the live site Footers overlapping elements set to show on all pages Elements disappearing from your site header Misaligned text and elements on your live site Gaps between full width elements and other elementsAlignment issues on different browsersAlthough Wix sites are optimized for most common devices and browsers, you may notice some differences in alignment between them. Th', ""Wix Editor: Removing the Gap Above the Footer on Your Mobile Site\nYou may notice a gap between the page and footer of your live site on mobile that you can't see in the editor.You can easily remove this gap by adjusting your page's spacing.To remove the gap between your page and footer:\nGo to the mobile editor. Adjust and\xa0remove\xa0any spacing you find. Scroll to the bottom of the page. Click the page body. Double-click on the page height handle to remove any gaps between the header and footer.\xa0 Publish your site.Still seeing a gap?If the above steps do not resolve the issue, please contact our support team and we will be happy to assist you.""]",16.438454627990723
I need info on third-party POS solutions that would work for businesses in the UK.,"According to the context, Square is available in the UK as a 3rd-party integration option for businesses with Wix Mobile POS. Additionally, SumUp is also available in the UK and other European countries as another 3rd-party integration option.","['Wix Mobile POS: Setting Up a Point of Sale\nImportant:\nThis article is about Wix Mobile POS for mobile phones. For info on Wix Retail POS for brick and mortar stores, click here.Setting up your phone as a point of sale (POS) turns your mobile device into a ""mobile cash register"". After setup, you can collect payments wherever you go.The Wix POS solution outlined in this article is available only in the US and Canada. \xa0If you are located outside of the US, or want to use a 3rd-party integration, there are additional options.Tell me more about 3rd-party integrationsYou can accept payment through the following 3rd-party integrations:\nSquare: Available in the US, Canada, UK, Australia, Ireland, and Japan.\xa0 SumUp: Available in Belgium, Bulgaria, Cyprus, France, Germany, Ireland, Italy, Latvia, L', ""Wix Mobile POS: Setting Up a Point of Sale with Square\nImportant:This article is about mobile POS with Square as your payment provider.\xa0\nFor information on Wix's own Wix Mobile POS, click here. For info on the Wix Retail POS tablet solution for brick & mortar stores, click here.\xa0Connect to the Square payment provider to turn your phone into a point of sale (POS). After setup, you can collect cash or credit card payments wherever you go.\xa0POS with Square is available in\xa0US, Canada, Japan, Australia, UK, Ireland, and Falkland Islands.Other POS solutions are available.How can I accept payments?\nWix Mobile POS: Wix offers an integrated POS solution. Learn more SumUp: Sell at a point of sale using SumUp as your payment provider. SumUp is available in Belgium, Bulgaria, Cyprus, France, Germany, I"", ""Wix Mobile POS: Setting Up a Point of Sale with SumUp\nImportant:This article is about mobile POS with SumUp as your payment provider.\xa0\nFor information on Wix's own Wix Mobile POS, click here. For info on the Wix Retail POS tablet solution for brick & mortar stores, click here.\xa0Connect to the SumUp payment provider to turn your phone into a point of sale (POS). After setup, you can collect cash or credit card payments wherever you go.\xa0POS with SumUp is available in Austria, Belgium, Bulgaria, Cyprus, France, Germany, Ireland, Italy, Latvia, Luxembourg, Malta, Netherlands, Norway, Poland, Slovakia, Slovenia, Spain, Switzerland, and the UK.Tell me about other POS solutionsYou can accept payment through the following methods:\nWix Mobile POS: Wix offers an integrated POS solution. Learn more Sq""]",21.04718852043152
I would like to know how to set up all available POS solutions in the UK,"To set up all available POS solutions in the UK, you can follow these steps:

1. Wix Mobile POS: Connect to Wix's integrated POS solution for mobile payments. (Note: This is not a separate payment provider, but rather Wix's own POS solution)
2. Square: To use Square as your payment provider, connect your phone to the Square payment provider. You can then collect cash or credit card payments wherever you go.
3. SumUp: Connect to SumUp as your payment provider, which is available in the UK. This will also turn your phone into a point of sale (POS).

Please note that charging at a point of sale with additional payment providers, such as Square or SumUp, is currently not supported.","[""Wix Mobile POS: Setting Up a Point of Sale with Square\nImportant:This article is about mobile POS with Square as your payment provider.\xa0\nFor information on Wix's own Wix Mobile POS, click here. For info on the Wix Retail POS tablet solution for brick & mortar stores, click here.\xa0Connect to the Square payment provider to turn your phone into a point of sale (POS). After setup, you can collect cash or credit card payments wherever you go.\xa0POS with Square is available in\xa0US, Canada, Japan, Australia, UK, Ireland, and Falkland Islands.Other POS solutions are available.How can I accept payments?\nWix Mobile POS: Wix offers an integrated POS solution. Learn more SumUp: Sell at a point of sale using SumUp as your payment provider. SumUp is available in Belgium, Bulgaria, Cyprus, France, Germany, I"", ""Wix Mobile POS: Setting Up a Point of Sale with SumUp\nImportant:This article is about mobile POS with SumUp as your payment provider.\xa0\nFor information on Wix's own Wix Mobile POS, click here. For info on the Wix Retail POS tablet solution for brick & mortar stores, click here.\xa0Connect to the SumUp payment provider to turn your phone into a point of sale (POS). After setup, you can collect cash or credit card payments wherever you go.\xa0POS with SumUp is available in Austria, Belgium, Bulgaria, Cyprus, France, Germany, Ireland, Italy, Latvia, Luxembourg, Malta, Netherlands, Norway, Poland, Slovakia, Slovenia, Spain, Switzerland, and the UK.Tell me about other POS solutionsYou can accept payment through the following methods:\nWix Mobile POS: Wix offers an integrated POS solution. Learn more Sq"", ""Mobile POS Request: Integrating with Additional POS Payment Providers\nCurrently, Wix offers a Mobile POS solution. POS is also available through Square and SumUp.Charging at a point of sale with additional payment providers is currently not supported.Tip:It's possible to accept cash payments without connecting to a POS payment provider.We are always working to update and improve our products, and your feedback is greatly appreciated.""]",26.01628279685974
"I am unable to open the Wix Editor on Google Chrome, even in incognito mode. This issue persists across different devices.","Based on the context provided, I don't know if opening an incognito window in Google Chrome is supposed to resolve the issue when you're already using a browser (Google Chrome) and it's not specific to your computer or internet connection.","[""Unable to Open the Wix Editor\nUsually, if your editor is not loading, the issue is local - specific to your computer, browser, or internet connection. You can easily troubleshoot most of these issues to get your editor loading again.\xa0First, we recommend that you go through the Wix Technical Assistant and follow the steps to troubleshoot the issue.\xa0If you are still unable to open your editor, contact Wix Customer Care and provide the following details:\xa0\nThe name or URL of your Wix site.\xa0 The name and version of the web browser you're using.\xa0\xa0 The name and version of your computer's operating system. A screenshot of your console view showing the first line of the error message:\n    \nOpen an incognito window in your browser. Sign in to Wix and try to open your editor.\xa0 Open the console (Ctrl "", ""e problem persists, contact us with the information below.Information to add to your support ticket\nThe name or URL of your Wix site.\xa0 The name and version of the web browser you're using.\xa0\xa0 The name and version of your computer's operating system. A screenshot of your console view using the steps below:\n    \nOpen an incognito window in Google Chrome (Ctrl\xa0+\xa0Shift\xa0+\xa0N). Sign in to Wix and try to open your editor.\xa0 Use the keyboard shortcut\xa0Ctrl\xa0+\xa0Shift\xa0+\xa0J\xa0(on PC) or\xa0Cmd\xa0+\xa0Option\xa0+\xa0J\xa0(on Mac). Click the\xa0Console\xa0tab at the top of the panel and refresh the page (F5). Take a\xa0screenshot\xa0of this tab.  "", ""migrate an Editor gallery to a Pro Gallery. If you'd like to see this feature implemented, you can vote for it here.Step 4 | Try our troubleshooting assistantIf you are still experiencing the issue after completing the steps above, we recommend using the Wix Technical Assistant. This is an interactive troubleshooter that guides you through steps such as enabling incognito mode, and opening your site on a different browser. Take me to the Wix Technical AssistantStill experiencing issues?If the steps in this article don't resolve the issue, you can contact our support team who will be more than happy to help. Make sure to include the following information so we can assist you as soon as possible:\xa0\nA description of the issue A screenshot of the issue The steps you have already taken to resolv""]",19.89812660217285
"Hey! I finished the ""Verifying Your Site with Google Search Console"" steps, but the ""Connect site to Google Chrome Console"" in the SEO Setup Checklist is still showing as incomplete.  Any ideas on what to do?


","If the problem persists, click Go to Site Verification under Tools and settings. Click on Google Search Console to expand. Enter the meta tag. Click Save.Step 2: Check your email address, log out of all your Google accounts, sign in with the correct Google account, and then try verifying your site again.","['roperties in your Google Search Console account. If you have more than 1000 properties, you\'ll need to remove some properties in your Google Search Console settings and then try verifying your site again.\xa0Clear your browser\'s cache and cookiesWebsites often create files known as cookies when you visit them. Cookies contain user-specific information such as authentication data and are stored by your web browser.\xa0Your browser also stores (or ""caches"") data about each website you visit to speed up loading. Over time, your browser\'s cached data can differ from the actual live webpages, potentially causing issues.\xa0If you\'re having issues connecting your site to Google, you can try clearing Wix cookies from your browser and clearing your browser cache.Still not working?If the problem persists, c', ""Verifying Your Site with Google Search Console\nVerifying ownership of your domain on search engines helps to improve your presence in search results. You can verify your site with Google Search Console by adding a meta tag to your Wix site.Important:\nTo connect to Google Search Console, you must have a Premium plan and a domain connected to your site. This can be either a domain purchased from Wix or a domain purchased from another domain host. When you manually verify your site with Google, you don't need to connect your site in your SEO Setup Checklist.\xa0If the step is marked as not completed in your checklist, you can ignore it.\xa0Step 1 | Get your meta tag from Google Search ConsoleFirst, you need to get a meta tag for your site from your Google Search Console account.\xa0To get your meta ta"", ""o to your SEO Dashboard. Select Go to Site Verification under Tools and settings. Click on Google Search Console to expand. Enter the meta tag. Click Save.Step 3 | Complete the site verification on Google Search ConsoleThe final step is to use Google Search Console to verify the meta tag that you've added to your site.To verify your site:\nGo back to Google Search Console. Click Verify.Troubleshooting Google Search Console verification issuesIf you're experiencing issues verifying your site with Google Search Console, try the steps below:Check your email addressIf you have more than one Google account, make sure the correct email is listed when you sign in. If it isn't, log out of all your Google accounts and then sign in with the correct Google account.\nIf you use a university or education""]",21.697205305099487
"Hey! I finished the ""Verifying Your Site with Google Search Console"" steps, but my site isn’t showing up in Google searches, even for specific queries, and I’ve checked that it’s indexed and can be crawled. Any ideas on what to do?
",I don't know.,"[""oogle Search Console, click Reconnect Now to re-authorize your account. \xa0Make sure that the site is publishedSearch engines can only index pages that you have published. Any pages that you add after the last time you published your site won't appear in search results.\xa0Make sure that your site is published before you try to verify it with Google Search Console.Check that search engines can index your siteYou can choose whether or not to allow search engines to index your site in your\xa0SEO Settings. It's important to let search engines index your site if you want to verify your site with Google Search Console.To let search engines index your site:\nGo to your SEO dashboard. Select Go to SEO Settings under Tools and settings. Make sure the\xa0Let search engines index your site\xa0toggle is enabled.No"", ""ings under Tools and settings. Make sure the\xa0Let search engines index your site\xa0toggle is enabled.Note:The waiting period for your site to be indexed is determined by the search engines themselves and is the same for all websites (not just Wix sites).Make sure your homepage is not password protectedIf your site's homepage access is for members only or password protected, search engine bots won't be able to crawl and index it.\xa0You'll need to remove the password protection from your homepage before you can verify your site on Google Search Console.\xa0Learn how to remove password protection in the Wix Editor and Editor X.Check your Google Search Console account propertiesYou can have up to 1000 properties in your Google Search Console account. If you have more than 1000 properties, you'll need "", ""Verifying Your Site with Google Search Console\nVerifying ownership of your domain on search engines helps to improve your presence in search results. You can verify your site with Google Search Console by adding a meta tag to your Wix site.Important:\nTo connect to Google Search Console, you must have a Premium plan and a domain connected to your site. This can be either a domain purchased from Wix or a domain purchased from another domain host. When you manually verify your site with Google, you don't need to connect your site in your SEO Setup Checklist.\xa0If the step is marked as not completed in your checklist, you can ignore it.\xa0Step 1 | Get your meta tag from Google Search ConsoleFirst, you need to get a meta tag for your site from your Google Search Console account.\xa0To get your meta ta""]",17.040672302246094
How can I get a printed receipt for Wix Mobile POS.,"To get a printed receipt for Wix Mobile POS, follow these steps:

1. Tap ""Send Receipt"" at the end of a sale.
2. Choose how you want to send the receipt (email or print).

Note that printing receipts is currently only available in the US and Canada, and requires a compatible thermal printer, such as Star Micronics or Epson.","[""Wix Mobile POS: Setting Up Receipt Printing\nImportant:\nThis article is about\xa0Wix Mobile POS\xa0for mobile phones. For info on\xa0Wix Retail POS\xa0for brick and mortar stores, click\xa0here.Wix mobile POS gives you the option of printing receipts instead of emailing them.\xa0Just tap Send Receipt at the end of a sale and you'll be able to choose how the receipt is sent.Important:\nConnecting a printer is only available for the US and Canada. Printing receipts is currently available only for Wix Stores, Wix Bookings, and Wix Restaurants Orders (New).Step 1 | Purchase a printerBefore you can start printing receipts, you need to acquire a compatible thermal printer.\xa0Choose from one of the Star Micronics or Epson thermal printers.Important:Before purchasing a printer, make sure it appears on the list of compa"", ', select the Print Receipt option.\nTip: You can customize your receipts so they display your business name, logo, and more.Download the\xa0Wix POS Quick Setup Guide.', ""Wix Retail POS: Customizing Printed Receipts\nImportant:\nThis article is about Wix Retail POS tablet for brick & mortar businesses.\xa0 For info on using POS on a mobile device, click here.Print customer receipts using your Receipt Printer. You can customize your receipt and decide what information you want to display.\xa0Customizing your receipt\nOpen the POS tablet. Tap the Menu icon\xa0\xa0at the bottom left. Tap\xa0Settings. Tap\xa0Receipt\xa0on the left menu.\xa0 Tap\xa0Customize Your Receipt. Add any of the following to your receipt:\xa0\nNote: When you're finished customizing your receipt, tap Save at the top right.\nBusiness name and website address\nEnter your business's name under\xa0Business Name. Add your site's URL under\xa0Website.LogoIf you have not already done so, first go to your site's Editor and upload your lo""]",19.734675645828247
I need to update the inventory for over 100 product selections with 3 different options each.,"To update the inventory for over 100 product selections with 3 different options each, you can select all of them and perform a bulk update. 

1. Select the checkboxes next to all the products whose inventory you want to update.
2. Click ""Update Inventory"" at the top right.
3. Since you need to add or set the same amount for multiple options, select ""Set"" as your option type.
4. Enter the desired weight or quantity in each of the three fields provided.","[""er a new inventory \xa0number next to the relevant product.\n If you don't track inventory: Select In stock\xa0or\xa0Out of stock from the drop-down.\xa0\n  Update the inventory of multiple productsYou can select the products you want to update and perform bulk updates. For example, if you need to add 30 items to the inventory of multiple products, you can add them all at once.\nSelect the checkboxes next to the products whose inventory you want to update.\xa0 Click\xa0Update Inventory at the top right. Select an option:\n    \nAdd the same number of items to multiple products:\xa0Select\xa0Add\xa0and click the arrows to select the inventory amount to add to the selected product (e.g. add 30 items of inventory to each selected product). Set the inventory of multiple items to the same level:\xa0Select\xa0Set\xa0and then use the ar"", ""d. If you previously saved variant inventory options, click Edit.\nSelect an option:\n    \nEnter a weight in the\xa0Shipping Weight\xa0field for each variant. Enter the same weight for each variant:\n        \nClick Select All at the top left. Click Set Weight. Enter the weight. Click the Checkmark icon \xa0.     Click Apply.Making bulk edits to product variantsAfter you create the product options you need, you can edit the price, weight, and inventory amount of multiple variants at once. For example, if you sell a product in 10 colors and 3 sizes, and want to add a weight to all 30 variants, you can do so in one go.To update multiple variants:\nGo to Store Products\xa0in your site's dashboard. Select a product with product options. Make sure the Manage pricing and inventory for variants toggle is enabled."", 'han one type of option, select the relevant option. Click the Plus icon \xa0next to the first option choice.\xa0 Select or upload up to 15 images for each option choice and click Done.\xa0 Click Apply.Setting inventory preferencesYou can manage inventory for product variants in two ways:\nTracking inventory: Track how many of a specific product variant you have in stock.\xa0When you make a sale, the inventory amount is automatically updated. \xa0 In Stock / Out of Stock: You can manually assign product variants an ""In Stock"" or ""Out of Stock"" status. When you run out of a product variant, you can manually change the status to ""Out of Stock"".To set how you manage inventory for variants:\nGo to Store Products\xa0in your site\'s dashboard. Select a product with product options. Scroll down to the Product Options ']",28.58006477355957
I want to completely remove the login bar and anything associated with it from my site.,"To completely remove the login bar and everything associated with it from your site, you need to delete the Member's Area. This includes deleting all other Member's Area pages and elements. To do this:

1. Click the Pages menu on the top bar of ADI.
2. Click the Settings icon beside the Members page.
3. Click Delete.
4. Click Delete in the confirmation window.

Note: Deleting the Member's Area will also remove any other related pages or elements, so be sure to review your site's structure before making this change.","[' Manage Menu. Hover over the relevant item and click the More Actions icon . Click Hide from menu.\nClick the Login Bar element. Click Manage Menu. Hover over the relevant item and click the More Actions icon . Click Remove from menu.', ""Member's Area, and includes the details they entered upon signup.\xa0Learn more about managing your membersHow can I delete the Member's Area from my site?If you decide you no longer want a Members Area on your site, you must delete the Members page. Deleting the member's login bar is not enough to remove the whole Members Area from your site. \n\nWhen you delete your Member's Area, you delete all other Member's Area pages and elements.\nTo delete the Member's Area:\nClick the\xa0Pages\xa0menu on the top bar of ADI. Click the\xa0Settings\xa0icon\xa0\xa0beside the Members page. Click\xa0Delete. Click\xa0Delete\xa0in the confirmation window.\n"", ""Wix Bookings Request: Removing the Login Bar from the Booking Form\nCurrently, it is not possible to remove the login bar from the Booking form.\xa0Note:If you don't have a Members Area on your site, the login bar doesn't appear on the booking form.We are always working to update and improve our products, and your feedback is greatly appreciated.""]",18.87751293182373
How can I set up a flat rate shipping fee in Wix Stores.,"To set up a flat rate shipping fee in Wix Stores, follow these steps:

1. Create or select a shipping region.
2. Click Add Range to add another price range and rate (up to 30 ranges).
3. Click Add another Delivery Option to add additional options (e.g. Express Shipping). (Optional)
4. Check the ""Add a handling fee to every order"" checkbox and enter the flat rate shipping fee.
5. Click Save.

Note: You can also set up different price ranges for your shipping fees, with options for local delivery or pickup.","[""Wix Stores: Adding a Handling Fee\nImportant:We're in the process of rolling out new shipping settings. If you have a Create Region button instead of Add Region, then you have the new version. Learn how to set up shipping using the new settings.You can add a handling fee (in addition to a shipping fee) to orders placed through your store.Note:You cannot add a handling fee to the following shipping rules:Free ShippingCalculate with USPSAllow Store Pickup Only\xa0To add a handling fee:\nGo to the Shipping & fulfillment settings in your site's dashboard. Edit an existing rule or click Add Region to create a new one. Set up a shipping rule for the region. Select the Add a handling fee to every order checkbox.\n\n Enter the handling fee."", ""Wix Stores: Setting Up a Flat Rate Shipping Rule\nImportant:We're in the process of rolling out new shipping settings. If you have a Create Region button instead of Add Region, then you have the new version. Learn how to set up shipping using the new settings.Set up flat rate shipping to charge the same\xa0rate for all purchases delivered to a certain region.\xa0Step 1 | Create or Select a Shipping RegionTo start, create the region the shipping rule applies to.Tip:If you already created the shipping region, just select it and move on to step 2.\xa0A region can be made of one or more countries. Alternatively, it can be made of one or more regions within a country. You can set up different shipping regions for your store. For example, a merchant might set up 4 shipping rules: a local shipping region f"", 'l) Click Add Range to add another price range and rate (up to 30 ranges).\n Click Add another Delivery Option to add additional options (e.g. Express Shipping). (Optional) Check the Add a handling fee to every order checkbox and enter the handling fee. Click Save.In the GIF below, you can see an example of how one merchant set up 3 price ranges:\n0 - $20 $20 - $50 $50 and upNote:If you want to offer free shipping for orders over a certain price, simply type ""0"" in the Rate field for that price range.Step 3 | Offer Local Delivery or Pickup optionsAfter saving your shipping rule, you can select the region again and add local delivery or pickup options.\xa0\nAdd local delivery Learn how Add store pickup Learn howWhat to learn more?Check out the full Wix Learn course on getting started with Wix eCom']",26.67026114463806
Im experiencing issues with the mobile view of my site. Elements are misplaced and some are overlapping.,"To fix elements being misplaced and overlapping in your mobile view, you can manually rearrange these elements by dragging them to your chosen location within Wix Editor. Additionally, using the right-click menu allows you to move elements between the menu, header, and footer if they appear there. If an element appears on the page and overlaps others, try reducing its size or adjusting the spacing around it using the Auto Space on Drag tool.","['Wix Editor: Troubleshooting Layout Issues on Your Mobile Site\nWix automatically creates a mobile-friendly site for you using the content and elements from your desktop site. They are not different sites, just different views of the same site.As your mobile site gets automatically optimized to fit smaller screens, you may notice alignment or structural issues. This guide will help you resolve such problems.In this article, learn more about:\nElements appearing in the wrong place Gaps on your mobile site Elements hidden from the mobile siteElements appearing in the wrong locationElements you have added to your page in the desktop editor may be placed differently on the mobile version of your site. You can manually rearrange these elements by dragging them to your chosen location.If an element', "".\xa0Depending on where the gaps are, you may be able to remove them by make the element smaller, or by shortening the page length.Tip: The Spacing Guide tool shows you the existing gaps on your section (in pixels). It also shows an indication when these gaps are equal to one another.\xa0Elements hidden from the mobile siteWhen editing your mobile site, you may notice that you can't find some elements that appear on desktop. This is because some elements are automatically hidden from your mobile site in order to make it more suitable for mobile devices.\xa0Check which elements have been hidden from your mobile site, and unhide if needed, from the Hidden on Mobile  panel.Did you know?You can hide desktop elements from your mobile site, and replace them with mobile-only elements. Create a personalize"", 'te. You can manually rearrange these elements by dragging them to your chosen location.If an element appears on the menu, header, or footer of a mobile site, it is not possible to click and drag it around the page. However, you can use the right-click menu to move these elements between the menu, header and footer.Tip:When placing an item in the gap between elements, you may need to adjust the spacing. Use the Auto Space on Drag tool to automatically create even spaces between the elements.\xa0Gaps on the mobile siteYou may notice gaps on your mobile site. Our mobile algorithm ""translates"" desktop content for mobile but it\'s not always perfect, and can sometimes lead to gaps on your mobile site.\xa0Depending on where the gaps are, you may be able to remove them by make the element smaller, or by']",22.824529886245728
I need to connect the elements on my dynamic item page to the correct fields in my CMS collection. Im looking for guidance on how to do this in Editor.,"To connect the elements on your dynamic item page to the correct fields in your CMS collection, follow these steps:

1. Go to your editor and click Pages on the left side of the editor.
2. Hover over the page you want to work with and choose which collection fields connect to each column from the relevant drop-downs under Connections.
3. Click the relevant [Field Name] column links to drop-down and select the dynamic item page listed as [Collection Name] (Item).
4. Repeat these steps to connect additional columns.

By following these steps, you can successfully connect your elements on the dynamic item page to the correct fields in your CMS collection.","[""ements to convert to dynamic and set up the fields that will connect to the dynamic elements:\n    \nIn the panel on the right, select or deselect the elements that you want to convert to dynamic elements. \nNote: Dynamic elements get their content from your CMS collection fields. If you want an element to remain static, meaning it stays the same on each version of the dynamic page, deselect the element. You can connect more supported page elements later. Hover over an element in the panel on the right and click the Edit icon \xa0to change the name, key (Velo only), or field type that will connect to the element. Click Save when you're done and repeat this step for each element.\xa0 Click Connect Elements.  \nGo to your editor. Click Pages \xa0on the left side of the editor. Hover over the page you wan"", ' relevant drop-downs under Connections to choose which collection fields connect to each column.\xa0 (Optional) Link the column items to their dynamic item pages:\n    \nClick the relevant [Field Name] column links to drop-down. Select the dynamic item page listed as [Collection Name] (Item).\n   Repeat these steps to connect additional columns.\xa0Learn more about connecting tables to CMS collections.\xa0\nGo to your editor. Click the repeater or Pro Gallery you want to link to your dynamic item page.\xa0 Click the Connect to CMS icon\xa0\xa0. Connect a dataset by clicking an option from the Inspector panel on the right:\nNote:\xa0The options vary, based on your total collections and datasets on the page.\xa0\n    \nAdd a Dataset:\xa0Choose the collection you want to connect, give the dataset a name and click\xa0Create.\xa0 Cho', ""lect or deselect the elements that you want to convert to dynamic elements. \nNote: Dynamic elements get their content from your CMS collection fields. If you want an element to remain static, meaning it stays the same on each version of the dynamic page, deselect the element. You can connect more supported page elements later. Hover over an element in the panel on the right and click the Edit icon \xa0to change the name, key (Velo only), or field type that will connect to the element. Click Save when you're done and repeat this step for each element.\xa0 Click Connect Elements.  Next:\nLearn how to manage your CMS collection.\xa0 Learn how to connect more elements to your CMS collection.\xa0 Learn how to create a dynamic list page to display multiple items on the same page. Learn how to modify the URLs""]",29.4453387260437
I need to know how to prevent an item in my CMS collection from being published to my website before its completed while using the Wix Editor.,"To prevent an item in your CMS collection from being published to your website before it's completed, you can set the status of that item to ""Hidden"" and then schedule it to be visible at a later date and time. 

In the Wix Editor, go to your site's Settings under List Connections, select the dataset mode (Read or Read & Write), add any filters or sorts if needed, and then set the collection permissions to restrict who can view, edit, or delete that item.

In the Studio Editor, you can also click on CMS > Your Collections > Hover over the relevant collection and allow Members only to view, add, update, and delete content. This will ensure that the item is not published until it's completed.

By taking these steps, you'll be able to control when an item in your CMS collection becomes visible on your website.","['  \nGo to your editor. Click CMS \xa0on the left side of the editor.\xa0 Click Your Collections. Click the relevant collection.\xa0 Click the Status field for the relevant item. Select the relevant status:\n    \nVisible: Allow the item to be visible on the live site. Hidden: Hide the item from appearing on the live site.  \nGo to your site in the Wix app. Tap\xa0Manage\xa0\xa0at the bottom. Scroll down and tap\xa0Settings. Tap CMS. Tap the relevant collection. Tap the relevant item. Tap the Edit icon \xa0next to the item status at the top right.\xa0\nTap the relevant status:\n    \nVisible: Allow the item to be visible on the live site. Hidden: Hide the item from appearing on the live site.  Scheduling changes to item visibilityYou can schedule an item to be visible or hidden at a date and time of your choice.\xa0DashboardWi', 'Settings under List Connections.\xa0 Click the Dataset mode drop-down and select Read or Read & Write. (Optional) Click + Add Filter if you want to create a filter to exclude certain items from appearing in the list of choices.\xa0 (Optional) Click + Add new sort if you want to choose the order in which the items appear in the list of choices.\xa0  Step 4 | Set the collection permissionsSet the permissions for the collection where you will store the submissions. You can choose the preset Collect content setting that allows visitors to add content then specify who can add it. Or you could choose Custom permissions to control who can add, edit, view, and delete the collection items.\xa0Wix EditorStudio Editor\nClick\xa0CMS\xa0\xa0on the left of the editor. Click Your Collections. Hover over the collection set to ', ""ollection and allow Members only to view, add, update, and delete content. Learn how to create a page in the Wix Editor for managing collection content on your live site.In the Studio Editor: We've streamlined the process for you with a dynamic manage item page. Learn how to add a dynamic manage item page that lets visitors update collection content from the live site.\xa0""]",31.502408504486084
"Im having trouble getting my dynamic list page to show items alphabetically on the published site, even though I have set up the sort conditions in the dataset settings.",I don't know.,"["" to the correct item's dynamic URL. On dynamic list pages: Use the 'Next/Previous Page' action to display the next set of items in a connected repeater or gallery. The number of items displayed is determined by the Maximum Items Displayed field in the dataset settings.   Check the dataset type:\n    \nDynamic datasets: Use 'Next/Previous dynamic page' actions only. These actions navigate through dynamic URLs of the items. Regular datasets: Use 'Next/Previous item' actions to cycle through items within the same dataset.   Verify your dataset filters and sorting: The 'Next/Previous Item' actions work according to the dataset’s filters and sorting. If an item is sorted as the last item in the dataset on the page, it won’t allow moving to the next item even if it’s not the last item in the colle"", 'ight and enabling pagination.\xa0 (Optional) Click + Add Filter to only show specific items in the repeater.\xa0 (Optional) Click + Add new sort to choose the order in which the items appear in the repeater.\nClick\xa0Preview\xa0to test your dynamic list page. Click\xa0Publish\xa0if you are ready to make the changes go live.\xa0\nGo to the connected dataset settings:\n    \nClick the repeater element.\xa0 Click the Connect to CMS icon  . Click Dataset Settings in the Connect Repeater panel.  \n(Optional) Click the permissions type next to Permissions to change the collection permissions that determine who can access the content and what they can do with it.\xa0 Click the Dataset mode drop-down and select and option:\xa0\n    \nRead: Allow the dataset to display your collection content in the repeater. Read & Write: Allow the ', 'and choose the order in which you want the content to appear.\xa0 Click Add Sort.\xa0\nPublish your site when you are ready to make the changes go live.\xa0\nGo to your editor. Click an element that connects to the dataset you want to sort.\xa0 Click the Connect to CMS icon . Click Dataset Settings below the Choose a dataset drop-down.\xa0\nClick + Add new sort in the Sort section.\nTip: To edit an existing sort condition, hover over it, click the More Actions icon  and select Edit. Click the Field drop-down and select the field you want to sort. Click the Order drop-down and choose the order in which you want the content to appear.\xa0 Click Add Sort.\xa0\nPublish your site when you are ready to make the changes go live.FAQsClick below for answers to common questions about filtering and sorting items.\xa0Can I hide f']",17.37217903137207
"Im having trouble with my URL not indexing on Google. The URL inspection says the URL is available to Google and can be indexed, but its still not indexing.",I don't know.,"[""allows you to submit individual pages to Google and simulate how Google crawls or renders a URL on your site. You can use it to diagnose errors that are preventing the page from being indexed. Learn more\xa0Step 6 | Check the Last Crawled dateCheck the date below Last read in the Sitemaps report in Google Search Console. If the date is over a month ago, the error message is most likely not relevant anymore.Step 7 | Request Google to index the pageIf you've checked all the above and the page is still not indexed, request Google to index by clicking Request Indexing in the URL inspection tool."", ""Google Search Console: Submitted URL Marked 'Noindex'\nIf you submitted a page for Google to index and received the Submitted URL Marked 'noindex' error message, it means that Google has identified that your page should not be indexed and displayed in search results.\xa0The 'noindex' tag is a meta tag that you can add to a page's HTML code in order to prevent search engines from showing it in search results. However, this error message doesn't necessarily mean that there is a 'noindex' tag in your code. There can be various reasons for this error to come up, that you can easily check and fix.\xa0If you're getting the Submitted URL Marked 'noindex' error message, try these steps:Step 1 | Check the URLMake sure that you entered the URL of the page correctly when you submitted it for indexing.\xa0You s"", ' an overview report that contains more information about your page:\xa0If it was previously submitted for indexingIf Google has already indexed the page or not\xa0Date of the last time Google has crawled the page\xa0Testing a Live URLTest your page\'s URL to make sure it\'s accessible and working properly. The tool will test your link for errors/warnings and check if Google is able to index it.\xa0Important:In order to use the URL Inspection Tool, you must first\xa0verify your Wix site with Google Search Console.Show me how\nGo to Google Search Console.\xa0 Enter your site\'s domain in the search bar at the top and click the Enter key.\nNote: Make sure you enter the full URL, including ""https://www"" in the beginning. Click Test Live URL on the right.\xa0Understanding Warnings and ErrorsWhen you submit a page to Goo']",15.387529373168945
How users can check my calendar on the website?,"Users can click the ""Show Availability For"" drop-down menu to select which room they want to view.","['Adding a Hotel Availability Calendar to Your Site\nImportant:This article refers to the original Wix Hotels.\xa0If you are using the new Wix Hotels by HotelRunner, which is not yet available to all users, please read the information\xa0here. Learn how to check which version of Wix Hotels you are using.\xa0Add a calendar to any page of your site to show your hotel availability. Customers can click the Show Availability For drop-down menu to select which room they want to view.To add a calendar:Click Wix Hotels app inside the Editor.Click Settings.Click the Add-Ons tab icon.Click Add to Site\xa0drop-down menu next to the Calendar.Select the page you want to place the calendar on.\xa0Drag the calendar to where you want it to appear on the page.Tip:Click here to learn how to change the design of the calendar.', 'ext to the calendars you want to be visible to your site visitors, and visible but with details hidden.Important:If the Calendars tab shows the message ""Not visible to site visitors"", your event information is not visible in your site\'s Google Event Calendar app. To display the details of your events, change your access permissions.Step 4 | Change the layout, display, and settingsCustomize the format of your calendar and how the details of your events appear to site visitors:\nIn Layout, you can change your calendar to show a month, a week, or the day\'s agenda.\xa0 In Display, you can choose to show time zone, event start time, and how to display private events. In Settings, you can select 12 or 24 hour time format, which day of the week your calendar starts on, and if your calendar shows your', 'ft side of the editor. Search for the Google Event Calendar app in the search bar. Click\xa0Add to Site.Step 2 | Connect your Google accountYou can sign into to any of your Google accounts to sync your event calendar.To connect your Google account:\nClick the calendar in your Editor. Click Settings. Click Connect Account.\nEnter\xa0the\xa0credentials of the account you want to display. Click Allow to give access to Wix.com.Step 3 | Set up your events visibilityChoose which of your events are shown to site visitors, which show as busy, and which events are private.\xa0To select the visibility of your events:\nClick the calendar in your Editor. Click Settings. Click the Calendars tab.\nSelect the checkboxes next to the calendars you want to be visible to your site visitors, and visible but with details hidd']",16.703613758087158
I want to know how to set up a table and connect it to my collection in Wix Studio.,"To set up a table and connect it to your collection in Wix Studio:

1. Go to your editor.
2. Click Add Elements on the left side of the editor.
3. Click Layout Tools.
4. Click Tables.
5. Drag a table onto the page.
6. Click the table element on your page.
7. Click the Connect to CMS icon.
8. Select an existing dataset that connects to your collection.

This will connect the table to your collection and automatically populate supported field types from your collection into the table, allowing you to add links to columns for dynamic item pages.","['ditor. Click Add Elements \xa0on the left side of the editor. Click\xa0List. Click Tables. Click and drag the table you want to use onto the page.\xa0\nGo to your editor. Click Add Elements \xa0on the left side of the editor. Click Layout Tools.\xa0 Click Tables. Drag a table onto the page.Step 3 | Connect the table to your CMS collectionSupported field types from your collection automatically appear in the table once you connect the table to a dataset that binds to your collection. You can then add links to columns, such as links to dynamic item pages, so visitors can navigate to the links by clicking items in the columns.\xa0Wix EditorStudio Editor\nClick the table element on your page. Click the Connect to CMS icon  . Click the Choose a dataset drop-down and select an existing dataset that connects to your', 'an element and connect it:\nGo to the Add panel in your Editor.\n    \nWix Editor: Click Add  on the left side of the Editor. Editor X: Click Add  at the top of Editor X.   Click the element you want to add. Select the element in the Editor and click the Connect to Data icon \xa0(or  in Editor X). Select the dataset you want to connect the element to under Connect a dataset.\nChoose what you want to connect to each field under Connection Options or Components.\nNote: The options vary depending on the type of element. For example, most elements have Connection Options while repeaters have a Components section.Tip:If your collection does not have the correct field type, you can add a new collection field when selecting connection options. From the relevant Connection Options field, select Add a new ', 'or XStudio Editor\nIn your Editor, click the repeater, Pro Gallery, or table. Click the Connect to CMS icon  . Click\xa0Create Dataset. If you already have a dataset on your page, click the\xa0Choose a dataset\xa0drop-down and select\xa0Create a New Dataset. Click the\xa0Choose a collection\xa0drop-down and select Products under the Stores Wix app collection.\n(Optional) Click the\xa0Dataset name\xa0field and enter a name for the dataset.\xa0 Click\xa0Create.\xa0 (Repeaters only) Under Connections, click the repeater element you want to connect (e.g. Text, Button, Image).\xa0 Click the relevant drop-downs and select the Wix Stores dynamic collection fields you want to connect or the dataset linking options for buttons and images:\n    \nWix Stores collection fields: Select the relevant fields, for example:\n        \nName (Text): ']",25.597668647766113
I want to add and format text in a Rich Text field in the CMS.,"To add and format text in a Rich Text field in the CMS, follow these steps:

1. Go to your editor.
2. Go to the page where you want to display the Rich Text field contents.
3. Add a text element to the page by clicking ""Add Elements"" on the left side of the editor, then click ""Text"" and drag the relevant text element onto your page.
4. Click the ""Connect to CMS icon"" on the text element.
5. Choose an existing dataset that connects to the collection that includes your Rich Text field, or create a new one by clicking ""Add a Dataset"", giving it a name, and clicking ""Create"".
6. Select the Rich Text field you created from the dropdown list in the Connect Text panel.
7. Format your text using the Rich Text editor.

You can now add and format text within this Rich Text field in the CMS.","[""CMS: Adding and Setting Up Rich Text Fields\nThe Rich Text field allows you to store formatted text for items in your CMS (Content Management System) collection. Your site's font style is used in the Rich Text editor and when the field is displayed on your site. This allows you to keep a consistent look between your site's heading and paragraph style and your Rich Text content.\xa0You can use the field to store content that you want to display on your site. For example, showing details about an item in its dynamic item page version, or showing details about several items in a repeater on a dynamic list page.\xa0You can also use the Rich Text field to store formatted text that visitors submit through a Rich Text input element on a custom form.\xa0Tip: This Rich Text field allows you to apply custom f"", 'ck the Connect to CMS icon  on the text element. Click the Choose a dataset drop-down and select an existing dataset that connects to the collection that includes your Rich Text field. Alternatively, click Add a Dataset, then choose the collection that includes your Rich Text field, give the dataset a name and click Create. Click the Text connects to drop-down in the Connect Text panel and select the Rich Text field you created.\xa0\xa0\nGo to your editor. Go to the page in which you want to display the Rich Text field contents. \xa0 Add a text element to the page: \xa0\n    \nClick Add Elements \xa0on the left side of the editor. Click\xa0Text then drag the relevant text element onto your page.\xa0   Click the Connect to CMS icon  on the text element. Click the Choose a dataset drop-down and select an existing d', 'nect to CMS icon  on the text element. Click the Choose a dataset drop-down and select an existing dataset that connects to the collection that includes your Rich Text field. Alternatively, click Add a Dataset, then choose the collection that includes your Rich Text field, give the dataset a name and click Create. Click the Text connects to drop-down in the Connect Text panel and select the Rich Text field you created.\xa0\xa0Using the Rich Text input element to collect content from site visitorsCreate a custom form that uses the Rich Text input element to submit formatted text to your Rich Text collection field. If you want to collect different types of input from visitors, you can add other input elements to your form.\xa0Wix EditorStudio Editor\nGo to your editor. Add the Rich Text input element:']",31.162471294403076
Im looking for the autoplay toggle for a video.,"The autoplay toggle can be found under Autoplays, which is located:

n toggle to enable or disable it:
    
Enabled: A play button is shown on your video. Disabled: A play button is not shown on your video.  

So, the toggle itself is not what you're looking for, but rather the option next to it. The autoplay toggle can be found under Autoplays and allows you to choose whether the video plays automatically or not.","['n toggle to enable or disable it:\n    \nEnabled: A play button is shown on your video. Disabled: A play button is not shown on your video.  ', ""und on manually. \xa0 Disabled:\xa0The video does not play automatically.   Plays in a loop:\xa0Enable the toggle to have your video play in a continuous loop.   Scroll down, and enter a description of the video in the What's this video about? field.\nGo to your editor. Click Add Elements \xa0on the left side of the editor. Click\xa0Media. Click Single Video Players. Click the Vimeo option and drag it to the relevant location. Click Change Video. Paste the video URL in the\xa0What's the video's web address? field. Customize the playback options:\n\nAutoplays:\xa0Click the\xa0toggle to enable or disable it:\n        \nEnabled:\xa0The video autoplays on mute. Visitors can turn the sound on manually. \xa0 Disabled:\xa0The video does not play automatically.   Plays in a loop:\xa0Enable the toggle to have your video play in a continuo"", "" Video. (In the Video Settings panel) Click the Autoplay toggle to choose how the video starts playing:\n    \nEnabled: Your video plays automatically once the site loads. Disabled: Visitors need to click the Play button to start the video.   Click the Plays in a loop toggle:\xa0\n    \nEnabled: Your video starts playing again and again when it's finished (in a continuous loop). Disabled: Your video only plays once.\xa0  Note: The option to play videos in a loop isn't available for all external sources (e.g., Facebook, Dailymotion).Adjust the video player's layoutFrom the Layout panel, you can choose whether or not to show the video's title and its controls, and adjust the size of the Play button to your liking.\xa0To adjust the player's layout:\nClick the Video Player in your Editor. Click the Layout i""]",18.43560481071472
I want to create a new domain name and website with Wix.,"To create a new domain name and website with Wix, follow these steps:

1. Connect a domain: First, you need to connect your existing domain to Wix by updating the DNS records in your domain host account.
2. Upgrade your site: Make sure to upgrade your site by purchasing a selected yearly Premium or Studio site plan.
3. Get a new domain: Browse and purchase a domain name that suits your business needs directly from Wix.

By following these steps, you can create a new custom domain name and website with Wix.","[""credibility. By purchasing a plan, you can replace your free Wix domain with a custom domain name, like this: www.mystunningwebsite.comLearn more about Wix's free web hosting."", ""to Wix first.Connect a domainConnect a domain you already own to Wix by changing its name servers. With this connection method, Wix hosts your DNS, while your domain remains registered with its current host.To connect your domain, you need to update the DNS records in your domain host account (usually the company you bought your domain from). Wix Studio for enterprise provides a step-by-step outline to help you.\xa0Once the domain has been connected, it can take up to 48 hours for your domain's new DNS records to propagate and your site to appear worldwide.Get a new domainGet a domain from Wix to give your site a personalized, unique\xa0web address. This makes it easier for visitors to find your site by providing a distinct online space for your company and brand.The Wix Studio enterprise soluti"", ""Purchasing a Domain from Wix\nA domain name is your site's personalized, unique\xa0web address on the web. It's the text that people type into a browser in order to reach your site, for example wix.com. This makes it easier for visitors to find your site and helps to make your web presence more professional, by providing a distinct online space for your company and brand.You can browse and purchase a domain for your site directly from Wix.\nBefore you begin:\nTo connect your domain to your site, you must\xa0upgrade your site. You receive a free domain voucher when you purchase selected yearly Premium or Studio site plans.Purchasing a domain from WixChoose a domain name that suits your business needs. For example, you may want to mention your business name or type of business in your domain name. Se""]",19.74726414680481
I want to customize the email template for my thank you emails in automations.,"To customize the email template for your thank you emails, follow these steps:

1. Go to Automations in your site's dashboard.
2. Create a new automation or edit an existing one.
3. Make sure Send an email is selected as the Action.
4. Click the Send an email action in your flow to open the panel.
5. Under ""Create an email"", choose what you want to do:
   1. Edit
   2. Edit your chosen email template: 
      a. Customize existing elements in the email.
      b. Add more elements to the email.
      c. Email attachments (Confirmation and Cancelation email automations only)
6. Select the email is selected in the Action section. (If editing an existing automation) Click anywhere in the Action section to expand it.
7. Scroll down to the ""Create an email"" section and choose what you want to do:","["" to customize:Manage details\nClick Edit under Manage details.\xa0 Click the More Actions icon  and select Edit. \xa0 Edit the details:\n    \nSender's name:\xa0Edit the name that appears in the recipient's inbox. Reply-to email:\xa0Edit the email address people reach when they hit reply.\xa0   Click\xa0Save. Click\xa0Save\xa0again to confirm.Create an email\n(Optional) Click Switch Template to choose a different style for your automated client emails. \nNote: Switching to a different template replaces your existing automated email, and you will lose any previous changes you made.\xa0 Click Edit under Create an email to edit the email template including:\n    \nCustomizing existing elements\xa0in the email.\xa0 Adding more elements\xa0to the email.\xa0  Email attachments(Confirmation and Cancelation email automations only) Select the "", 'email is selected in the Action section. (If editing an existing automation) Click anywhere in the Action section to expand it.\nScroll down to the Create an email section and choose what you want to do:\n    \nClick Edit to update the default template generated by this automation. Click the More Actions drop-down and select Switch template to use an email template from a different automation or email marketing campaign.  \nEdit your chosen email template:\xa0\n    \nCustomize existing elements in the email.\xa0 Add more elements to the email.\xa0 Add dynamic values to personalize the email. Choose where you want to add personalized content:\n        \nIn the subject line of the email:\xa0\n            \nClick Edit next to the subject. Click\xa0+ Personalize\xa0below the subject and select a value from the drop-down.', 'o, you\'ll receive an email in your inbox with instructions.Editing your email templateMake your automated email your own. Add text, images, videos and more to make it eye-catching and reflective of your brand. Add personalized content for a personal touch (e.g. ""Hi David, we noticed you left something in your cart"").To edit your email template:\nGo to Automations\xa0in your site\'s dashboard. Create a new automation or edit an existing one. Make sure Send an email is selected as the Action. Click the Send an email action in your flow to open the panel.\nUnder Create an email, choose what you want to do:\n    \nEdit:\n\nEdit your chosen email template:\xa0\n            \nCustomize existing elements in the email.\xa0\nNote: Some pre-installed automations offer the ability to edit the elements attached to multi']",30.0196213722229
Im experiencing an issue with a strangely large space between the footer and the bottom of the page that cannot be fixed.,"I don't know. The context doesn't mention any specific solution for removing or fixing the gap between the footer and the bottom of the page when it's larger than expected, beyond general suggestions such as adjusting the page height, changing the page background color, adding content to the page, or resizing the footer.","['can cause a gap to occur between the body and the footer. To remove the gap, you can select a different preset design.Solution 2 | Adjusting the page height Adjusting the height of your page can also remove gaps. This works by getting rid of the space between content on the page, and the footer. To change the length of your page, click and drag the Adjust Page Height icon .\xa0Note: If your page is covered in strips, you will need to click and pull the footer down in order to click the main part of the page.Gaps below the footerThere is always a gap below your footer in the editor, as it allows you to resize the footer quickly and easily. However, you may notice a gap below the footer on the live version of your site.This can occur if the content on your page is shorter than the current page ', ""resized my page, but now there's a gap between the page and the footer. What do I do?You can remove gaps between your page and footer by adjusting the length of the page again, or by changing the page design. Learn more about removing gaps between a page and a footer"", ""ve version of your site.This can occur if the content on your page is shorter than the current page length. There are several ways you can resolve the issue, depending on your design and preferences.Solution 1 | Change the page background colorYou can change your background color to match the color of your footer.\xa0This will make the gap look like it's part of the footer.\xa0Solution 2 | Add content to your pageYour page length is automatically determined by the content and elements you add to it. You can make your page longer by adding additional content to cover most of the viewport.\xa0Note: If you add extra content to your page, you may still see a gap on larger viewports, and a vertical scrollbar can appear on smaller viewports.Solution 3 | Resize the footerResize your footer to make it long""]",20.3308265209198
Im having trouble removing the collapsible text in the Wix Editor. I need help with identifying the Layers icon.,"I don't know. The context only provides information about adjusting collapsible text from the desktop editor and adding mobile-only elements, but it doesn't mention how to remove or identify layers in the Wix Editor.","[""Wix Editor: Adding and Setting Up Collapsible Text on Your Mobile Site\nCollapsible text can help you show information on your mobile site in a concise way that invites visitors to read more. Parts of the text are hidden, and visitors can view the full text by clicking a button that expands it, or a link to a separate page.There are two types of collapsible text that you can have on your mobile site:\nCollapsible text carried over from the desktop editor Collapsible text that you add from the Add panel in the mobile editor. This is mobile-only text, and does not appear on your desktop site.Not sure if it's a desktop or mobile element?Mobile-only elements display a mobile icon  when you click them in the mobile editor.In this article, learn more about:\nAdjusting collapsible text from the desk"", 'Wix Logo Request: Cut Out Tool to Remove Parts of a Shape, Icon, or Text in the Wix Logo Maker\nCurrently, it is not possible to cut out or erase a part of a shape, icon, or text in the Logo Maker.Note:Shapes are always visible in white, black, monochrome, grayscale and transparent files of the logo. We do not recommend using them to cover parts of the elements in your logo.\xa0Check out our logo best practices here.We are always working to update and improve our products, and your feedback is hugely appreciated.', "" add\xa0collapsible text\xa0to your Wix Pro Gallery. If this is something you'd like to see in the future, vote for that feature.""]",14.966500520706177
"Im having trouble updating a PDF on my website using the dashboard CMS. After replacing the PDF in the collection, it doesnt update on the website. I need guidance on enabling sandbox collections and syncing them with live collections to resolve this issue.","To help you resolve the issue with updating a PDF on your website, let's first confirm that you're using the Sandbox collections feature.

If you've enabled sandbox collections, make sure to sync your sandbox collection to your live collection. This is because sandbox collections are used for testing and development purposes, while live collections contain the actual content displayed on your site.

Here's a step-by-step guide:

1. Go to your editor and click CMS > Your Collections.
2. Click on the relevant collection (e.g., ""My Live Collection"").
3. Look for Sandbox Collection at the top; this indicates you're currently in sandbox testing mode.
4. Choose what you want to do, then select Sync all items from Sandbox to Live.
5. Click Sync content at the top right.

This will synchronize the changes from your sandbox collection with your live collection, updating the PDF and other content on your website accordingly.

If syncing doesn't resolve the issue, please let me know, and we can explore further troubleshooting steps.","[""ections. Click\xa0Publish\xa0if you are ready to make the changes go live.\xa0If you've enabled sandbox collections: To publish sandbox collection content to your live site, make sure to sync your sandbox collection to your live collection.\xa0"", ""n a live collection, making it different from what's in the sandbox collection. However, the structure of both collections remains the same. If you want to see your live collections in your site's dashboard, you need to sync your sandbox collection with your live collection.Syncing a Sandbox collection to a Live collectionWorking on your sandbox collections won't change the appearance or functionality of your live site. When you're ready, you can transfer the content from your sandbox collection to your live collection. If your live collection already has content, you have the option to replace it with the content from your sandbox collection.Learn how to sync your sandbox collection to your live collection.\xa0"", ""d items from Live to Sandbox: Sync only the selected items from your live collection to your sandbox collection. Erase items in Sandbox and replace with Live items: Replace the items in your sandbox collection with the live collection items. \n   Click Sync to confirm.\xa0\nGo to your editor. Click CMS \xa0on the left side of the editor.\xa0 Click Your Collections. Click the relevant collection. You should see Sandbox Collection at the top to indicate you're in the sandbox testing collection.\nChoose what you want to do:\xa0Sync your sandbox collection items to your live collection\nSelect the items you want to sync to your live site. If you want to sync all items, skip this step.\xa0 Click Sync content at the top right. Select the relevant option and click Sync:\xa0\n    \nSync all items from Sandbox to Live: Sy""]",30.85586643218994
How does the pricing for Google Ads work?,"According to the context, Wix gets 15% of your payment for running and optimizing your campaign, and the remaining 85% goes towards your ad spend which is spent on ad clicks. This system follows a PPC (Pay-Per-Click) model, where you pay for each ad click, with no additional fees.","['2 and on others you’re charged $10. At the end of the month, your charges won’t exceed $152 (that’s 30.4 multiplied by your $5 budget, as explained in the FAQ above).Even though your campaign costs varied (tipping above and falling below your $5 budget from day to day), at the end of the month you will still be charged for the amount you budgeted.Where does my live ad appear?Your campaign can appear in Google search, YouTube or a Google partner website (AKA Google Display Network).Note: Showing ads on Google partner websites is helpful because it puts your ads in front of people before they start searching for what you offer. Reach potential customers while they are doing unrelated activities online (e.g. browsing their favorite websites, showing a friend a video, or using apps on mobile d', 'rds your ad credit which is spent on ad clicks.Does Wix charge a fee?Wix gets 15% of your payment for running and optimizing your campaign, the remaining 85% goes towards your ad spend which is spent on ad clicks. Prices do not include VAT, which is determined based on your billing country.What does my ad credit include?Your ad credit may include your monthly subscription, any rollover ad credit from previous months, as well as any qualifying Google Ads credit applied to your account. If you pay in a supported currency (e.g. EUR, GBP, JPY, USD) the ad credits are in the same currency. For all other currencies, ad credits in your dashboard show as USD.How is my ad credit spent?Google Ads use PPC model of digital advertising. PPC stands for pay-per-click, a system where the advertiser pays a', '5% of your payment for running and optimizing your campaign, the remaining 85% goes towards your ad budget which is spent on ad clicks.How do I know what budget to set for my business?We recommend a monthly budget that is about 5% of your monthly business revenue. However, you can start as low as $150 USD a month.What does my ad credit include?Your ad credit may include your monthly subscription, any rollover ad credit from previous months, as well as any qualifying Google Ads credit applied to your account. If you pay in a supported currency (e.g. EUR, GBP, JPY, USD) the ad credits are in the same currency. For all other currencies, ad credits in your dashboard show as USD.It is possible to continue running an ad with existing ad credit, even if your Google Ads with Wix subscription has e']",23.537153959274292
I want to retry a subscription payment using the same card.,"To retry a subscription payment using the same card, you would need to wait for the grace period to expire. After the grace period is over, you can try to update your client's payment method and then retry their subscription payment.","[""t providers, you must first cancel all active recurring plans, switch providers, and then ask your clients to repurchase the same plan.Dealing with failed paymentsWhen a client's credit card is cancelled or expires, or when there are insufficient funds to cover the subscription, you do not receive payment. This automatically cancels your client's plan.\xa0If the client wants to continue their subscription with a new credit card, they need to purchase a new plan."", ""s intended to avoid excessive debt.\xa0 When you enable grace periods, you enable the automated failed payment and successful payment emails by default.\xa0 In some cases, the system cannot make recurring payment attempts. This can happen for many reasons, including if the card attached to the customer's original payment method was reported lost or stolen, for example.\xa0To set grace periods and recurring retries for your subscriptions:\nGo to Subscription settings in your site's dashboard. Enable the toggle next to Grace Period.\xa0 Enter the grace period you want to offer clients who miss their recurring payments. Click the toggle next to Retry a customer's payment method automatically during grace period to choose how you want to retry payments during the grace period:\n    \nEnabled: The system auto"", 'online for a customer Frequently asked questions (FAQs)Clients updating their payment methodClients can update the payment method they use on their active recurring subscriptions. This is useful to avoid having their payments fail, their subscriptions canceled, or going into a grace period. This can happen when an existing payment method, such as a card, is due to expire soon.If payment fails, and the subscription is canceled, your clients will have to purchase a new subscription using a valid payment method. You can advise your clients on how to update their payment method using the steps below.To update your payment method:\nLog in to the relevant Wix site.\xa0 Go to the My Subscriptions section of the Members Area. Click the relevant plan. Click Update Payment Method.\xa0\nClick Credit/Debit Ca']",16.870823860168457
My website isnt showing up on Google. I checked if its indexed and nothing showed up. I need help with allowing search engines to index my site and submitting my sitemap to Google.,"To help you get your website indexed in Google, let's start by verifying your site ownership with Google Search Console. This is a crucial step that will enable search engines to crawl and categorize your site. 

Once you've verified your domain, you can submit your sitemap directly to Google via Google Search Console. Here are the steps:

1. Go to Google Search Console.
2. Select your site from the drop-down menu.
3. Click on ""Sitemaps"" and then ""Add a new sitemap"".
4. Enter the URL slug of the sitemap you want to submit.

By doing this, you'll be allowing search engines to index your site more efficiently. It's also worth noting that verifying your site ownership with Bing Webmaster Tools may help speed up the time it takes for your site to appear in search engine results.

Keep in mind that there is no guaranteed time frame for your site to be indexed and appear in Google or other search engines, but following these steps should help.","[""another domain host.Tip:It can take some time for changes to your site's pages to appear in Google search results. If you want your changes to appear quicker, you can try to request indexing for the page.Manually submitting your sitemap to search enginesEach search engine has their own webmaster tools and their own method for submitting sitemaps. Check the steps below for the search engine that you want to submit your sitemap to.\xa0Important:Before you can submit your sitemap to search engines, you need to verify your ownership of your site's domain with them.\xa0Learn how to verify your domainLearn how to submit a sitemap to:Google\nGo to Google Search Console. Select your site from the drop-down. Select Sitemaps. Enter the URL slug of the sitemap you want to submit under Add a new sitemap.\nFor"", 'nce you have verified your site, you can submit your sitemap directly to Google via Google Search Console to make it easier for Google to crawl and categorize your site. Click here to learn more.\xa0Note:The waiting period for your site to be indexed is determined by the search engines themselves and is the same for all websites (not just Wix sites).', 'Time Required For Your Site to Appear in Search Engines (Google)\nThere is no guaranteed time frame in which your site will be indexed and appear in Google or other search engines.\xa0Wix guarantees that all of the text and meta tags on your site are scanned by search engines, however, it is the quality of your website that determines if and how you will rank. Read best practices for getting your site found on Google for more tips.\xa0Click here to check if your site has been indexed.You can speed up the time that it takes for your site to appear in search engine results by verifying your site:Verify your site ownership with Google Search ConsoleVerify your site ownership with Bing Webmaster ToolsOnce you have verified your site, you can submit your sitemap directly to Google via Google Search Co']",29.863678455352783
Im having trouble verifying my business Wix Account to receive payments. The error message says my company couldnt be verified based on the Company number I provided. Its asking me to re-enter the Company number and upload a matching company document.,"I don't know. The context doesn't provide information on how to resolve issues related to verifying the business account, such as entering a Company number or uploading a matching company document. It only provides guidelines for uploading banking documents and general verification requirements, but not specific instructions for resolving errors related to Company numbers.","['account The name of the business checking account needs to be visible and clear and match the legal name of the business listed on the company document, and also the legal company name in your Wix Payments dashboard for a\xa0business Wix Payments accountGuidelines for uploading bank statements, voided checks and bank lettersBanking documents may be rejected if:\nThe document is blurry The document is not legible (font too small) The document is torn or damaged The document is rotated or upside down The image is a mobile screenshot The full account numbers are not displayed The name/company on your document do not match details in your account The account numbers are incorrect It is not a bank statement, but a direct deposit form The voided check is not printed by a financial institutionPlease ', ""passed and you've verified the information is correct and matches your bank account details, contact Wix Customer Care. We will be happy to investigate this issue further.\xa0Business account\nMake sure you've written your personal and company information correctly.\xa0\n    \nYour first / middle / last name and your date of birth, must match those listed in your photo ID.\xa0  \nDouble check that you've entered your bank account number(s) correctly. Your company's name and its registration number/tax ID must match the company's registered information. Your Doing Business As name should match what appears on your customers' statements. Enter a physical address to verify your account. PO Boxes are not accepted as a valid address. Upload an address verification document, such as a utility bill, to confir"", ""e listed in your photo ID\nYour company's name and its Business Number must match the company's registered information Enter a physical address to verify your account. PO Boxes are not accepted as a valid address Your bank statement / document should include the bank logo, as well as your account number and the account holder name If required, upload a document that proves the validity and ownership of the Business Number during registration Confirm that the Legal Business Name, Shareholder and Business Number entered in the form matches those associated with your business bank account.FAQsClick a question to learn more about setting up your account.What happens after I submit my details to set up my Wix Payments account?After submitting your details, you are required to go through a verifi""]",12.810877084732056
I need to grant a developer access to our Wix site to integrate the Beam payment method. Im unsure about the specific permissions I should grant to ensure the sites safety.,"To ensure the site's safety when granting a developer access, you would want to assign a ""Payments Admin"" role to them. This role will allow them to manage payments settings and connect with 3rd party payment providers, but not have full access like an Admin (Co-Owner).","[""Wix Payments: Assigning Payments Roles\nYou can allow co-owners, accountants or other collaborators to manage payments settings in your Wix site. Depending on the role you assign, your collaborators can:\nConnect and manage a Wix Payments account Connect a 3rd party payment provider View payments, payouts and settlement reports Add funds Issue refunds Dispute chargebacksIn this article, learn more about:\nAvailable payments roles Assigning a payments role Frequently asked questions (FAQs)\xa0Available payments rolesDepending on where you're located, there are a number of options available for people to collaborate on the payments aspects of your site.Admin / Co-OwnerThe Admin (Co-Owner) has full access to manage the Accept Payments dashboard with the same permissions as a Payments Admin (see bel"", ""Wix Payments: Ensuring Your Business is Ready for Sales\nStart accepting payments for your business with Wix Payments. Learn what information must be included on your website.Before you begin, please make sure:\nWix Payments is available in your country You’ve upgraded to a Premium or Studio site plan that supports payments Products or services you offer don’t appear on the Wix Payments: Prohibited Products and Services\nNote: Some types of businesses and services are not supported by Wix Payments. You may still be able to process payments with a different payment provider You’ve completed your Wix Payments account setup\nNote: Your Wix Payments account has to be verified before you're eligible for payouts to your bank accountIn this article, learn about Wix Payments requirements for your site"", ""2.0 authorization. Enjoy Wix's enterprise-grade security for peace of mind.\nGet startedIf you're ready to dive in, head to our Wix Studio developers hub to get started.""]",17.1335551738739
Im having trouble resizing the image and adding text to a new section I added to my site on Wix editor.,"I think I have found the solution. 

To resize an image in the Wix Editor, you need to click on the Image Editor icon, then click the image to select it, and finally click the ""Resize"" tool (represented by a pair of square arrows). To add text to your new section, follow these steps:

1. Click the section you added.
2. Click Edit Text.
3. Make the text changes as needed.

If you're still having trouble, I recommend trying the Wix Photo Studio or checking out the Wix Editor's interactive tutorial for further assistance.","[""dit the text where necessary before you publish the changes to ensure that it aligns with the\xa0Wix Terms of Use, and that you have all the necessary rights and licenses to use and publish this content.To adjust your section content:\nClick the section in your editor. Click the content you want to change or adjust:\n    \nText:\n\nSelect the text box. Click Edit Text. Make the text changes as needed. (Optional) Use the panel to change the text font, size, color, and more.   Image:\n\nSelect the image. Click Change Image. Select from a range of stock photos or site files, or upload your own. Click Choose Image. (Optional) Click the icons to crop your image, add a frame, and more.    What's next?\nCustomize your sections to complement your pages and brand. Learn about everything you can do with\xa0Wix's "", ""ge to resize it.Additional edits to an imageYou can make further edits to images using the Wix Photo Studio. Quickly access the Wix Photo Studio by clicking on the Image Editor icon . Try the Wix Photo Studio for its easy drag-and-drop feature, dynamic content options, and a variety of professional templates.To make further edits to an image:\nGo to Blog\xa0in your site's dashboard. Open an existing post or create a new one. Select the image you wish to edit.\xa0 In the toolbar above the image, click the Image Editor icon .\nUse the available tools in the Photo Studio to edit your image.\xa0 Click Save to implement the changes you made."", 'Wix Editor: Image Issues\nIf you are experiencing issues with your images on your site, please follow the steps below:\nMake sure that the files you are uploading meet the requirements. Click here for guidelines. Try viewing your site on another device to see if the image issue occurs there as well. Click any ""?"" inside the editor and type your problem. You might find the answer you are looking for. Follow our general interactive tutorial here.If you are still having problems after completing the steps above, click here to contact Customer Care. Please also provide a screenshot\xa0of the issue.']",24.768523693084717
Im having a glitch on my site where the text on one of my menu items wont update.,I don't know.,"[""element hasn't been added to the menu boxIf you have edited your mobile site recently, you may have moved the element to the menu box. To move the element out of the menu box:\nOpen the menu box in the mobile editor. Right-click the element. Click\xa0Move to. Click where to move your element."", 'er.What browser are you using?Go to www.whatismybrowser.com to find out if your browser is up to date.\xa0', 'ery text by\xa0changing the font of your site.']",4.709928512573242
I want to start a new website design from scratch using the Wix Editor.,"To create a website from scratch in just a few minutes, you can use Wix's AI Website Builder.","[""Wix Editor: Getting Started with the Wix Editor\nThe Wix Editor is the platform you use to build and edit your website. It is packed full of features to help you create a unique, sophisticated site.\xa0The website builder allows you to customize and build your site in a variety of ways, such as adding and customizing elements, and choosing a color and text theme.Opening the Wix EditorAccess the Editor to get started and begin creating a site that's perfect for you and your needs.\xa0To open the Editor:\nGo to your site's dashboard. Click\xa0Edit Site\xa0next to your site's name.Adding and customizing elementsThe Wix Editor contains hundreds of stunning, customizable elements that you can use to create your site. Choose from images, text, shapes, strips and more to create your site.\xa0Click Add Elements \xa0o"", ""s for you to choose from, so whether you're a beginner or an experienced user, we got you covered. The Wix Editor offers a user-friendly experience for those who prefer simplicity, while the Wix Studio Editor is better suited to website designers and other professionals who want to implement intricate design elements.Whichever editor you choose, you can create your site just the way you want.\xa0Both editors provide a variety of pre-designed templates and elements, making them accessible for beginners while still offering flexibility for more advanced users.Ready to get started?Start creating with the Wix Editor or the Studio Editor. You can also use\xa0Wix's AI Website Builder\xa0to create a website from scratch in just a few minutes.\xa0Templates with endless customization optionsOur diverse collect"", ""Top Reasons For Choosing Wix\nWix is a free, user-friendly, website building platform. Our intuitive technology and powerful built-in features gives you the freedom to design professional websites with ease that look amazing on any device.\xa0Wix is more than a website, though. We offer a complete set of tools to build your online presence, from getting found on search engines to building your business.User-friendly and intuitive editorsCreating your dream website has never been simpler thanks to the Wix editors. With an intuitive drag-and-drop interface, building and customizing your site is a breeze, and the best part is, you don't need to write a single line of code!We have 2 intuitive editors for you to choose from, so whether you're a beginner or an experienced user, we got you covered. T""]",17.70957612991333
Im trying to remove a menu from the header of my Wix site.,"To delete a menu, go to Menus (New) in your site's dashboard, click on the relevant menu, and then click the More Actions icon at the top right. Choose ""Delete menu"".","[""Wix Restaurants: Deleting the Menus by Wix Restaurants App\nImportant:This article is about the original Wix Restaurants Menus App. Try out our new menu app. Learn how to add and set up Wix Restaurants Menus (New) app.Menus by Wix Restaurants is a full-page app, therefore in order to delete the app, you must delete the page itself from your site's Editor.Important:When you delete your Menus app, any menus and orders associated with it will be permanently deleted.Wix EditorEditor X\nClick the\xa0Pages iconon the left side of the Editor. Click Main Pages. Hover over the Menus page and click the More Actions\xa0icon\xa0. Click Delete. Click Delete to confirm.\nClick the\xa0Pages\xa0icon\xa0 on the left side of Editor X. Click Main Pages. Hover over the Menu page and click the More Actions icon . Click Delete. Cli"", ""Wix Editor: Adding a Site Menu\nA site menu is an essential part of your website. Every site should have one so that your site visitors can navigate between your pages or sections.If you are using a template, your site already has a menu on it. Click the menu to customize it, or delete it and add a new one following the steps below.To add a site menu:\n \nGo to your editor. Click Add Elements \xa0on the left side of the editor. Click Menu & Anchor. Click a menu type:\n    \nMy Menus: If you've already added menus to your site, the styles you've chosen appear in this section so you can use them again. \xa0 Themed Menus: These menus have been handpicked to match your site. Horizontal Menus: A horizontal menu is usually placed in the header or footer of a site. Vertical Menus: A vertical menu can be pla"", ""Note: A label must have a name and an icon.Can I hide a menu?Yes, you can mark a menu as draft to hide it from your Editor and live site.To mark a menu as draft:\nGo to Menus (New) in your site's dashboard. Click the Edit icon \xa0by the menu you want to hide. Check the Mark as a draft checkbox. Click Save.Tip: Learn how to do this on the Wix app from your mobile device.Can I delete a menu or parts of a menu?You can delete a menu, section, or item that you no longer need. However, once deleted, it cannot be restored. Additionally, you also have the option to remove an item from a section.\xa0\nGo to Menus (New)\xa0in your site's dashboard. Go to the relevant menu and click the More Actions icon\xa0\xa0at the top right. Choose what you want to do:\n    \nDelete a menu: Click\xa0Delete menu. Delete a section: Cli""]",23.306869506835938
How to make the published changes draft?,I don't know.,"['nality. Click\xa0Publish\xa0if you are ready to make the changes go live.\xa0', ""Branded App Request: Draft Mode - Version Control\nCurrently, it is not possible to create different drafts of your app or automatically save your changes. This capability would allow you to experiment with various designs without losing your previous work and provide the ability to undo and redo changes. For example, if you are redesigning your app's layout, you could try multiple versions and easily switch back to a previous draft if the new changes don't meet your expectations.\xa0We are always working to update and improve our products and your feedback is greatly appreciated."", ""n then approve the post on the Pending Reviews tab in the Blog section of your site's dashboard. If the editor approves the post, it gets published on your site. The writer also receives an email to let them know that the post has been approved and published.If the editor rejects the post, it reverts to a draft. The writer receives an email to let them know that the post was not published and gives them an instruction to contact the editor for more details.Not sure how to add writers?You can add new writers from the Roles and Permissions section in your dashboard, or from your Writers List. Learn more about adding writersApproving a writer's postBlog Editors and Owners can approve posts on the Pending Review tab of the Blog section of your site's dashboard. After they approve the post, it'""]",10.271435260772705
how can i connect google reviews to website,"You can embed customer reviews from a Google business or location on your website using the Google Reviews app by Elfsight, which is available in English. To get started, check out the Google Reviews app by Elfsight and follow their instructions for embedding the reviews on your website.","['Third-Party App: Google Reviews by Elfsight\nWith the Google Reviews app, you can embed customer reviews from a Google business or location on your website without the need for any coding.Important:This app is only available in English.\xa0Features and benefits include:\nFull control over the displayed reviews with advanced sorting, filtering, and moderation. Boost your conversions with CTA buttons, star rating snippet, and AI-generated summary. Ready-to-use templates, layout designs, and review card styles to find the look you want.Check out the Google Reviews app by Elfsight to get started.\xa0For questions and comments, contact Elfsight directly:Website: https://elfsight.com/Email: support@elfsight.com', 'Managing Reviews in Google Business Profile\nWhen your business is verified on Google, you can respond to your customer reviews. Your responses will be visible directly below the review, labelled ""Response from the owner.""\xa0You can see and edit reviews in Wix and on Google Maps, and potential customers can also see your responses.In this article, learn more about:\nManage your reviews Report inappropriate reviews to GoogleManaging Google ReviewsYou can reply to Google reviews, edit your reviews if you make a mistake or wish to add more information, or delete your reply if you need to start over.To manage your reviews:\nGo to Marketing & SEO in your Wix site\'s dashboard. Click Google Business Profile on the left menu. Click Manage Reviews. Choose an action below:Reply to a review:\nClick Reply n', ""rd. Click Start Now. Click Import Existing Profile.\xa0 (If necessary) Sign in to your Google account. Click Allow. Select the location, then click Add.Adding owners and managers to your profileYou can invite colleagues or collaborators to help manage your Google Business Profile reviews through your Google account. You can assign roles to people that you invite and choose the level of access that they have.Learn more about adding owners and managersSwitching Google accountsIf you have multiple Google accounts that have linked Business Profiles, you can switch accounts in the Google Business Profile Manager to import the profiles.\xa0To switch Google accounts:\nGo to Google Business Profile\xa0in your site's dashboard. Click the More Actions icon  next to Google Business Profile Manager. Select Disc""]",18.715763568878174
how to remove a gap on the mobile site version between the logo and elements below it,"To remove a gap on the mobile site version between the logo and elements below it, try reducing the size of the element. Alternatively, you can use the Auto Space on Drag tool to adjust the space between elements when placing an item in the gap. However, if the gap persists, check if there are any elements hidden from your mobile site, as they might be causing the issue.","["".\xa0Depending on where the gaps are, you may be able to remove them by make the element smaller, or by shortening the page length.Tip: The Spacing Guide tool shows you the existing gaps on your section (in pixels). It also shows an indication when these gaps are equal to one another.\xa0Elements hidden from the mobile siteWhen editing your mobile site, you may notice that you can't find some elements that appear on desktop. This is because some elements are automatically hidden from your mobile site in order to make it more suitable for mobile devices.\xa0Check which elements have been hidden from your mobile site, and unhide if needed, from the Hidden on Mobile  panel.Did you know?You can hide desktop elements from your mobile site, and replace them with mobile-only elements. Create a personalize"", 'te. You can manually rearrange these elements by dragging them to your chosen location.If an element appears on the menu, header, or footer of a mobile site, it is not possible to click and drag it around the page. However, you can use the right-click menu to move these elements between the menu, header and footer.Tip:When placing an item in the gap between elements, you may need to adjust the spacing. Use the Auto Space on Drag tool to automatically create even spaces between the elements.\xa0Gaps on the mobile siteYou may notice gaps on your mobile site. Our mobile algorithm ""translates"" desktop content for mobile but it\'s not always perfect, and can sometimes lead to gaps on your mobile site.\xa0Depending on where the gaps are, you may be able to remove them by make the element smaller, or by', ' bottom of the page. Click anywhere on the area of the page body that is close to the footer Double-click on the Page Height icon \xa0to remove any gaps between the header and footer.\xa0FAQsClick a question below to learn more.\xa0Is there any tools I can use to help me with gaps and spacing on my site? You can use the Auto Space on Drag tool to automatically adjust the space between elements when you place an item in the gap between them. Additionally, you can use the Spacing Guide tool to indicate when the gap size is equal to other gaps on your section.\xa0 Will these changes be reflected on my desktop site? Any changes you make using the mobile editor are not reflected on your desktop site.\xa0I can see a gap on my site, why am I unable to click it? If you are unable to click the gap on your mobile ']",22.24146842956543
How can I save a lightbox for next year?,"I don't know. The context does not provide any information on how to save or reuse a lightbox for future use, such as saving it for next year.","['and set up a lightbox', "" How does the lightbox close?.\nNote: If you disable both the 'X' icon and 'Close' button, visitors can click outside of the lightbox to close it. When ready, click Done to exit Editing mode. \xa0Setting a schedule for a lightboxChoose when site visitors see the lightbox. If you're promoting a limited-time offer, for example, this ensures the lightbox only appears in the relevant time frame.To set the lightbox schedule:\nClick\xa0Pages\xa0\xa0on the left side of the editor. Select the relevant lightbox under Lightboxes.\xa0 Click the lightbox on the canvas. Click Set Triggers. Scroll down to Lightbox scheduling and click + Set schedule. Set the start date and time and the end date and time.\nTip: Make sure the correct time zone is set. If not, you can change it.\xa0Linking elements to a lightboxLink elements o"", 'nter on your keyboard. Select a design and click Add to Page. Link the button to the lightbox:\n    \nSelect the relevant button in the Editor. Click the Link icon . Select Lightbox on the left. Select the menu lightbox in the drop-down under Which Lightbox?.   Click Done.']",10.88839054107666
"WHAT is full form of cms, and benefits","The full form of CMS is Content Management System.

The benefits of a Content Management System are:

* Allows your site to store and access a wide variety of content types
* Creates unlimited pages
* Helps you manage your site more efficiently
* Enabling collaboration through custom roles and permissions
* Determining who can access the CMS collection content from your live site","[""CMS: Index of Terms\nThe definitions below will help you understand the CMS (Content Management System), its collections and content, connected pages and elements, and more. The CMS allows your site to store and access a wide variety of content types, create unlimited pages, and much more.\xa0CollectionYour CMS is made up of one or more collections. A collection is a database of your site's content laid out in a grid of rows and columns. Your content can include text, images, files, and other types of content for a particular site.\n\nEach row in a collection represents an item. Each column in the table is a field, which can be of a specific content type, usually a property of the item like a color. You can connect elements on your site to items and fields in your collection.\n\nYour site has two "", "". Social: Add social icons so that your visitors can directly access your social networks. Blog: Create a stunning blog and grow an online community with people who share your passion. Store: Set up an online store to sell your products. Bookings: Add a bookings system to let your clients book and pay for services. Events: Create and manage events on your site.\xa0 Members: Allow visitors to become members and access their private account on your site. Sections: We have tons of beautiful pre-designed page sections to help you build your site. These presets look great on all screen sizes, so you don't need to worry about customizing them for each breakpoint. CMS (Content Management System): Manage your site more efficiently by creating and storing content in collections."", 'CMS: Creating Custom Roles and Permissions\nChoose what your teammates and collaborators can access within the CMS (Content Management System) by creating custom roles for them. You can grant access to viewing content, adding and editing content, managing backups and more.\xa0Important differences between permission types: \nCMS roles & permissions: The roles and permissions you assign to collaborators determine what they can do from within the CMS itself. This differs from collection permissions, which determine what collaborators can do from your live site. Collection permissions: Determine who can access the CMS collection content from your live site and what they can do with the content (e.g. view, add items, update existing content, delete content). Usually, this is done with input element']",19.412721872329712
Can I get a refund for the domain I purchased yesterday?,"No, you cannot get a refund for the domain you purchased through Wix Domains because Wix domains are separate from Premium or Studio site plan purchases and do not have a 14-day money-back guarantee. If you feel that you deserve a refund, you can contact Customer Care to tell us why and we will review your request.","['Refund Policy for Wix Domains\nWix domain purchases are separate from Premium or Studio site plan purchases, and therefore do not have a 14-day money-back guarantee.\xa0If you feel that you deserve a refund, see further information about refunds. Alternatively, you can contact Customer Care to tell us why and we will review your request.Note:If you no longer wish to keep the domain you purchased, you can cancel your subscription by turning off the auto renewal process. The domain will expire on the next renewal date.\xa0', ""site to be made public, you can add a\xa0Coming Soon (landing page)\xa0page and hide the rest of your site.Does the refund policy apply to domains and business emails?No, Wix domain purchases are separate from plan purchases. Domain purchases do not have a 14-day money back guarantee. If you feel that you deserve a refund, contact us and we'll review your request.Note: If you no longer wish to keep the domain you purchased, you can cancel your subscription by\xa0turning off the auto renewal process. The domain will expire on the next renewal date.\xa0I've canceled my site plan, but it is still active. Why is this? In this case, you may have canceled beyond the 14-day money back period. If you've canceled within the first 14 days, the site plan and its benefits are immediately deactivated. \nIf you canc"", ""Requesting a Refund for a Premium or Studio Plan\nWix offers a 14-day, money-back guarantee for new Premium or Studio site plans.\xa0If you purchased your site plan within the last 14 days, you're eligible for a full refund.\xa0Eligibility for a refundThe 14-day refund policy only applies to new Premium or Studio plans. The refund policy does not apply if:\nYou are requesting a refund for a plan renewal. You are requesting a refund for the upgrade of an existing plan.If you do not meet the requirements for the 14-day refund policy, but you believe you still deserve a refund, contact us and we'll review your request.\xa0Request process for a refundCancel your site plan within the first 14 days of purchasing it to receive a full refund. There's no need to submit a request, simply click the button below""]",19.264091968536377
How can I access analytics as a collaborator on a Wix site?,"According to the context, by default, pre-built Analytics reports are visible to all site collaborators with permission to view Analytics data. However, newly created or duplicated reports are only visible to the creator and site owner, unless they are shared with others. It does not explicitly state how to access analytics as a collaborator on a Wix site.

Therefore, I don't know how to access analytics as a collaborator on a Wix site based on the provided context.","[""Sharing Your Wix Analytics Reports with Contributors\nSharing your Wix Analytics reports is a great way to keep your team informed about your site's performance, tailored to the metrics that matter most to you.By default, pre-built Analytics reports are visible to all site collaborators with permission to view Analytics data. Newly created or duplicated reports are only visible to the creator and site owner, unless they are shared with others.In this article, learn more about:\nSharing reports Making reports private Frequently asked questions (FAQs)The reports you created, as well as those you duplicated, appear under Custom Reports in the All Reports page in your site's dashboard.Sharing reportsShare reports you have created with the relevant stakeholders. This will allow them to access imp"", ""for enterprise account. Explore your sites' overall performance, and drill down into your analytics data for each site.\xa0Your overview dashboard is yours to customize, so you can keep track of the data you're most interested in.\xa0Learn more about viewing your sites' analytics.Use Single Sign-On LoginUse enhanced authentication with Single Sign-On (SSO) and let employees and/or clients log in with their Wix credentials using the Open ID Connect protocol.\xa0This kind of login can be used by employees or clients to access several related, yet independent, online platforms.FAQsClick a question below to learn more about\xa0the Wix Studio enterprise solution.\xa0How do I add teammates?Add people to your Wix Studio for enterprise account and assign them different roles, permissions and access levels.\nClick"", 'Wix App: Inviting and Managing Collaborators\nAssign roles and permissions to collaborators, so they can help you manage your site and business through the Wix app.\xa0Granting collaborators the right level of access gives them the flexibility to manage and collaborate on your site on the go.\xa0\xa0In this article, learn how to:\xa0\nInvite people to collaborate Change collaborator roles and permissions Remove collaborators FAQsInviting people to collaborateInvite collaborators and assign them one or more roles, depending on what you want them to do.\xa0You can add, view, and edit roles for your site from here.\xa0Important: Some roles and permissions can only be accessed via the Wix app or the dashboard specifically. Learn more about roles and permissions that are specific to the dashboard. \xa0Tell me about t']",20.737877130508423
I bought two domains I want to cancel one of them,"To cancel a domain, follow these steps:

1. Go to your Domains page.
2. Note: If you have more than 1 domain in your account, scroll to the relevant domain.
3. Click the Show More icon next to the relevant domain.
4. Select Remove from Wix.

That's it!","[""count. Click the Show More icon  next to the relevant domain. Click Cancel Domain. Select Cancel auto renew and click Submit.Learn more about about what happens if you cancel a domain.Removing a domain purchased from another hostIf you purchased your domain from another domain host, you can remove it from the Domains section in your Wix account. The DNS will no longer be managed by Wix and you can manage it at the domain host you purchased it from.Show me how\nGo to your Domains page.\nNote: If you have more than 1 domain in your account, scroll to the relevant domain.\xa0 Click the Show More icon \xa0and select Remove from Wix.\n Click Remove Domain.Next Steps:Once you've removed the domain from your account, follow the steps to continue with the account closure process.Frequently Asked QuestionsW"", 'ect the canceled plan. Click Assign to a different site next to Assigned to:. Click Assign next to the duplicate site.   Upgrade the original site to the plan of your choice:\n    \nGo to the dashboard of the original site. Click Upgrade at the top of the dashboard. Click Select under the plan you want to purchase. Follow the steps to complete the purchase.   Assign your domain back to your original site:\n    \nGo to the Domains page. Click the Domain Actions icon \xa0next to the domain you want to reassign. Click Assign to a site. Select the site you wish to assign the domain to (your original site, not the duplicate). Click Next. Click Assign.  FAQs:Read this article for frequently asked questions about changing your plan.Video tutorial\n', 'Canceling Your Site Plan and Domain\nYour site plan (Premium or Studio plan) and domain name are separate services and therefore need to be canceled separately.\xa0\nLearn more about canceling your Premium or Studio plan. Learn more about canceling your Wix domain.\xa0']",14.475900650024414
can you change the text for the service descriptions,"Yes, you can customize the text on your service page to fit your brand's tone and voice by editing the text in the ""Service Details box"" section.","[""xt, and buttons using the available options. Service Details box: Adjust the design of the details box, including the font, color, background and border using the available options. Schedule: Customize the design of the schedule, including the background color, opacity, borders and dividers using the available options. You can also customize the color and the font of the text that appears in the schedule.\xa0 Gallery: Adjust the corner radius, border width, color and opacity using the available options.\xa0  Want to learn more?Check out the full course in Wix Learn about designing your site to build your business online.\xa0Editing the text on your service pageCustomize the text on your service page to fit your brand's tone and voice. This is useful if you and your staff have specific ways of descr"", 'options. Body: Customize the color and opacity of the service page body background, text, and buttons using the available options. Sidebar: Customize the color and opacity of the service page sidebar background, text, and buttons using the available options. Service Details box: Adjust the design of the details box, including the font, color, background and border using the available options. Schedule: Customize the design of the schedule, including the background color, opacity, borders and dividers using the available options. You can also customize the color and the font of the text that appears in the schedule.\xa0 Gallery: Adjust the corner radius, border width, color and opacity using the available options.\xa0  \nGo to your editor. Go to your Service Page:\n    \nClick Pages \xa0on the left sid', 'n\xa0tab. Choose what you want to customize:\n    \nHeader: Customize the color and opacity of the service page Header background and Service Title. You can also adjust the font and background color and opacity of the header button. Body: Customize the color and opacity of the service page body background, text, and buttons using the available options. Sidebar: Customize the color and opacity of the service page sidebar background, text, and buttons using the available options. Service Details box: Adjust the design of the details box, including the font, color, background and border using the available options. Schedule: Customize the design of the schedule, including the background color, opacity, borders and dividers using the available options. You can also customize the color and the font ']",15.550864458084106
How do I show a client we have issued a refund,"To show a client that you have issued a refund, you need to:

- Enable the ""Send a confirmation email"" toggle in the Issue Refund section.
- Enter a note that appears in the confirmation email.
- Tap ""Next"" and then ""Issue Refund"" to confirm.","['he Payment info section.\xa0 Select the checkbox next to the tip, under Delivery method and fees. Click Refund at the top right. Click Mark as refunded/Issue refund.Read more about refunding customers from your Orders dashboard.', ""refund your client, depending on how they paid for the session:\n    \nTap to select Issue refund checkbox. Tap to select the Credit session back to client's plan checkbox.\xa0   Tap Cancel Session to confirm.Appointment without cancellation fees\n(Optional) Tap Mark as refunded to issue a refund.\nNote: Go to your orders tab to issue a partial refund. (Optional) Tap Notify client with an email and add a message for your customer. Choose the relevant to option to refund your client, depending on how they paid for the session:\n    \nTap to select Issue refund checkbox. Tap to select the Credit session back to client's plan checkbox.\xa0   Tap Cancel Session to confirm.\n Choose what you want to do: Mark as Refunded or Continue without Refund.Appointment with cancellation fee"", ""ap the More Actions icon \xa0 at the top of the screen. Tap Issue refund.\xa0 (Optional) Offer partial refunds:\xa0\n    \nTap\xa0Edit\xa0Amount. Enter the relevant amount you want to refund. Tap\xa0Apply.   Tap\xa0Next. (Optional) Select the reason you provided a refund from the\xa0Refund Reason\xa0drop-down. (Optional) Notify your customer:\n    \nEnable the\xa0Send a confirmation email toggle.\xa0 Enter a note to your customer. The note appears in the confirmation email.   Tap\xa0Next. Tap\xa0Issue\xa0Refund\xa0to confirm.\nNote:\xa0You cannot undo this action.\xa0Sessions paid using a plan\n(Optional) Select the Credit session back to client's plan checkbox to credit the customer. (Optional) Tap the Notify client with an email checkbox to send the customer a cancellation email.\n Tap Cancel Appointment at the bottom of the screen. Choose what""]",16.958004236221313
Can I migrate a site from the Wix Editor to the Studio Editor?,"No, it is not possible to migrate a site from the Wix Editor to the Studio Editor.","['Wix Editor: Rebuilding Your Site in the Studio Editor\nIf your site was originally created using the Wix Editor, it is not possible to migrate it to the Studio Editor. In order to take advantage of the new features and functionality, please rebuild your site in the Studio Editor.\xa0', ""Studio Editor Request: Switching to Wix Editor\nIf you've started creating a site in the Studio Editor, it is not possible to switch to the Wix Editor.\xa0We are always working to update and improve our products, and your feedback is greatly appreciated."", ""Wix Studio FAQs: Using the Wix Editor\nAs a Wix Studio user, you can choose to build a site on our brand new Studio Editor or, if you prefer, you can stick with our Wix Editor.\xa0FAQsBelow are some of the most common questions we've received from Wix Studio users about the Wix Editor.\xa0Can I move my sites between Wix Studio and the Wix Editor?It is not possible to move sites you have created in the Studio Editor to the classic Wix Editor. Likewise, classic Wix Editor sites in your account cannot be moved to the Studio Editor.I'm a professional/Partner, but I like using the classic Wix Editor. Can I continue building sites on it?Yes, once you switch to Wix Studio you can choose to build in the Wix Studio Editor, Editor X or the classic Wix Editor. There are some exclusive features that apply on""]",12.68801736831665
not getting notifications when store orders are placed,"I don't know. The provided context only discusses setting up notification preferences for Wix Restaurants Orders (New) app, specifically for unhandled orders and sending confirmation emails to customers. It does not mention receiving notifications for incoming online orders in general, including those from stores.","[""Wix Restaurants: Setting Notifications for Online Orders\nImportant:\nThis article is about the original Restaurants Orders app.\xa0 We've released a new online ordering app. Learn how to add and set up the new Wix Restaurants Orders (New) app.Choose how to receive notifications about online orders for your restaurant, and set an alert for orders you haven't handled in a certain time frame. You can also send a confirmation email to customers when they order from your restaurant online.In this article, learn more about:\nReceiving notifications for incoming orders Receiving notifications for unhandled orders Sending order confirmation emails to customers Troubleshooting order notification soundsReceiving notifications for online ordersIn the Notifications tab, you can choose how you want to be no"", ""udes important order notifications, such as when a new order is submitted.Customize your notification preferences for email and desktop. You can also opt for sound alerts and push notifications using the Wix app.Notes:\nAll notifications are turned on automatically, but you can toggle off the ones you don't need. Notification preferences affect only your site and account, not site collaborators.To set up your notification preferences:DashboardWix app\nGo to Restaurant Orders Settings\xa0in your site's dashboard. Click Notification preferences under Notifications.\xa0 (If disabled) Click the Enable notifications for this site toggle to receive notifications for your site. Set your notifications by channel:DesktopClick the\xa0Enable desktop notifications\xa0toggle to enable or disable push notifications o"", ""\nGo to Order Settings in your site's dashboard. Click the Notifications tab. Click + New Alert under Unhandled Orders. Select an alert method from the drop-down list and enter the relevant information. Enter a number of minutes in the After field. Select Minutes, Hours or Days from the drop-down list. Click Save.Tip:To temporarily disable a notification method, deselect the toggle  next to that method. \xa0Sending order confirmation emails to customersSend a confirmation email to customers when they order from your restaurant online.\xa0\nGo to Order Settings in your site's dashboard. Scroll down and click Notifications. Click the Order confirmation email toggle to enable or disable sending a confirmation email to customers when they order online from your restaurant. Click Save.Troubleshooting o""]",18.725146055221558
How can I cancel my Wix Premium Plan - Light and get a refund?,"To cancel your Wix Premium Plan - Light and receive a refund, follow these steps:

1. Go to Premium Subscriptions in your Wix account.
2. Click the More Actions icon next to the ""Light"" plan.
3. Click Cancel Plan.
4. Click Cancel Now.
5. Enter the reason for cancellation (not specified in this context, but likely a required field).
6. Click Cancel Now.

Note: You will not receive a full refund if you cancel before your 14-day refund period ends.","[""sing it to receive a full refund. There's no need to submit a request, simply click the button below to choose a plan to cancel.\xa0If you're eligible, your payment method will be refunded automatically. Please allow up to 20 business days for your refund to appear on your credit card statement.After canceling, your site plan is immediately deactivated and you can no longer make use of Wix's premium features (e.g., removing Wix ads or connecting your own domain).\n\n         Click to cancel your plan now\n    \n\n\n        Choose plan to cancel\n      \n\nImportant:Wix is not responsible for any bank charges, commissions or overdrafts. The only way to remove these charges is through direct negotiation with your bank.FAQsClick a question below to learn more about refunds for site plans.Does the 14-day "", ""ment request, contact Wix Customer Care. Our experts can revoke the payment link in the payment request, and your client will not be able to upgrade via that link.\nIf your client has already purchased a Premium plan via a payment request, and if they wish to cancel that plan, they'll need to do it themselves."", ""ancel your plan after your 14-day refund period, both subscriptions will overlap, and you won't receive a credit for the remainder of your old plan.\xa0\nCancel the plan that you want to change:\n    \nGo to Premium Subscriptions in your Wix account. Click the More Actions icon  next to the relevant plan. Click Cancel Plan. Click Cancel Now. Enter the reason for cancellation and click Cancel Now.   Duplicate the site that the plan is assigned to:\n    \nGo to your site's dashboard. Click the Site Actions drop-down. Click Duplicate Site. Enter a name for the duplicate site. Click Duplicate.\xa0   Reassign the canceled plan to the duplicate site:\n    \nGo to Premium Subscriptions in your Wix account. \xa0Select the canceled plan. Click Assign to a different site next to Assigned to:. Click Assign next to t""]",22.16289496421814
How can I redirect users to the website language based on their geographic location?,"I don't know. The provided context does not mention a way to redirect users based on their geographic location, but rather suggests enabling Auto-switch language toggle to automatically redirect visitors to the language version of your site that matches their browser's language.","['Request: Allowing Redirects per Language\nCurrently, you can create one redirect that will effect all languages. It is not possible to create different redirects for different languages.We are always working to update and improve our products, and your feedback is hugely appreciated.', 'te or enter the URL next to your selection.\xa0 Click Create Route. (Optional) Hover over the relevant route and click Manage Sites to add alternative sites to the route and set their language and location targeting.\xa0', ""omatically translate your site. You can\xa0enable the Auto-switch language toggle, and automatically redirect visitors to the language version of your site that matches their browser's language.""]",8.762512683868408
how to reorder plan options during checkout in Wix,I don't know.,"["". Tap and drag the plans into your preferred order.\xa0     Tap Save.\xa0 Tap Save to confirm.\nStudio app\nGo to your site in the Wix Studio app. Tap the More Actions icon\xa0\xa0next to the relevant site. Tap Manage site.\n Tap Site & App.\xa0 Tap Customize under Mobile Apps.\xa0 Tap the Pricing Plans element.\xa0 Tap the Edit icon\xa0\xa0 at the top right of the element. Tap Customize element. Decide how you want to organize your Pricing Plans under Sorting:\n    \nOldest to newest. Newest to oldest.\xa0 Custom: Reorder your plans the way you want to showcase them on your site.\n        \nTap Set Custom Order.\xa0 Tap and drag the plans into your preferred order.\xa0     Tap Save.\xa0 Tap Save to confirm.What's next?You can also display your pricing plans by type using tabs. This is a great way to help your customers find the plan "", 'rag and drop the plans into your preferred order.\xa0\nClick Save at the top. Click Publish to make the change live on your site. Click Done.\xa0You can reorder your pricing plans from both the Wix app or Studio app.\xa0Click the relevant app below to reorder your plans:Wix app\nGo to your site in the Wix app. Tap Manage \xa0at the bottom. Tap Site & App.\xa0 Tap Customize under Mobile Apps.\xa0 Tap the Pricing Plans element.\xa0 Tap the Edit icon\xa0\xa0 at the top right of the element.\n Tap Customize element. Decide how you want to organize your Pricing Plans under Sorting:\n    \nOldest to newest. Newest to oldest.\xa0 Custom: Reorder your plans the way you want to showcase them on your site.\n        \nTap Set Custom Order. Tap and drag the plans into your preferred order.\xa0     Tap Save.\xa0 Tap Save to confirm.\nStudio app\n', ""Pricing Plans: Reordering How You Display Your Plans\nChange the order of your pricing plans on your site to highlight specific options or create a more logical flow. For example, prioritize the most popular plans, or those with exclusive offers to capture visitors' attention.You can easily reorder your plans while editing the Plans & Pricing page in your editor, or on-the-go from the Wix app and Studio app.Wix EditorEditor XStudio EditorMobile Apps\nGo to your editor. Go to your Plans & Pricing page:\n    \nClick Pages & Menu \xa0on the left side of the editor. Click your Plans & Pricing page.\xa0   Click the Plans & Pricing element on your page. Click Settings.\xa0 Click Plans.\xa0 Click Reorder Plans.\xa0 Drag and drop the plans into your preferred order.\xa0\nClick Publish to make the change live on your sit""]",17.36825466156006
how to take my site off live,"To remove your site from live, you need to move it to the Trash folder by clicking Move to Trash.","[""e editor. Even after publishing, you can edit your site as much as you want. Whenever you make a change, simply publish again to make sure the changes go live.To publish your site:\nClick Publish at the top right of the editor. (Optional) Click View Site to see your live site. Click Done to return to the editor.Note:Clicking Save won't make your changes live. After saving, make sure to click Publish to show the updates on your live site.Viewing your live siteAfter publishing your site, it automatically appears online and can be seen by anyone entering your free site URL (siteprefix.wixsite.com/site-name) or domain name.You can also access your live site from the editor. Click\xa0Site\xa0on the top bar of the editor and click\xa0View Site.If you want to show your site to your friends, you can email t"", ""t any time.\xa0 Get Feedback: Learn what clients, colleagues, or friends think about your site before you publish. View Live Site: Go to your live site and view it as your site visitors would.\xa0 Change Owner: Give ownership of this site to another person. You can transfer a free site or a Premium site.\xa0 Add Collaborators: Invite people to collaborate on your site.\xa0 Transfer Plan: Assign a Premium plan to a different site in your Wix account.\xa0 Duplicate Site: Make a copy of your site.\xa0 Move to Folder: Organize your sites into folders to make them easier to find and manage. Move to Trash: Delete a site by moving it to the Trash folder if you are no longer using it.\xa0   Click Select Site to access the site's dashboard.Switching between sites in your accountEach site in your account has its own das"", ""ust publish again to make sure the changes go live.To publish your site:\nClick\xa0Publish on the top bar inside ADI.\nChoose the type of domain you want and click Publish & Continue. Click View Site to see your site live online.What's next?Learn how to connect your domain.FAQsClick a question below to learn more about previewing and publishing your site.\xa0Can I make changes to my site once I have published it?You can edit your site at any time, even after you have published it. This allows you to make changes to your site any time you want and then publish the new changes.\xa0To re-publish your site, simply make the changes and click\xa0Publish\xa0again on the top bar. You will see your changes instantly on your live site.I deactivated the pop-up that appears after publishing my site. How can I re-enabl""]",13.511354684829712
How can I ensure my website www.momsroots.com is published on Google and indexed by search engines?,"To ensure your website www.momsroots.com is published on Google and indexed by search engines, follow these steps:

1. Connect your site to Google Search Console through the SEO dashboard.
2. Complete the SEO Setup Checklist in Step 1 of your SEO Checklist.
3. Click ""Connect to Google"".

This should enable publishing and indexing on Google.","['s.  FAQsClick a question below to learn more about showing / hiding your site in search engines:How can I check whether Google has indexed my site or not?You can check if search engines like Google and Bing have indexed your site, by entering ""site:"" followed by the URL of your domain. For example, ""site:mystunningwebsite.com/"".\nLearn more about checking if your site is indexed or notHow can I change my site\'s name in search results?The name that appears for your site in search results is the title tag of your homepage. If you have not entered a title tag, your site name is automatically displayed. Learn how to change your home page\'s title tag', "" of your site and get your site indexed on Google. After you've connected, the SEO Setup Checklist helps get your site indexed quickly so that your site appears in search results.\xa0In this article, learn more about:\nConnecting your site to Google Important information about verifying with the SEO Setup ChecklistConnecting your site to GoogleYou can connect your site to Google in Marketing & SEO in your site's dashboard.\xa0Important:To connect to Google Search Console, you must have a Premium plan and a domain connected to your site. This can be either a domain purchased from Wix or a domain purchased from another domain host.To connect your site:\nGo to the SEO Setup Checklist in your site's SEO dashboard.\xa0 Complete the checklist in Step 1 of your SEO Checklist.\xa0 Click Connect to Google.Import"", ""Preventing Search Engines from Indexing Your Site\nSearch engines like Google crawl and index your site pages so they can appear in search results. You can prevent search engines from crawling and indexing your site if you're not ready to go public.Note:If your site is published, your site pages may have already been crawled by search engines. When you complete the steps to prevent indexing, search engine databases will remove your pages on the next crawl. To get your site pages removed faster, you can submit your sitemap and URLs directly to search engines.Tip:Want to choose which site pages appear in search results? You can prevent search engines from indexing specific site pages in your Editor.\xa0To prevent search engines from indexing your site:\nGo to your SEO Dashboard. Select Go to SEO ""]",21.823041915893555
how can I change my Wix account email address,"To change your Wix account email address, go to Account Settings in your Wix account, click on the ""Account email"" field, enter your Wix account password, enter your new account email address, retype it to confirm, check for a verification code from Wix via your new email address, paste the code into the pop-up and click Submit.","['Changing the Email Address of Your Wix Account\nWhen you create a new Wix account, you can choose to sign up by entering an email address and password, or by using a social login (e.g. Google, Facebook). In either case, the email address you enter or the email address linked to your social login gets associated with your Wix account.\xa0Go to your Account Settings if you want to change the email address associated with your Wix account.\xa0\n\n        Click to change your account email address\n    \n\n\n        Change Email now\n      \n\n\nChanging the email address of your accountYou can change your Wix account email address in your Account Settings.\xa0Important:\nMake sure that your new email address is a real address with no typos. Wix sends a code to this email address to verify it. Each Wix account nee', 'he email address associated with my Wix account?Yes, you can change the email address associated with your Wix account. Go to your account settings and update your email address. Learn more about changing your account email address.', ""eal address with no typos. Wix sends a code to this email address to verify it. Each Wix account needs a unique email address. It's not possible to use an email address that's already linked to another Wix account.\xa0To change your email address:\nGo to Account Settings\xa0in your Wix account. Click the Account email field. Enter your Wix account password in the pop-up. Enter your new account email address. Retype your new email account email address to confirm it. Click Next.\nCheck your email account for an email from Wix. Copy the 6-digit confirmation code.\nGo back to Account Settings in your Wix account. Paste the code into the pop-up. Click Submit.FAQsClick a question below to learn more about changing the email address of your Wix account.\xa0I've forgotten which email address I used for my Wi""]",19.139411687850952
how to cancel both site plan and domain after already paying,I don't know.,"['ect the canceled plan. Click Assign to a different site next to Assigned to:. Click Assign next to the duplicate site.   Upgrade the original site to the plan of your choice:\n    \nGo to the dashboard of the original site. Click Upgrade at the top of the dashboard. Click Select under the plan you want to purchase. Follow the steps to complete the purchase.   Assign your domain back to your original site:\n    \nGo to the Domains page. Click the Domain Actions icon \xa0next to the domain you want to reassign. Click Assign to a site. Select the site you wish to assign the domain to (your original site, not the duplicate). Click Next. Click Assign.  FAQs:Read this article for frequently asked questions about changing your plan.Video tutorial\n', 'Canceling Your Site Plan and Domain\nYour site plan (Premium or Studio plan) and domain name are separate services and therefore need to be canceled separately.\xa0\nLearn more about canceling your Premium or Studio plan. Learn more about canceling your Wix domain.\xa0', ""u can resend the invite as described above.The assigned Premium plan was canceledAfter initiating the transfer of a site with an assigned Premium plan, you cannot cancel the Premium plan. This refers to plans both within the initial 14 day trial period and after.The connected domain was disconnected or canceledAfter initiating the transfer of a site with a connected domain, you cannot disconnect or cancel the domain.\xa0The primary domain was replacedAfter initiating the transfer of a site with a connected domain, you cannot change the site's primary domain.The connected business email was canceledIf the site you are transferring has a connected domain that is associated with a business email, you cannot cancel the business email after initiating the transfer of the site. \xa0A third-party app w""]",11.829588651657104
I can't see how to edit my website,"To access your editor, go to your site's dashboard and click Edit Site. If you're opening your editor for the first time, you might see Design Site instead of Edit Site.","[""Accessing Your Editor\nAccess your site's Editor any time you want to make changes to your site's content, design, themes or pages.\xa0 After making your edits, make sure to publish (even if your site is already live) to make the changes go live.\xa0In this article, learn more about:\nAccessing your site's editor Frequently asked questions (FAQs)Accessing your site's editorRegardless of which editor you're using, you can access it from your site's dashboard. Make sure you're signed in to the right account to edit your site.To access your editor:\nGo to your site's dashboard. Click Edit Site.\nNote: If you're opening your editor for the first time, you might see Design Site instead of Edit Site.Trying to edit a different site?You may have more than one site in your Wix account. Click the Site drop-do"", "" the account. Enter the date that you created the site and the date of the last time you edited it. (Optional) Add the email address in which messages from any contact form on your site are sent. Enter details of the issue you're having that's stopping you from accessing your site. Click Agree & Submit."", ""?You can edit your site on any computer with an Internet connection and an updated browser. When you finish editing your site on one computer, make sure to click\xa0Save. After saving, you can open the Editor on another computer, and you will see the changes that have been made.\n\nNote: Avoid editing your site on more than one computer at a time. When you have finished editing your site on one computer, make sure to log out of your account before logging in on another computer. This will help avoid saving issues where changes made on one of the devices overrides the changes made on the other device\xa0\nTip: If you're having issues accessing the Editor from a public computer, click\xa0here.Can I edit my site after I've published it?You can edit your site at any time from the Wix Editor. Simply open t""]",16.175979375839233
how can I change my plan type from a multi-year cycle to a yearly plan,"To change your plan type from a multi-year cycle to a yearly plan, you will need to switch to a shorter term contract (i.e. go to a shorter plan cycle). However, the exact steps are not provided in the context.

The only information available is that if you switch to a shorter plan cycle, your billing cycle will switch over on the date when your current cycle ends.","['ment cycle it is not possible to change it. If you select a yearly billing cycle, you can not change to a monthly cycle, nor can you to change from a monthly cycle to a yearly billing cycle.', 'n the plan type you want to create, follow these instructions.', 'Changing the Subscription Period of Your Plan\nChange the subscription period of your Premium plan or Studio plan as you need to. You can choose to move to a shorter term contract, or alternatively receive the cost benefits of a longer term plan.Important\nIf you switch to a shorter plan cycle, your billing cycle will switch over on the date when your current cycle ends. If you switch to a longer plan cycle, the upgrade takes effect immediately. We will credit you for any remaining time on your current plan. Learn more about how credit is calculated when upgrading your plan.To change your subscription period:\nGo to Premium Subscriptions in your Wix account. Click the\xa0More Actions\xa0icon\xa0\xa0next to the\xa0relevant plan.\xa0 Click Change Billing Cycle.\nSelect your new billing cycle. Click Continue. Revi']",15.440543174743652
How can I cancel my premium subscriptions and request a refund for a renewal purchase?,I don't know. The context doesn't provide information on how to cancel premium subscriptions or request a refund after a renewal purchase.,"['refund.\xa0Tip:You can undo cancelations for plans with the ""Pending cancelation"" status. If you undo the cancelation, the status of the plan returns to ""Active"".\xa0Allowing clients to cancel plansYou can allow clients to cancel a plan themselves through their private Members Area on your site.\xa0Before you begin:\nMake sure to add a Members Area to your site.\xa0 Add a My Subscriptions page to your Member\'s Area.To allow clients to cancel a plan themselves:\nGo to Pricing Plans in your site\'s dashboard. Create a new plan or click to edit an existing one. Scroll down to Settings. Enable the Allow Plan Cancellation toggle. Click Save to save the plan. Repeat steps 3 - 5 for any other plans for which you want to enable cancellation.Plans canceled through payment providersFailed payments automatically ca', ""Cancel App. Select\xa0Cancel auto renew\xa0and click\xa0Submit.\nNote: It is not possible to receive a refund for an app subscription. Once you cancel the app, you'll be able to continue using it until the end of the subscription period (month or year depending on the app)."", 'ount. Click the More Actions icon next to the relevant domain. Click Cancel domain. Select Cancel auto renew and click Submit.Business email\nGo to Premium Subscriptions in your Wix account. Click the More Actions icon  next to the relevant business email. Click Cancel subscription. Select the I still want to cancel checkbox and click Cancel mailbox.Premium App\nGo to Premium Subscriptions in your Wix account. Click the More Actions icon  next to the relevant app. Click Cancel App. Select Cancel auto renew and click Cancel now.Changed your mind?You can simply turn auto-renew back on again before the end of the subscription period.']",14.174764156341553
how to add a card to Wix account,"To add a card to your Wix account, follow these steps:

1. Go to Accept Payments in your site's dashboard.
2. Click Connect next to Wix Payments.
3. Enable the toggles of the payment methods you wish to accept through Wix Payments and click Continue.
4. Click Complete Setup.
5. Select an option under Business Type (e.g., Sole Proprietorship, Partnership, etc.).
6. Scan your credit card using the Tap Scan credit card option or manually enter your credit card details (note: manual card payment is not available for all merchants).

Note that accepting Wix Payments is only available for Premium or Studio site plans and users in the US and Canada.","[""nvite the person to join your site.\xa0 Tap Save.     Select the relevant plan.\nNote: You can only sell plans with a one-time payment at a point of sale. \xa0 Tap Next. Tap\xa0Collect Payment. Choose what you want to do:Accept payment through Wix Mobile POS & Wix Payments Note: Accepting payment using this method is currently available only in the US and Canada.\xa0\nTap Scan credit card.\xa0 Select a payment option:\n    \nCard reader: Let customer swipe, insert, or tap the customer's credit card. Tap to Pay: Let customers tap their card or their phone on your mobile device. Learn more   Tap Got it to confirm.Manually enter credit card detailsThe option of manually entering card details is not yet open for all eligible merchants. Manual card payment is only available for merchants using a payment provider "", ""lick the drop-down menu to change it. Click Connect next to Wix Payments, or click See More Payment Options. Click See Options beside Third-Party Credit / Debit Card Providers (if you don't see your preferred provider).\nClick Connect beside the provider you want to change to. Click Yes, Switch to confirm your new provider. Connect your account:\n    \nHave an account: Click Connect Existing Account and follow the steps to connect your account. Don't have an account: Click Create an Account and follow the steps to create your account.  Using Wix Hotels?Click below to learn how to set up and manage payments:\nWix Hotels"", ""Wix Payments: Creating an Account\nImportant:Wix Payments is not yet available to all users.\xa0Wix Payments lets you accept various payment methods like credit cards, Apple Pay, Google Pay, BNPL and more, directly through your site; all managed from a unified dashboard.Creating a Wix Payments accountCreate your Wix Payments account directly from your site's dashboard.Before you begin:In order to accept payments on your site you must have a published site and purchase a Premium or Studio site plan that allows you to accept payments.To create an account:\nGo to Accept Payments in your site's dashboard. Click Connect next to Wix Payments.\nEnable the toggles of the payment methods you wish to accept through Wix Payments and click Continue. Click Complete Setup.\xa0 Select an option under Business Typ""]",29.11828875541687
How can I preview my dynamic pages and see how they connect to the buttons?,"To preview your dynamic pages and see how they connect to the buttons, you need to:

1. Go to your editor.
2. Click Pages on the left side of the editor.
3. Click Dynamic Pages.
4. Click the relevant dynamic page under [Collection_Name] Pages (Dynamic).
5. Click the Preview icon at the top right of your editor.

You can also select other versions of the dynamic page from the Preview toolbar by clicking the drop-down and choosing the desired version.

Additionally, to test how a button connects to a dynamic page:

1. Go to your Editor.
2. Click the button you want to connect.
3. Click the Connect to CMS icon.
4. Select an existing dataset that connects to your collection from the Choose a dataset drop-down.
5. Alternatively, click Add a Dataset and create a new one.
6. From the Click action connects to drop-down, select ""Dataset Actions"" and then choose the action you want the dataset to perform when the button is clicked.

This will allow you to preview how your dynamic pages connect to the buttons and test their functionality.","["": You can click and drag the Move icon  on the toolbar to move it in your editor.\nClick\xa0Preview\xa0at\xa0the top right of your editor to test the page's functionality. \nTip: In Preview mode, you can also select other versions of the dynamic page from the Preview toolbar.\xa0 Click Back to Editor to return to editing your site or click Publish if you are ready to make your changes go live.\xa0\nGo to your editor. Click Pages \xa0on the left side of the editor. Click Dynamic Pages.\xa0 Click the relevant dynamic page under [Collection_Name] Pages (Dynamic).\nClick the drop-down in the Preview toolbar and select the version of the dynamic page you want to preview.\xa0\nTip: You can click and drag the Move icon \xa0on the toolbar to move it in your editor.\xa0\nClick the Preview\xa0icon\xa0\xa0at\xa0the top right of your editor to test"", 'k Buttons, then select the button you want to add.\xa0 Click the button, then click the Link icon  and choose where the button navigates visitors to.\xa0   Adjust the size, location, and design of the elements on your page to your liking.\xa0 Click\xa0the Preview\xa0icon\xa0\xa0at\xa0the top right to test your dynamic Events page. Click\xa0Publish\xa0if you are ready to make the changes go live.\xa0', 'ange by going to the button settings.\nClick\xa0Preview\xa0to test your connections.\xa0 Click\xa0Publish\xa0if you are ready to make the changes go live.\xa0\nIn your Editor, click the button you want to connect to the CMS.\xa0 Click the Connect to CMS icon  . Click the Choose a dataset drop-down and select an existing dataset that connects to your collection. Alternatively, click Add a Dataset, then choose the collection you want to connect, give the dataset a name and click Create. Click the Click action connects to drop-down and select the relevant option:\n    \nDataset Actions: Choose the action you want the dataset to perform when the button is clicked. \xa0 Dynamic Pages: Choose the dynamic page you want to link to. Then choose how the link opens: In the current window or As a new window. Fields: Choose the c']",34.63918924331665
I need help adding a picture to my lightbox background,"To add a picture to your lightbox background, go to your editor. Click Pages & Menu on the left side of the editor. Click Lightboxes. Click the relevant lightbox to open it. Select the lightbox in the editor. Click the Design icon . Click the type of background you want for your lightbox: Image: Select your own image, one from Wix, or Shutterstock.","[""ghtbox.To set up the overlay:\nGo to your editor. Click\xa0Pages & Menu\xa0\xa0\xa0 on the left side of the editor. Click\xa0Lightboxes. Click the relevant lightbox to open it. Click anywhere outside of the lightbox to select this area. Choose what to do next:\n    \nDecide if visitors click the overlay to close the lightbox:\xa0\n        \nClick Set Up Overlay. Enable or disable the Clicking Closes Lightbox toggle. \nNote:\xa0If you disable this option, make sure that you have either an 'X' icon or 'Close' button on your lightbox.\xa0   Design the overlay:\xa0\n        \nClick\xa0Change Overlay Background. Choose between a color, image or video background. (Optional) Click Settings to adjust the overlay.\nTip: You can adjust the opacity of color and image backgrounds. We recommend making the overlay slightly transparent so tha"", 't settings such as the visibility and scaling.To choose a background for your lightbox:\nGo to your editor. Click\xa0Pages & Menu\xa0\xa0\xa0 on the left side of the editor. Click\xa0Lightboxes. Click the relevant lightbox to open it. Select the lightbox in the editor. Click the\xa0Design\xa0icon\xa0. Click the type of background you want for your lightbox:\n    \nColor:\xa0Select a color from the Color Picker, or\xa0add and adjust a stunning gradient.\xa0 Image:\xa0Select your own image, one from Wix, or Shutterstock. Video:\xa0Select a free Wix video or upload your own.   (Optional) Click Settings to adjust the background to your liking.Customizing the lightbox Close buttonAdjust the look and layout of the button visitors click to close your lightbox. You can choose the text, set the alignment of the button text, and customize i', 'ents to your lightbox to build its content and look. Make sure that the element is smaller than the lightbox, so that it fits inside of it. You can add text, buttons, and more to make sure your lightbox has everything it needs.To add elements to a lightbox:\nOpen the relevant lightbox from the Menus & Pages panel. Click\xa0Add\xa0Elements  on the left side of the Editor. Choose the element type from the options. Click and drag the element to your chosen location on the lightbox, and drop it when you see the ""Attach to Lightbox"" message.Note:When you add a lightbox, you enter Lightbox Mode. This allows you to set up and edit your lightbox. To go back to the regular Editor, click\xa0Exit Mode\xa0on the top bar.Step 3 | Set the lightbox triggerAfter designing your pop-up message, decide how your lightbox ']",24.060915231704712
Can I get a refund on a domain purchase?,"No, Wix domain purchases are separate from plan purchases and do not have a 14-day money-back guarantee.","['Refund Policy for Wix Domains\nWix domain purchases are separate from Premium or Studio site plan purchases, and therefore do not have a 14-day money-back guarantee.\xa0If you feel that you deserve a refund, see further information about refunds. Alternatively, you can contact Customer Care to tell us why and we will review your request.Note:If you no longer wish to keep the domain you purchased, you can cancel your subscription by turning off the auto renewal process. The domain will expire on the next renewal date.\xa0', ""site to be made public, you can add a\xa0Coming Soon (landing page)\xa0page and hide the rest of your site.Does the refund policy apply to domains and business emails?No, Wix domain purchases are separate from plan purchases. Domain purchases do not have a 14-day money back guarantee. If you feel that you deserve a refund, contact us and we'll review your request.Note: If you no longer wish to keep the domain you purchased, you can cancel your subscription by\xa0turning off the auto renewal process. The domain will expire on the next renewal date.\xa0I've canceled my site plan, but it is still active. Why is this? In this case, you may have canceled beyond the 14-day money back period. If you've canceled within the first 14 days, the site plan and its benefits are immediately deactivated. \nIf you canc"", ""lan or Studio plan, it is not possible to apply the voucher retroactively or receive a refund. Additional Features:\xa0You redeemed your voucher, but purchased additional features such as privacy, or additional years of service on top of this.If none of the points above apply to you, contact Customer Care and we will be happy to check the status of your voucher.I'm a collaborator on someone else's site and I need to purchase a domain. Can I apply a voucher?Yes. Billing Managers can apply a domain voucher on behalf of the site owner. Learn more about domain voucher roles and permissions.\xa0""]",6.635737895965576
how to edit the book a room,"To edit the ""Book a Room"" page, follow these steps:

1. Click Pages on the left side of the editor.
2. Click Book a Room under Wix Hotels.
3. Click the Booking Page element on the page.
4. Click Settings.
5. Choose what you want to customize:
    - Display: Choose where to display your reservation summary and whether to show icons for the amenities for each room.
    - Text: Edit the text you display throughout the page, including the search bar, reservation summary and room listings.
    - Design: Customize the general page design, the search bar, reservation summary and room listings using the available options.","['a newly-created page called Book a room. This is the page where your guests view the different rooms you offer, including all the rates and amenities. Customize how you display the information, adjust the text and then tweak the design to suit your brand.\xa0Wix EditorStudio Editor\nClick the Booking Page element in your editor.\xa0 Click Settings.\xa0 Choose what you want to customize:\n    \nDisplay: Choose where to display your reservation summary and whether you show icons for the amenities for each room.\xa0 Text: Edit the text you display throughout the page, including the search bar, reservation summary and room listings.\xa0 Design: Customize the general page design, the search bar, reservation summary and room listings using the available options.\xa0  \nClick the Booking Page element in your editor.\xa0 ', 'esults.\xa0 Click Add to Site. Click Agree & Add.Customizing the ""Book a Room"" pageCustomize the Book a Room page so it matches the rest of your client\'s site. This is the page visitors use in order to find and reserve their accommodation.\xa0The entire page is one element, you can decide where the reservation summary is positioned, and whether or not to show details like a ""book soon"" ribbon or amentities icons. You can also update text on the page to sound more like your client\'s voice and tone.\xa0To access and customize the ""Book a Room"" page:\nClick\xa0Pages\xa0\xa0on the left side of the editor. Click Book a Room under Wix Hotels. Click the Booking Page element on the page.\xa0 Click\xa0Settings.\xa0 Choose what you want to customize:\n    \nDisplay:\xa0Choose where to display your reservation summary and whether yo', 'y and room listings using the available options.\xa0  \nClick the Booking Page element in your editor.\xa0 Click Settings.\xa0 Choose what you want to customize:\n    \nDisplay: Choose where to display your reservation summary and whether you show icons for the amenities for each room.\xa0 Text: Edit the text you display throughout the page, including the search bar, reservation summary and room listings.\xa0 Design: Customize the general page design, the search bar, reservation summary and room listings using the available options.\xa0  Step 3 | Create your roomsWith your ""Book a Room"" page all set up, you can now begin adding your room types. You can create and edit the different rooms you offer using the Room Types tab in your site\'s dashboard.\xa0Tip:Repeat the steps below to create more room types.To add a r']",27.257639169692993
how can the web hosting be removed from the plan and just keep the domain name plan,I don't know. The provided context does not mention how to remove the web hosting component and only allow the domain name portion of the plan.,"['Domain Structure after Purchasing a Site Plan\nOnce you\'ve upgraded to a Premium or Studio site plan, you are eligible to connect your own domain and remove ""Wix"" from the URL.If you haven\'t yet purchased your own domain, you can purchase one directly from Wix. Additionally, with selected yearly site plans, you receive a voucher to get a free domain for a year.Important:Your domain is not automatically changed once you upgrade to a site plan. You must connect your own domain for the domain name to change.', 'ect the canceled plan. Click Assign to a different site next to Assigned to:. Click Assign next to the duplicate site.   Upgrade the original site to the plan of your choice:\n    \nGo to the dashboard of the original site. Click Upgrade at the top of the dashboard. Click Select under the plan you want to purchase. Follow the steps to complete the purchase.   Assign your domain back to your original site:\n    \nGo to the Domains page. Click the Domain Actions icon \xa0next to the domain you want to reassign. Click Assign to a site. Select the site you wish to assign the domain to (your original site, not the duplicate). Click Next. Click Assign.  FAQs:Read this article for frequently asked questions about changing your plan.Video tutorial\n', ""hase a new domain from Wix.If I purchase a Premium or Studio site plan, does it upgrade all of the sites in my Wix account?Each site you want to upgrade requires its own site plan. If you want to upgrade multiple sites in your Wix account, you’ll need to purchase multiple site plans.\xa0What is the Wix Free Domain Voucher and how can I get one? As a promotional gift, you receive a one year free domain voucher with the initial purchase of selected\xa0yearly\xa0Premium\xa0or\xa0Studio\xa0site plans.Is it possible to remove 'www' from my domain name?Generally speaking, it is not possible to remove 'www' from your domain name, as it is part of a web address' structure.\xa0This is true for all custom domains.\xa0Your site visitors may leave out the 'www' prefix when entering your site's web address, for example 'mystu""]",16.43257713317871
how to edit texts of each language on a Wix site,"To edit the texts of each language on a Wix site, follow these steps:

1. Go to your editor.
2. Click the Switch languages drop-down menu at the top of the editor.
3. Select the language you want to edit.
4. Go to the Events page and click Pages & Menu on the left side of the editor.
5. Click Event Pages and then your Events page.
6. Click the Event List element on your page, then Settings, and finally the Text tab.

OR

1. Go to your editor.
2. Click the Switch languages drop-down menu at the top of the editor.
3. Select the language you want to edit.
4. Go to the Pages page and click your Events page.
5. Click the Event List element on your page, then Settings, and finally the Text tab.

Note that some languages, like Hindi, are no longer supported starting from January 2024.","['review it and make changes if needed.\xa0Wix EditorStudio Editor\nGo to your editor. Click the\xa0Switch languages\xa0drop-down menu at the top of the editor.\xa0\nSelect the language you want to edit.\xa0 Go to the Events page:\xa0\n    \nClick\xa0Pages & Menu\xa0\xa0on the left side of the editor. Click\xa0Event Pages. Click\xa0your Events page.   Click the Event List element on your page. Click Settings. Click the Text tab. Update the relevant text as needed.\nGo to your editor. Click the\xa0Switch languages\xa0drop-down menu at the top of the editor.\nSelect the language you want to edit.\xa0 Go to the Events page:\n    \nClick\xa0Pages\xa0\xa0on the left side of the editor. Click your Events page.   Click the Event List element on your page.\xa0 Click\xa0Settings. Click the Text tab. Update the relevant text as needed.Step 3 | Translate your Event ', ""Languages Available in Wix\nWith Wix, you can create a site from almost anywhere in the world, and in a variety of languages.\xa0You can also change your Wix account and Editor into a different language, and get support from Wix Customer Care in a language that's convenient for you.Account and editor languagesCurrently, you can use Wix and Wix Studio, both your account and editor, in English, Spanish, Portuguese, French, German, Polish, Italian, Russian, Japanese, Korean, Turkish, Chinese, Thai, Swedish, Norwegian, Dutch, Danish, Czech, Bahasa Indonesia, Vietnamese, and Ukrainian.The language of your dashboard/workspace and editor is determined by the language of your Wix account. Learn how to change the language of your Wix account.Note:From January 2024, Hindi will no longer be supported.Cha"", ""Wix Bookings: Changing Languages\nSome of the text that appears in Wix Bookings on your live site is text you wrote yourself (for example, the names and descriptions of your services). Other text is automatically generated, like the names of days and months in your calendar.You can change the language of the automatically generated text into any of over 25 languages.View the list of available languages for automatically generated textBahasa\xa0Bulgarian \xa0Czech\xa0Danish\xa0Dutch\xa0EnglishFinnishFrench\xa0German\xa0Greek\xa0Hindi\xa0HebrewHungarian\xa0Italian\xa0Japanese\xa0Korean\xa0Norwegian\xa0PolishPortuguese\xa0Romanian\xa0Russian\xa0Spanish\xa0Swedish\xa0Tagalog\xa0Thai\xa0Traditional Chinese\xa0Turkish\xa0In this article, learn how to change the language of:\nYour site's automatically generated text Your dashboard and EditorNote:We are in the proces""]",33.40670418739319
how to unpublish a Wix site,"To unpublish a Wix site, you can:

1. Open your site in the Wix Editor.
2. Select ""Site"" from the top toolbar.
3. Click ""Unpublish Site"".
4. Alternatively, you can also select ""Unpublish"" in the dashboard window and confirm by clicking ""Unpublish"" in the pop-up window.","[""Wix Editor: Unpublishing Your Site\nUnpublish your site if you no longer want it to be accessible to the public. You may wish to unpublish your site if you're taking it down for maintenance, redesign, or you simply no longer need it.\xa0After unpublishing, you'll still have access to your site's editor and you can publish it again at any time.Important:Unpublishing your site does not cancel your domain or Premium plan. Learn how to cancel your domain or plan.Unpublishing your siteYou can unpublish your site (either permanently or temporarily) from the editor or from your site's dashboard.Wix EditorDashboard\nOpen your site in the Wix Editor. Select Site in the top toolbar. Click Unpublish Site. Select Unpublish in the dashboard window. Click Unpublish in the pop-up to confirm.\nGo to Settings in"", ""Deleting or Restoring a Site\nYou can delete sites that you're not using directly from the Wix app and the new Wix Studio mobile app. When you delete a site, it becomes unpublished and you can no longer edit it.If you decide you need it again, you can restore it within 90 days. After 90 days, your site is permanently deleted.\xa0Deleting a siteWhen removing a site, you have a couple of options to choose from. You can move it to the trash folder or permanently delete it. \xa0All sites are easily located from your site list, which vary depending the app you're using.Click the relevant app below to locate the site you want to delete.Wix appStudio app\nGo to the Wix app on your mobile device. Tap the\xa0Site List\xa0drop-down at the top. Tap the More Actions icon\xa0 next to the relevant site. Tap Move to Tras"", 'Wix Blog: Unpublishing a Blog Post\nYou can unpublish a post that you want to remove from your blog by reverting it to ""Draft"" status. This way, the content is still available for you to refer to, or republish in the future.\xa0To unpublish a post:\nGo to your site\'s dashboard. Click the Blog tab. Click Edit on the post you want to unpublish. Click the Expand  icon in the top right. Click Revert to Draft.Tip:You can also unpublish a post from the Wix mobile app by clicking the\xa0Show More\xa0icon  beside a post and selecting\xa0Revert to Draft.']",15.81224012374878
How to shorten or narrow a hover box and make a slanted text box horizontal in Wix Editor,I don't know.,"[""Wix Editor: Creating Hover Box Effects\nHover boxes are versatile tools that encourage interactivity on your site. After adding a hover box, you can start adding cool and fun effects to bring it to life. There are several options available, such as grow, skew, and even combo, which allows you to combine multiple effects.To add effects to your hover box:\nSelect your box in the Editor. Click the Hover tab to open hover mode. Click Choose Effect. Select an effect from the list. (Optional) Click Customize to adjust your chosen effect's settings. To learn more about each effect and its customization options, click below:Grow The grow effect shows your box growing to size as visitors hover over it. You can adjust the starting point that it grows from, as well as the size that it expands to.\nUse t"", 'Wix Editor Request: Vertical Menu that Expands on Hover\nCurrently, a vertical menu that expands when it is hovered over is not supported.We are always working to update and improve our products, and your feedback is hugely appreciated.', ""Wix Editor: Adding and Setting Up a Horizontal Menu\nHorizontal menus display your items and drop-down menus clearly to help your site visitors navigate around your site. They are usually placed at the top of your site's pages.Step 1 | Add a horizontal menu Add a horizontal menu to get started on creating something fun and informative for your site. There are a variety of colorful and bold options to choose from, and you can customize and adjust the layout.To add a horizontal menu:\nClick\xa0Add\xa0\xa0on the left side of the Editor. Click\xa0Menu & Anchor. Click\xa0Horizontal Menus. Drag a menu onto your page.\xa0Step 2 | Design the menuAfter adding the menu, you can begin customizing it to look exactly how you want. The menu items have three separate states that can be adjusted separately:\nRegular: How the ""]",12.278716325759888
I want to turn off post approval for my forum,"To turn off post approval for your forum, go to Signup, Login, and Security in your site's dashboard, then under ""Who can be a site member?"", select whether you want everyone to be able to sign up or only people you manually approve. Click Save to disable the manual approval requirement.","[""ns your site.If you choose to require approval, you receive a notification, both by email and in your site's dashboard, asking if you want to approve or reject the new member. Only those who you approve become site members.To require approval for site members:\nGo to Signup, Login, and Security in your site's dashboard. Under\xa0Who can be a site member? select whether you want everyone to be able to sign up or only people you manually approve.\nClick Save.Blocking or deleting site membersYou can block or delete any member who does not follow your forum rules.\xa0Blocked members: Cannot like or comment on a post or follow a writer. Blocked members do, however, appear on the members page.\xa0Deleted members: Cannot like or comment on a post or follow a writer. All the site member's posts, comments, an"", ""u can click the drop-down menu beside Approve and Publish and select Schedule Post to publish in the future instead. Learn more about scheduling postsRejecting a writer's postBlog Editors and Owners can reject posts on the Pending Review tab of the Blog section of your site's dashboard. After they reject the post, it reverts to draft status and the writer receives an email notification.\xa0To reject a post:\nGo to Pending Review in your site's dashboard, or click the link in the email notification about the review submission. Click Review next to the post that you want to review.\nClick the drop-down menu beside Approve and Publish. Select Reject and Revert to Draft."", 'n edit a post at any time, even after it is published.\xa0Just click the More Actions icon on the relevant post and click Edit post.\xa0How do I delete Wix Forum?You can delete and remove Wix Forum from your site at any time.\xa0Deleting Forum also removes all of the Forum features and pages.\nClick Add on the top bar inside ADI. Click Apps. Hover over Forum and click Delete. Click Delete again to confirm.']",16.61934494972229
how to add animation to all images in a slider,"According to the context, you can add an animation to all images in a slider by clicking on ""Scroll Animations"" and then selecting one of the animation options (Fade in, Grayscale, Slide up, Expand, Shrink, Zoom out, or One color).","['mation by adding a transition style and adjusting its duration.\xa0Note:\xa0Available animations depend on the gallery layout you choose.\xa0Adding a scroll animation:\nClick Scroll Animations. Choose what happens when visitors scroll through your gallery:\n    \nNo effect: No effect is applied to the scroll.\xa0 Fade in: Images gradually appear during the scroll. Grayscale: The image becomes black and white when scrolling.\xa0 Slide up: The image slides up when scrolling. Expand: The image gets when larger scrolling. Shrink: The image gets smaller when scrolling. Zoom out: The image zooms out when scrolling. One color: A single color is applied to the images when scrolling.\xa0\n  Customizing your animation:\nClick Customize Animations\xa0 Tailor your animation settings:\n    \nTransition style: Click the drop-down ', 'ade:\xa0Images fade into view. Shrink:\xa0Images shrink out of view. Horizontal:\xa0Images glide along a horizontal axis. Vertical:\xa0Images glide along a vertical axis. Random:\xa0Image transitions change randomly. Out & In: Image fades out and new image fades in.   Drag the slider under\xa0How long do they last?\xa0to set the time between transitions.Using an Animated Slide gallery?The Animated Slide gallery offers cool transition effects specific to this gallery design:\xa0\nFade:\xa0Images fade in and out of view. Zoom:\xa0Images shrink out of view. Pop above:\xa0Images slide in from the top left of the slider. Roll above:\xa0Images roll in from the top of the slider. Pop right:\xa0Images slide in from the right side of the slider. Pop left:\xa0Images slide in from the left side of the slider. Random:\xa0Image transitions are ran', 'arn more about:\nHow your gallery slides Navigating through gallery items Scroll animations Frequently asked questions (FAQs)How your gallery slidesCustomize how your gallery slides when visitors open your site. You can set your images to loop, have the gallery slide automatically with a set time (chosen by you) between items, or leave that up to your site visitor to decide.To customize how your gallery slides:\nClick the Pro Gallery in your editor. Click Settings. Click the Layout tab.\xa0 Click Customize Layout and adjust the following:\n    \nLoop images: Choose to allow visitors to scroll through your gallery items in a continuous loop.\xa0\nNote: The loop images setting is only available for the Slider, Slideshow, Thumbnails, and Column layouts.\xa0 Slide automatically: Choose to display your items']",19.21024441719055
Can work be saved when a participant is in an online course?,I don't know. The provided context does not mention anything about saving work for participants in an online course.,"['roup of. \nNote: You can only edit this number before the service is marked ""Paid"".\xa0 Choose an option under How do you want to charge your client?:\n    \nCharge with an invoice: Email an invoice to the client to get paid online.\xa0 Collect payment later: Charge the client for each course session using the Manage Participants or the Orders page.\xa0 Mark as paid: Mark the session as \'Paid\'. This option is useful for clients who pay in person.\xa0   (Optional) Select the Send confirmation email to participant checkbox.\xa0 Choose a saving option:\n    \nSave & Add Another: Save the participant and start adding another one.\xa0 Save: Save the participant and return to the Participants list.  Removing participants from a courseIf clients can no longer attend the course for any reason, you can remove them to ope', ' add the option to meet online with a video link.\xa0To set your class location:\nScroll down to the Location section. Click Edit to choose where your service is provided:\n    \nBusiness location: Click the checkboxes next to the business location(s) that will have this service available.\nTip: Learn more about adding additional locations. Custom location:\xa0Choose a custom location (e.g. online meeting).   Click Save.\xa0 (Optional) Enable the Video Conferencing toggle to offer the class online.\nNote: If this is your first online service, click Add. Then, select Zoom or a custom link and click Continue.Step 4 | Set your class timesNow you can set the class times and add specific details for different days of the week. Add the instructor, individual class durations depending on the day of the week, a', ""fications when someone joins a paid program. That way, they can track course sales. Multiplying the program's price by the number of participants.Can collaborators assess students' work?Yes, collaborators can assess students' work.\xa0\nGo to Online Programs\xa0in your site's dashboard. Click the relevant program. Click Manage next to Participants.\xa0 Click View Steps next to the relevant participant.\xa0Can collaborators receive notifications when a participant completes a program?Yes, collaborators can receive notifications when a participant completes a program. You can set this up using Wix Automations.""]",15.201460123062134
How can I connect my GoDaddy domain to Wix quickly?,"According to the context, you can connect your GoDaddy domain to Wix quickly by adding the domain to your Wix account and then updating the name servers in your GoDaddy account.","[""Connecting Your GoDaddy Domain to Wix via Pointing\nConnect your GoDaddy domain to Wix by updating your DNS records in GoDaddy.\xa0Note that when connected via pointing, Wix is unable to help you manage your DNS because the records are hosted at GoDaddy. You'll need to contact GoDaddy if you need help with your DNS.Alternatively, you can connect your domain via name servers to manage your DNS records in your Wix account. Learn more about the differences between connection methods.\xa0Before you begin:In order to connect your GoDaddy domain to Wix via pointing, make sure you have:\nUpgraded your site with a plan Added your domain to your Wix accountTo connect your GoDaddy domain via pointing:Sign in to your GoDaddy account.Click the user profile icon at the top right and select My Products.\xa0Click D"", ""stead. If you use pointing, you don't need to reconfigure your DNS records in Wix. Learn more about the differences between connection methods.\xa0Step 1 |  Add the domain to your Wix accountBefore updating the DNS settings in your GoDaddy account, go to the\xa0Domains\xa0page in your Wix account and add the GoDaddy domain.\xa0To add the domain to your Wix account:\nGo to Domains\xa0\ufeffin your Wix account. Click\xa0Add an Existing Domain. Click\xa0Connect a domain you already own.\xa0\nSelect the site you want to connect your domain to and click\xa0Next. Enter your domain name and click\xa0Let's Go. Click Yes, I own this domain under the search field.\xa0 Review the info about updating your name servers and click\xa0Start.\xa0Step 2 | Update the name servers in your domain host account (GoDaddy)To connect your GoDaddy domain to you"", ""e.g. GoDaddy.com) and sign in to your account.Locate the DNS settings of your account. Once you find the DNS records, you are ready to copy and paste the Wix provided records from Step 1 into the relevant fields. The below image is an example of the DNS Records settings from GoDaddy.com.Step 3 | Copy and paste the Wix records into your domain provider settingsNow that you have both your Wix records and the DNS settings of your domain provider open, copy the CNAME record from Wix and paste it into the corresponding fields of your domain provider settings.Important:You must add the CNAME Host and Points to values into the DNS settings exactly as they appear in the Wix records.\xa0Once you've copied all the records exactly as they appear, click the confirm message in your domain provider DNS set""]",20.048559427261353
i want to cancel my domain but i am unable to do it,I don't know.,"[""count. Click the Show More icon  next to the relevant domain. Click Cancel Domain. Select Cancel auto renew and click Submit.Learn more about about what happens if you cancel a domain.Removing a domain purchased from another hostIf you purchased your domain from another domain host, you can remove it from the Domains section in your Wix account. The DNS will no longer be managed by Wix and you can manage it at the domain host you purchased it from.Show me how\nGo to your Domains page.\nNote: If you have more than 1 domain in your account, scroll to the relevant domain.\xa0 Click the Show More icon \xa0and select Remove from Wix.\n Click Remove Domain.Next Steps:Once you've removed the domain from your account, follow the steps to continue with the account closure process.Frequently Asked QuestionsW"", 'Canceling Your Site Plan and Domain\nYour site plan (Premium or Studio plan) and domain name are separate services and therefore need to be canceled separately.\xa0\nLearn more about canceling your Premium or Studio plan. Learn more about canceling your Wix domain.\xa0', 'u close your account. This process can take up to 80 days.\xa0We recommend setting a reminder in your calendar if you need to wait until your domain is no longer registered.\xa0In this article, learn how to remove a domain if:\nYou purchased the domain from Wix You purchased the domain from another host Frequently asked questionsRemoving a domain purchased from WixYou can remove a Wix domain from your account in two ways:\nIf you wish to keep the domain, you can transfer to another domain host. Once the domain has been transferred, you can close your account. You can turn off the auto-renewal and wait for it to expire. Once the domain is released from the registry, you can close your account.Note:The transfer process may take up to 7 days.Option 1. Transfer your domain to another domain host\nGo to']",8.242980480194092
do I have to give my login to a website designer to work on my site,"No, you do not have to give your login to a website designer to work on your site. Instead, you can assign roles and permissions to people working on your site without having to give them access to your own account credentials.","['seek help from a local legal adviser or law enforcement bodies.Avoid ownership disputesIt is essential to keep your username and password secure and only grant access to your account or website settings to individuals you trust.You are responsible for all activities that occur under your account or website. The account information you provide must be your own (or your company’s) and should be accurate and complete.Secure your email and passwordAlways be in control of your content and\xa0retain full control over the account(s) that have your website, domain and hosting. Set up your Wix account using an email address that only you can access, allowing you to log in and reset your password as needed, even after parting ways with a web designer, employee or other collaborator.You can assign roles', ""ed, even after parting ways with a web designer, employee or other collaborator.You can assign roles and permissions to people working on your site without having to give them access to your own account credentials.\xa0Control your domain managementProtect your domain name\xa0as it is crucial for your business, and losing it can be detrimental. We recommend purchasing the domain yourself and familiarizing yourself with its management.Once your web designer or employee is no longer involved, ensure they no longer have access to your Wix account. If they retain access to your account, they could potentially exploit, cancel or transfer your domain without your consent.\nContact Wix Customer Care for assistance with domains managed at Wix.\xa0 For domains hosted elsewhere, you'll need to contact your do"", ""y'll be prompted to log into Wix. If they don't yet have an account, they can create one.Learn more about accepting collaborator invitations.What role should I give my collaborator?Choose the role that best suits what your collaborator will be doing. For example, if you want them to have full access to all aspects of your site and dashboard, you can choose the (Admin) Co-Owner role. On the other hand, if the collaborator will only be working on your site's design, you can choose the Website Designer role.Learn more about the predefined collaborator roles or how to create your own custom role.Can collaborators invite other people to work on my site?Collaborators need to have the Invite People permission to be able to invite other people to work on your site.\xa0A limited number of management-l""]",18.93593120574951
how to change DNS configuration in Wix for email forwarding with Squarespace,"I don't know. The context doesn't provide information on how to change DNS configuration in Wix for email forwarding with Squarespace. It only provides information on adding or updating MX records and general instructions for managing DNS records within a Wix account, but not specifically for integrating Wix and Squarespace for email forwarding.","[""\nNote: If your email provider requires additional DNS records, add them to your Wix account.\nStill need help?If you're still having issues with your domain-based email, contact Wix Customer Care and we'll be happy to assist you."", ""Adding or Updating MX Records in Your Wix Account\nMail Exchange (MX) records are\xa0a type of DNS record. They specify the mail server to which any of your mail should be directed. Your domain must have your email provider's MX records added to its DNS records for your email to work.\xa0Before you begin:If your domain is connected to your Wix account, make sure it is connected via name servers, not via pointing. If it is connected via pointing, you must contact your domain host (not Wix) to configure the DNS records of your email provider.To add or update MX records:\nGo to Domains\xa0in your Wix account. Click the\xa0Domain Actions\xa0icon\xa0\xa0next to the relevant domain. Select Edit MX Records.\nClick the drop-down menu and check if your email provider is listed:\n    \nIf your email provider is listed: Selec"", ""ia pointing, you won't be able to manage your DNS records from your Wix account. You'll need to contact your email provider to do that. You can switch your domain's connection method to pointing to allow Wix to manage your DNS records. Your domain is not connected to your Wix account: If you're domain is still in the propagation process, or if there has been a problem connecting your domain, you won't be able to edit your records.Go to Domains\xa0in your Wix account and check the connection method for your domain. You can also check if there are any issues connecting your domain.\xa0""]",17.29162621498108
How can I change the font color of the dropdown menu on my desktop site using the Wix Editor?,"I don't know. The context only provides information about changing the font color of the mobile menu, but not the desktop site. There is no mention of a ""dropdown menu"" on the desktop site, and how to change its font color in the Wix Editor.","[""Wix Editor: Changing Your Mobile Menu Text Color\nChange the colors of menu item text for your mobile site with the design settings.You can change the text color for the two item states:\nRegular: How the text looks before a visitor clicks it. Selected: How the text looks when a visitor clicks it.To change the text color on your mobile menu:\nClick the mobile menu in the mobile editor. Click Edit Menu. Click the Design icon . Select either the Regular or Selected tab. Click the Text icon . Click the color picker beside Color and select a color for the text items.Tip:You can also change the color of submenu items by clicking the Color box under Submenu.What's next?Customize the rest of your menu design to suit your site, and create a unique, sophisticated browsing experience for your visitors."", ""Wix Editor: Changing the Color of the Drop-Down Arrow on the Mobile Menu\nSites that have subpages display a drop-down arrow on the mobile menu that opens the subpage menu. If you can't see your subpages or the drop-down arrow, then it's usually because the color of the arrow is the same color as the mobile menu box.To fix this, you need to change the color of the drop-down arrow.To change the color of the drop-down arrow:\nGo to your mobile editor.\xa0 Click the mobile menu. Click Edit Menu. Click the menu. Click the Design icon . Click Fill Color & Opacity. Click the color box under Arrow and select a new color.\xa0"", ""ADI: Customizing the Design of Your Site Menu\nYour site has a stunning menu that has been designed to complement the rest of your site. You can make changes to the design of your menu if you wish.Change the layout of your header to change the design of your menu.Change your site's colors to change the menu colors.Change your site's fonts to change the menu font.If you want to customize your menu even further, including changing the text size, colors and hover color, then head to the Editor.Warning:Once you save in the Editor, you cannot come back to edit your site in Wix ADI.""]",19.751911640167236
Can I use last year's tax return for the verification process of my Wix Payments account until I receive the letter of determination from the IRS?,"I don't know. The context does not mention anything about using a previous tax return for verification purposes. It only mentions that if you've verified your payments and still haven't received verification, you can contact Wix Customer Care to investigate further.","[""our Wix Payments account needs to be re-verified. You can still accept payments during this time, but your payouts will remain on hold until successful verification.What should I do if I believe the payments information on my 1099-K form is incorrect?Wix Payments works with its provider partners to calculate your gross payments according to IRS guidelines. You can verify your payments by reviewing your Wix Payments settlement report and checking it against your 1099-K.\nIf the figures don't match, or if you believe any other information is incorrect, contact Wix Customer Care and we’ll investigate the discrepancy.If an update is required, a new 1099-K form will be generated for you. We’ll send you an email when the new form is ready and available to download.Does my 1099-K form show informa"", ""should be visible and clear and should match the business details in your Wix Payments account The Employer Identification Number should be visible and clear\xa0\xa0 Documents must be sent in one of the following formats: jpeg, jpg, pdf, png The maximum file size is 10 MB The minimum file size is 1 kB for PDF, 100 kB for other formatsExample of IRS EIN confirmation notice:If all details have been entered correctly, the verification process usually takes 1 working day to complete.\xa0If all details have been entered correctly and, after the timeframe, your EIN has not been successfully verified, please contact us and we'll investigate the issue.\xa0"", ""o be verified. If 7 business days have already passed and you've verified the information is correct and matches your bank account details, contact Wix Customer Care. We will be happy to investigate this issue further.\xa0FAQsClick a question below to learn more about Wix Payments account verification.How will Wix Payments contact me about my account verification?Wix Payments will email you using the email address used to set up your Wix account. Remember to check your spam folder if you can't locate an expected email.\xa0I'm a sole proprietor in the UK. Which account type should I choose?UK sole proprietors are required to submit a Unique Taxpayer Reference (UTR) number as well as a business bank account when setting up their Wix Payments account.\nIf you haven't registered for a UTR, or possess""]",19.55206298828125
What are the refund policies for domain purchases?,"According to the context, Wix domain purchases do not have a 14-day money-back guarantee. If you feel that you deserve a refund, you can contact Customer Care and they will review your request. Additionally, if you no longer wish to keep the domain, you can cancel your subscription by turning off auto-renewal, which will cause the domain to expire on the next renewal date.","['Refund Policy for Wix Domains\nWix domain purchases are separate from Premium or Studio site plan purchases, and therefore do not have a 14-day money-back guarantee.\xa0If you feel that you deserve a refund, see further information about refunds. Alternatively, you can contact Customer Care to tell us why and we will review your request.Note:If you no longer wish to keep the domain you purchased, you can cancel your subscription by turning off the auto renewal process. The domain will expire on the next renewal date.\xa0', ""site to be made public, you can add a\xa0Coming Soon (landing page)\xa0page and hide the rest of your site.Does the refund policy apply to domains and business emails?No, Wix domain purchases are separate from plan purchases. Domain purchases do not have a 14-day money back guarantee. If you feel that you deserve a refund, contact us and we'll review your request.Note: If you no longer wish to keep the domain you purchased, you can cancel your subscription by\xa0turning off the auto renewal process. The domain will expire on the next renewal date.\xa0I've canceled my site plan, but it is still active. Why is this? In this case, you may have canceled beyond the 14-day money back period. If you've canceled within the first 14 days, the site plan and its benefits are immediately deactivated. \nIf you canc"", 'ged on a monthly basis to your payment method.\nReturn and refund policyOnline businesses selling products are required to present their product return policy and refund policy. This is important in order to comply with consumer protection regulations. It avoids claims by customers that are not satisfied with products they purchase. Please note that many websites dealing with sale of physical goods establish a refund policy as a separate document. This normally includes more instructions and information on the procedures for returns and refunding.Sample:For any undamaged product, simply return it with its included accessories and packaging along with the original receipt (or gift receipt) within 14 days of the date you receive the product, and we will exchange it or offer a refund based upo']",13.171607255935669
How can I assign a premium subscription to a different site?,"To assign a Premium plan to a different site, follow these steps:

1. Go to Premium Subscriptions in your Wix account.
2. Click the More Actions icon next to the plan you want to reassign.
3. Click Assign to a Different Site.

This will allow you to transfer your Premium plan and features to a new site within your account.","["" you can join the Wix Partner program where you'll have access to exclusive features and benefits.Learn more about the Wix Partner Program.FAQsClick a question below to learn more about managing multiple sites under one account.Can I assign a Premium plan to a different site in my account?Yes, if you create a new site, you can move your Premium plan and features over to that site.To transfer a Premium plan from one site to another:\nGo to\xa0Premium Subscriptions\xa0in your Wix account. Click the More Actions\xa0icon\xa0\xa0next to the plan you want to reassign. \xa0 Click\xa0Assign to a Different Site.Learn more about reassigning your Premium plan.Why can't I find my site in my account?It's possible that you used a different email address when creating your site, if so it means you have more than one account.T"", ""fer the site, the site ownership is transferred to the new owner. Your payment information is not transferred, and the new site owner will manage all future subscription payments. If you want to continue to manage subscription payments you can add someone as a collaborator instead of transferring ownership. Learn more about roles and permissions. Some premium subscriptions cannot be transferred. If your subscription can't be transferred, you can unassign the subscription first and then follow the steps to transfer the site. \xa0To transfer a premium site:\nGo to your site's dashboard. Click the Site Actions  icon at the top of the Home page. Select Transfer site.\nFill out the Transfer Ownership form:\n    \nEnter the email address associated with the new owner's Wix account. Choose a description"", "" I want to transfer?All premium apps connected to the site transfer automatically with the site. This includes Business Phone Number plans.\xa0How do I unassign premium products and subscriptions that can't be transferred?Some premium subscriptions cannot be transferred. If your subscription can't be transferred, go to the Premium Subscriptions section of your account and unassign it from your site. You can then transfer the site to a new owner.Can I transfer Wix Payments accounts between Wix accounts?No. It is not possible to transfer Wix Payments accounts between Wix accounts.Can I transfer a site that has Facebook ads associated with it?It is not possible to transfer a site that has Facebook ads associated with it. To cancel this service, turn off auto-renewal\xa0and wait for the service to e""]",21.999057292938232
How can I add an MX record to Wix for a domain connected via name servers?,I don't know.,"[""to be in the same order.\n    \nClick + Add Another. Click the Points to field and enter the mail server address of the next MX record.\xa0 Repeat these steps for each additional MX record you need to add.\xa0 Click Save when you're done adding all the MX records.  To add other DNS records (if required):\nGo to Domains\xa0in your Wix account. Click the Domain Actions icon \xa0next to the relevant domain and select Manage DNS Records.\nScroll to the record type you'd like to add (e.g. CNAME, TXT) and click + Add Record.\nEnter the DNS record in the relevant fields.\nNote: If instructed to add an @ sign in the Host name field, leave the field blank instead.\xa0 \xa0 Click Save. Repeat steps 3-5 above to add additional DNS records.\xa0FAQsClick a question below to learn more about connecting your email to Wix.How long "", "" domain host (not Wix).\xa0\n\n        Click to manage your DNS records.\n    \n\n\n        Go to Domains\n      \n\nManaging your DNS records\nGo to Domains in your Wix account. Click the Domain Actions icon  next to the relevant domain. Click Manage DNS records.\xa0\nChoose what you want to do:Add a record\nScroll to the record type you'd like to add (e.g. CNAME, TXT) and click + Add Record. Enter the DNS record in the relevant fields.\xa0\nTip: If you're instructed to create a DNS record with the @ sign in the Host Name field, leave the Host Name field blank instead.  Click Save. Click Save Changes in the pop-up message.Edit a record\nHover over the DNS record you need to edit and click Edit.\xa0 Edit the DNS record.\nTip: If you're instructed to create a DNS record with the @ sign in the Host Name field, leave t"", ""e Points to field and enter the mail server address of the next MX record.\xa0 Repeat this step for each additional MX record you need to add.\xa0   Click Connect Business Email.6.\xa0 (If instructed by your email provider) Add DNS records:Show me how\nClick the Show More icon \xa0on the right and select Manage DNS Records.\n Scroll to the record type you'd like to add (e.g., CNAME, TXT) and click + Add Record.\n Enter the DNS record in the relevant fields. Click Save, then click Save Changes in the pop-up message. Repeat steps 2-4 above to add more DNS records.\xa0Still need help? Contact Wix Customer Care and request a call back if you are having trouble adding your records.FAQsClick a question below to learn more about adding or updating MX records in your Wix account.What are DNS records? Domain Name Sy""]",20.460631608963013
how can I connect my Squarespace domain to Wix,"To connect your Squarespace domain to Wix, follow these steps:

1. Transfer your Squarespace domain to Wix (if you prefer both your website and domain to be managed by Wix) or keep it connected.
2. If transferring, remove the domain from the original Wix account and add it to the new Wix account where you want it connected.","[""About Google Domains at Squarespace\nRecently, Google entered into an agreement with Squarespace whereby Squarespace will take over the registration and management of Google domains.\xa0If your domain was purchased from Google, your service with Wix does not change. Squarespace becomes your new domain registrar. However, Google / Squarespace domains connected to Wix will continue unaffected.\xa0If you'd prefer to have both your website and domain entirely managed at Wix, you can transfer your domain to Wix. Once transferred, Wix becomes your new domain registrar.\xa0Tip: If you're unsure who your domain registrar is, you can find out by visiting\xa0whois.com\xa0and entering your domain name to view your domain details."", ""nt your domain is currently connected to.\xa0Video tutorial\nStep 1 | Remove the domain from your Wix accountLog in to the Wix account where your domain is currently located, copy the DNS records, and remove the domain from the account. This will allow you to add the domain in the other Wix account where you want it connected.\xa0To remove a domain from your account:\nSign in to the Wix account where your domain is currently added.\xa0 Go to Domains\xa0in the\xa0account. \nNote: If you have more than one domain in your account, scroll to the relevant domain. Copy your domain's DNS records.\nNote: If your domain is connected by pointing, skip ahead to step 4.Show me how\nClick the Domain Actions icon  on the right and select Manage DNS records.\n Copy the details of your DNS records and paste them into a separa"", 'domain to the Wix nameservers.']",19.94598937034607
"can i temporarily unpublish my website and stop billing, then access it later",I don't know. The context does not mention anything about temporarily unpublishing a website or stopping billing with the option to access it later.,"['nation you violate any provision of these Terms or any applicable law or regulations. You may discontinue use and request to cancel your account and/or any services at any time. Notwithstanding anything to the contrary in the foregoing, with respect to automatically-renewed subscriptions to paid services, such subscriptions will be discontinued only upon the expiration of the respective period for which you have already made paymentIndemnificationWebsites must have the ability to seek indemnification from users and customers that cause damages to the website or its owners. The indemnity obligation is usually addressed in the Terms. \xa0 The indemnification obligations need to be adjusted and be made fit to the potential exposure of each website according to its specific activities. \xa0Sample:Yo', 'consent that the uploaded/transferred content may be publicly displayed at the website.Right to suspend or cancel user accountWebsites need to be able to avoid misuse of the website by users and/or avoid exposure as a result of illegal activity conducted on the website (or by using a service or product offered by the website). Accordingly, websites offering subscription services or online services (such as SAAS) usually retain the ability to suspend or cancel the ability of a user or customer to use the website or the services.\xa0Sample:We may permanently or temporarily terminate or suspend your access to the service without notice and liability for any reason, including if in our sole determination you violate any provision of these Terms or any applicable law or regulations. You may discon', ""it?You can unassign a plan from your site and assign it to another site in your account. Unassigning a plan does not cancel the plan.Will I lose my site content if I cancel my plan?No, canceling your plan does not delete your site content. Your site will revert to the free Wix URL and display Wix ads, but all your content will remain intact.Before you cancel, you may want to try:Are you sure you want to cancel? You may be interested in other options for optimizing your site, instead of canceling your plan.Switching to a monthly billing cycleSwitch from a yearly to a monthly billing cycle to make payments more manageable. While our longer-term plans offer great savings, with a monthly plan you don't have to commit to a long-term subscription. Learn more about changing the subscription perio""]",17.340585231781006
need to purchase another email address from Wix,I don't know.,"[""eal address with no typos. Wix sends a code to this email address to verify it. Each Wix account needs a unique email address. It's not possible to use an email address that's already linked to another Wix account.\xa0To change your email address:\nGo to Account Settings\xa0in your Wix account. Click the Account email field. Enter your Wix account password in the pop-up. Enter your new account email address. Retype your new email account email address to confirm it. Click Next.\nCheck your email account for an email from Wix. Copy the 6-digit confirmation code.\nGo back to Account Settings in your Wix account. Paste the code into the pop-up. Click Submit.FAQsClick a question below to learn more about changing the email address of your Wix account.\xa0I've forgotten which email address I used for my Wi"", 'Wix Stores Request: Sending Store Owner Notification Emails to Multiple Email Addresses\nCurrently, store owner email notifications can only be sent to one email address.Tip:You can change the email address in your Business Info settings.\xa0We are always working to update and improve our products, and your feedback is greatly appreciated.', 'he email address associated with my Wix account?Yes, you can change the email address associated with your Wix account. Go to your account settings and update your email address. Learn more about changing your account email address.']",9.689827680587769
can I extend my current contract to be a month longer,"Yes, you can extend your current membership plan or package by one month. To do this:

1. Go to Subscriptions in your site's dashboard.
2. Click the relevant subscription.
3. Click Manage Subscription.
4. Select Extend subscription.
5. Click the date and select a new end date for the plan (one month longer).
6. Click Save.

No additional money is collected, and you cannot edit an expired plan or edit a recurring plan.","[""Wix Bookings: Extending the Duration of a Membership Plan or Package\nWant to give your client extra time to take advantage of a membership plan or a package? You can extend the period of time a valid plan is good for. This can come in handy if you temporarily weren't able to provide services or your client was sick and wasn't able to make use of the plan.\xa0Notes:When you extend a plan, no additional money is collected.You cannot edit an expired plan.\xa0You cannot edit a recurring plan.DashboardWix appWix Studio app\nGo to Subscriptions in your site's dashboard. Click the relevant subscription. Click Manage Subscription. Select Extend subscription. Click the date and select a new end date for the plan. Click Save.\nGo to your site in the Wix app. Tap Manage \xa0at the bottom. Tap Sales and select S"", 'curring subscriptions Changing the payment date for monthly recurring subscriptions Frequently asked questions (FAQs)Important information about changing payment datesIn some cases, due to the reduction or extension of the current cycle, you may need to adjust the payment amount of the last cycle. In these cases, you can issue credit or add an extra charge to the next subscription payment.\xa0You can change the payment day/date for active recurring Pricing Plans subscriptions only.\xa0You cannot change the payment date for recurring subscriptions whose status is pending, in a free trial or recurring subscriptions in their last subscription cycle.With all recurring plans, changing the payment date leads to either a shortening or to an extension of the current billing cycle and the subscription. F', 'te\'s dashboard. Click the relevant plan. Click Manage Subscription. Click Mark as Paid.Tip:After payment, the status changes to ""paid"".\n\nExtending the duration of a planYou might want to extend the duration of a plan. This can happen, for example, when a client was sick and wasn\'t able to make use of the plan.\xa0Extending a plan does not charge clients any additional fees.Note: If a client cancels a plan or allows it to expire, it is not possible to extend it. They can purchase a new plan instead.To extend the duration of a plan: \nGo to Subscriptions in your site\'s dashboard. Click the relevant plan. Click Manage Subscription.\xa0 Click Extend subscription.\xa0 Enter the new end date for the plan. Click Save.\xa0Editing the number of sessions in a packageYou may sometimes want to reward or compensate']",24.298269510269165
how to double-check that my website is pointing correctly,"To double-check that your website is pointing correctly, follow these steps:

1. Go to whatsmydns.net and enter your domain name without the www. prefix (e.g. mystunningwebsite.com).
2. Select A from the drop-down menu.
3. Click Search.

Compare the search results to the records in your domain host's account to ensure they are the same.

Additionally, you can verify your site with Web of Trust by following these steps:

1. Go to https://www.mywot.com/ and sign up.
2. Enter the following into your address bar: https://www.mywot.com/en/claim-site?target=your-site-URL (e.g. https://mystunningwebsite.wixsite.com/mystunningwebsite).
3. Follow any additional instructions provided by Web of Trust.

By verifying that your A records are correct and connecting your site to Web of Trust, you can help ensure that your website is pointing correctly.","[""ionUse whatsmydns.net to check that your domain has the correct pointing records at various locations around the world.\xa0Important:Your domain must have both the correct A and CNAME records to connect to Wix via pointing.To check your domain's A record:\nGo to whatsmydns.net. Enter your domain name without the www. prefix (e.g. mystunningwebsite.com). Select A from the drop-down menu. Click Search.\xa0 Next to each server location, you should see your domain IP address. \nCompare the search results to the records in your domain host's account\xa0to ensure they are the same.Show me an exampleThe image below shows green checkmarks next to the A records that have propagated at each server location.\xa0\xa0\xa0\xa0\xa0\xa0\xa0\xa0\n\nNote:\xa0If you see a red checkmark next to a location, it means no record has propagated or there"", 'Verifying Your Site with Web of Trust\nWeb of Trust is an online reputation and Internet safety service, providing crowdsourced reviews and other data about whether websites respect user privacy, are secure, and other indicators of trust. The platform allows users to rank sites as safe or unsafe.By verifying your site, you can decrease the chances your site being marked as unsafe or malicious by Web of Trust.\xa0You must connect a domain to your site in order to verify it with Web of Trust.To verify your site with Web of Trust:\nGo to https://www.mywot.com/ and sign up. Enter the following into your address bar: https://www.mywot.com/en/claim-site?target=your-site-URL.\nFor example: https://www.mywot.com/en/claim-site?target=https://mystunningwebsite.wixsite.com/mystunningwebsite.\xa0 Enter your si', 'nable cross-site tracking in your browserCross-site tracking is a technique that websites and online services use to collect information about your browsing habits across multiple websites. They typically do this by using cookies and other tracking technologies.Follow the steps below for enabling cross-site tracking for your browser.\xa0Google Chrome:\nOpen the Chrome browser on your computer. Click the More Actions icon \xa0in the top right. Select Settings. Select Privacy and security in the left sidebar. Select Cookies and other site data. Disable the Send a ""Do not track"" request with their browsing traffic toggle.Safari:\nOpen the Safari browser on your computer. Select Safari. Select Settings. Click Privacy. Uncheck the Prevent cross-site tracking box.Mozilla Firefox:\nOpen the Firefox browse']",32.61709189414978
I need to rename a Wix file with an inappropriate name. The provided instructions were ghastly.,"Go to your Media Manager, hover over the relevant file, click the More Actions icon, and then click Rename. Type the file's new name, press Enter on your keyboard.","[' site\nGo to the File Share app on your live site. Log in using the email address associated with your Wix account. Click the Show More icon \xa0 next to the file or folder you want to rename. Select Rename.\nEnter a new name. Press Enter on your keyboard.', ""Wix Media: Renaming Files in Your Media Manager\nYou may want to change the name of your media files and folders to more accurately reflect their content and to easily find them later on.\xa0You can do so from your site's Media Manager.To rename a file:\nGo to your Media Manager. Hover over the relevant file or folder. Click the More Actions icon . Click Rename. Type the file's new name.\xa0 Press Enter on your keyboard."", 'own menu at the top left of the Editor.\xa0Click the Show More icon next to the page containing the Wix Hotels app (e.g. ""Rooms & Rates"" or ""Book a Room"").Click Rename.Enter the name you want to use and click Done.']",10.083630800247192
I have problems with my business email not being directed to my Gmail. How can I fix it?,"To resolve the issue with your business email not being directed to Gmail, you should click here for Google support's email troubleshooter.","[""Resolving Email Issues\nImportant:Make sure your domain is connected properly to Wix before taking any actions below.\xa0To resolve email issues:\nIf your domain is connected to Wix via name servers: Ask your domain host for the MX records and enter them in the domains section of your Wix account. Learn more about adding or updating MX records. If your domain is connected to Wix via pointing: Contact your domain host for assistance with managing your mail-related records as your DNS records are managed by them. If you purchased personalized business email(s) from Wix: Check that your domain is active, your MX records are correct, and your business email is set up properly. If you're still having difficulties, click here.\xa0Note:It may take up to 48 hours for DNS changes to update. Learn more abou"", "" and click Next.Enter the password and click Next.\xa0Tip:Switch between email accounts in Gmail by clicking your profile image or initials at the top right, then select the business email you'd like to access."", ""Google Workspace: Emails Missing from Your Business Email\nThere are a number of reasons why messages may not arrive in your inbox.\n\nIf you are experiencing issues receiving emails in your Google Workspace business email, click here for Google support's email troubleshooter.\xa0""]",10.144755125045776
how to cancel premium,"To cancel Premium, follow these steps:

1. Go to Premium Subscriptions.
2. Click the More Actions icon next to the relevant plan, business email, or app.
3. Select Cancel auto renew and click Cancel now, Cancel Plan, Cancel domain, or Cancel mailbox.

Alternatively, you can also turn auto-renew back on again before the end of the subscription period if you change your mind.","['r site.\n\n           Click to cancel your plan now  \n    \n\n\n         Choose plan to cancel \n      \n\nView step-by-step instructions\nGo to Premium Subscriptions. Click the Show More icon  next to the relevant plan. Click Cancel plan. Click Cancel Now in the pop-up to confirm.\nNote: This does not cancel your plan immediately, rather your plan simply does not renew at the end of the subscription period.', 'ount. Click the More Actions icon next to the relevant domain. Click Cancel domain. Select Cancel auto renew and click Submit.Business email\nGo to Premium Subscriptions in your Wix account. Click the More Actions icon  next to the relevant business email. Click Cancel subscription. Select the I still want to cancel checkbox and click Cancel mailbox.Premium App\nGo to Premium Subscriptions in your Wix account. Click the More Actions icon  next to the relevant app. Click Cancel App. Select Cancel auto renew and click Cancel now.Changed your mind?You can simply turn auto-renew back on again before the end of the subscription period.', ' \xa0next to the relevant plan. Click Cancel Plan. Click Cancel Now to confirm.This does not cancel your plan immediately. Your plan will remain active until the end of the current subscription period. At that time, the plan will not renew.\xa0']",14.668681144714355
How can I disconnect my domain name from Wix?,"To disconnect your domain name from Wix, you can follow these steps:

1. Go to the Domains page on your Wix account.
2. Click the Show More icon next to the relevant domain and select Unassign from This Site.
3. Click Unassign Domain.
4. Then click Remove Domain to confirm.

By following these steps, you will instantly disconnect your domain from your Wix site.","['Unassigning a Domain from Your Site\nYou can instantly disconnect your domain from your Wix site by unassigning it. You can always assign the domain to another site at a later stage.To unassign a domain:Go to the Domains page.Click the Show More icon \ufeff\ufeff next to the relevant domain and select Unassign from This Site.Click Unassign Domain.', ""\xa0 Click Remove Domain to confirm.Step 2 | Add the domain to another Wix accountSign in to the Wix account where you want the domain to be connected. You can use an incognito window to sign in if you want to remain signed in to both accounts at the same time. Then add the domain, choose an upgraded site to connect and set up the connection.\xa0To add the domain to a different Wix account:\nSign in to the Wix account you're adding the domain within. Go to Domains\xa0in the\xa0account. Click\xa0Add an Existing Domain and select\xa0Connect a domain you already own.\nSelect the site you want to connect your domain to and click Continue. Enter your domain name and click Let's Go. Click Yes, I own this domain under the search field.\xa0 Finish connecting your domain via name servers or pointing:\xa0\n    \nName servers: "", ""nt your domain is currently connected to.\xa0Video tutorial\nStep 1 | Remove the domain from your Wix accountLog in to the Wix account where your domain is currently located, copy the DNS records, and remove the domain from the account. This will allow you to add the domain in the other Wix account where you want it connected.\xa0To remove a domain from your account:\nSign in to the Wix account where your domain is currently added.\xa0 Go to Domains\xa0in the\xa0account. \nNote: If you have more than one domain in your account, scroll to the relevant domain. Copy your domain's DNS records.\nNote: If your domain is connected by pointing, skip ahead to step 4.Show me how\nClick the Domain Actions icon  on the right and select Manage DNS records.\n Copy the details of your DNS records and paste them into a separa""]",18.618201971054077
I ordered a premium account for the wrong domain. Can I please change it to the right one?,"Yes, you can reassign the business email and domain related to that email to your original site. You'll need to cancel the recurring invoice first (if applicable) then transfer the Premium plan to the duplicate site, upgrade the original site from the new location, and finally assign your domain back to the original site within the same Wix account.","[""within the same Wix account, you need to reassign the domain that is related to that email, as well as the business email itself.Transfer a Premium site to another Wix accountTo carry out a Premium site transfer, you first need the email address of the person to whom you want to transfer the site. They will need to accept ownership in order to complete the transfer.Important:\nSites that have Premium plans paid for with\xa0recurring invoices\xa0cannot be transferred. To transfer this type of site, you need to first cancel the recurring invoice. After transfer of a site, any subscriptions that were transferred (the Premium plan itself, as well as the domain, business email, and any Premium apps) are now managed by the new owner.\xa0To transfer a Premium site:\nGo to your site's dashboard. Click\xa0Site A"", ""rization code, and your current domain registrar has approved your transfer.\xa0I've recently changed my registrant information. Can I still transfer my domain?If you have recently changed your registrant information, your domain is locked from transfer for 60 days. While you can't transfer your domain during this period, you can still connect the domain to your site in the meantime. Learn more about ICANN's 60 Day Lock Policy.Can I transfer a 'premium' domain name to Wix?No, you cannot transfer 'premium' domains to your Wix account. Also, Wix does not sell premium domains. However, if you own a premium domain, you can connect the domain to your site.Note: A 'premium' domain is a domain name that other registrars deemed as high-value. These domains are often bought (and resold) by investors f"", 'n the canceled Premium plan to the duplicate site:\n    \nGo to Premium Subscriptions in your Wix account. Click the More Actions icon  next to the relevant plan. Click Assign to a Different Site and choose the duplicated site. Click Next. Click Assign.   Upgrade the original site from your new location:\n    \nGo to the dashboard of the original site. Click Upgrade on the left. Click Select under the Premium plan you want to purchase. Follow the steps to complete the purchase.   Assign your domain back to your original site:\n    \nGo to Domains\xa0\ufeffin your Wix account.\nNote: If you have more than one domain in your account, select the domain you want to reassign. Scroll down to the Unassigned Domains section. Click the More Actions icon . Click Assign to a Site. Choose a site from the options if ']",19.75834608078003
how to remove card details from Wix account,"To remove card details from your Wix account, go to Account Settings > edit the ""Account info"" setting. Then, click on the ""Delete Tab"" option next to the ""Card Entry payments"" tab and follow the prompts to delete the card information. Alternatively, you can also hover over the ""Card Entry payments"" tab, click the More Actions icon, select Delete Tab, and confirm that you want to remove this setting.","['Changing Your Wix Account Details\nYour Wix account details include information such as your username, account name, login info, and your recovery phone number. These account details are the same for all the sites that you have in your Wix account. You can update your account details in the Account Settings section of your dashboard.\n\n        Click to change your Wix account settings\n    \n\n\n            Update Account Settings\n      \n\nChanging your account detailsIn Account Settings, you can edit your basic account details and other settings such as 2-step verification settings and email preferences.To change your account details:\nSign in to your Wix account. Click your profile at the top right corner and select Account Settings.\nEdit the setting that you want to change:\n    \nAccount info: C', 'd on the Wix apps installed on this site (e.g. the ""My Wallet"" tab is only available for Wix Stores). Remove a tab: Hover over a tab, click the More Actions icon \xa0\xa0and Delete Tab. Rename a tab: Hover over a tab, click the More Actions icon \xa0and Edit Tab Name. Reorder tabs: Hold the Reorder icon \xa0next to a tab and drag it to the desired position.\xa0   (Optional) Design the menu and adjust the layout using the available options.Step 4 | Customize the member profile cardAnother element that appears on every tab is the member profile card. Depending on the layout you selected earlier, it\'s either a card or a full-width header. Either way,\xa0you can personalize it by editing the text, adding a default cover image and much more.How do members use their profile card?The profile card is a header that ', "" Card Entry payments are currently available with Wix Stores, Wix Bookings, Wix Events, Pricing Plans and POS. Entering credit card details manually is the least secure way of accepting card payments. We recommend accepting manual card payment only from buyers you trust. Learn more about best practices for accepting card payments. Manual Card Entry transactions are considered as insecure. There is no liability shift and you may be fully liable for fraudulent chargebacks. Customers' card details are considered to be Personally Identifiable Information (PII) and are, therefore, subject to privacy laws such as the GDPR and the CCPA. We recommend you delete the card information following the manual entry payment.""]",20.10520315170288
how to edit the cart page in a Wix store,"To edit the Cart page in a Wix Store, follow these steps:

1. Go to your editor.
2. Click Pages & Menu on the left side of the editor.
3. Select an option: My site has only Wix Stores
4. Click Store Pages
5. Click Cart Page","['Wix Stores Request: Edit Store Text\nWe are pleased to announce that it is now possible to edit the text on certain pages and elements in Wix Stores.\xa0What other options are missing? We want to hear from you. Click here to submit a ticket and let us know.Learn how to:\nEdit the Cart page text Edit the Cart Icon text Edit the Mini Cart text Edit the thank You page text Edit the Product Widget button text Edit the Product Page button text Edit the Load More button textWe are always working to update and improve our products, and your feedback is greatly appreciated.', 's one of your Store pages. Wix Bookings: The Cart page is one of your Bookings pages. Wix Restaurants or any combination of solutions: The Cart page is listed under Cart & Thank You.Wix EditorStudio Editor\nGo to your editor. Click Pages & Menu \xa0on the left side of the editor. Select an option:\n    \nMy site has only Wix Stores:\n        \nClick Store Pages. Click Cart Page.   My site has only Wix Bookings:\n        \nClick Bookings Pages. Click Cart Page.   My site has Wix Restaurants Orders (New) / 2 business solutions:\n        \nClick Cart & Thank You. Click Cart Page.     Click the Cart Page element on your page. Click\xa0Settings.\nGo to your editor. Go to your Cart page: Click Pages \xa0on the left side of the editor. Select an option:\n    \nMy site has only Wix Stores:\n        \nClick Store Pages. ', ""Wix Stores: Adding and Setting Up an 'Add to Cart' Button\nYou can place a standalone 'Add to Cart' button anywhere on your site. The button is linked to the product you choose.\xa0This can come in handy when you're writing about a\xa0product somewhere on your site and want to make it easy for a customer to add the product to their cart.Step 1 | Add the 'Add to Cart' buttonStart by navigating to the relevant page and then dragging the Add the Cart button from the Add Panel to the ideal spot.\xa0Wix EditorStudio Editor\nGo to your editor. Click Add Elements \xa0on the left side of the editor. Click Stores. Drag the Add to Cart Button to the page.\nGo to your editor. Click Add Elements \xa0on the left side of the editor. Click Stores. Drag the Add to Cart Button to the page.Step 2 | Connect the button to a pr""]",19.15238046646118
"Why is the UI in the tutorial different from mine, and what is the Wix Studio Editor?","The question ""Why is the UI in the tutorial different from mine, and what is the Wix Studio Editor?"" cannot be answered with the given context. The provided text only discusses general information about Wix Studio updates, features, and FAQs, but does not provide specific details about why the UI might differ between a tutorial and your own interface, or define what the ""Wix Studio Editor"" exactly is. I don't know.","[""the pop-up) Click Next. Click Update to Wix Studio.\nTip: The update may take a few minutes to complete.\xa0 (In the Studio Editor) Choose what to do next:\n    \nBrowse Tutorials: Watch video tutorials to help you get acquainted with the new Studio Editor.\nTip: These videos are always available for you to go back to. In the editor, click the Video Tutorials icon \xa0at the bottom left. Start Working: Exit the pop-up to explore the new and enhanced Studio Editor on your own. We recommend checking panels like the Inspector and Add Elements to see what's new.\xa0  What's next?Head over to the Wix Studio academy for all the courses, webinars and tutorials you may need. More specifically, check out our Elevating from Editor X to Wix Studio webinar.FAQsClick a question below to learn more about the update."", ""Wix Studio FAQs: Using Editor X\nAs a Wix Studio user, you can choose to build a site on our brand new Studio Editor or, if you prefer, you can stick with Editor X for the meantime. Below we'll answer some of the most common questions we've received from Studio users about Editor X.\xa0Studio Editor vs Editor XClick a question below to learn more about the difference between Editor X and the new Studio Editor.Is Wix Studio a rebranding of Editor X?No, Wix Studio is a brand new web-creation platform with many advanced features and fresh new capabilities that set it apart from Editor X.\xa0How is Wix Studio different from Editor X?Wix Studio was developed specifically for busy agency life. In comparison to Editor X, it offers a smoother, more efficient way to build high-end websites. AI, out-of-the"", ""Wix Studio FAQs: Getting Started\nWix Studio is a flexible, end-to-end platform for agencies and enterprises who offer bespoke and scalable web creation services. The advanced responsive editor has game-changing design tools like responsive AI, open platform capabilities, and one workspace to manage your sites, assets and team. It allows you to efficiently deliver exceptional websites that exceed your clients' vision. Learn more about Wix StudioBelow we'll answer some of the common questions we've received about getting started with Wix Studio.\xa0Switching to Wix StudioClick a question below to learn more about switching to Wix StudioHow can I get access to Wix Studio?Wix Studio is available to everyone.\xa0If you're an agency or enterprise already using Wix or Editor X, you can switch your acco""]",23.30380392074585
How can I make my booking hours live for the public on my site?,"To make your booking hours live for the public on your site, go to Settings > Booking Settings > Default Hours, select the checkboxes next to each day your business is open, and enter a default start and end time for each day. Then, tap Save.","[' Manage \xa0at the bottom. Scroll down and tap Settings. Tap Booking Settings. Tap Default Hours. Select the checkboxes next to each day your business is open. Enter a default start and end time for each day (e.g. 9:00 AM to 6:00 PM).\n(Optional) Add another time period if your business closes at any point during the day:\n    \nTap + Add Hours. Enter a start and end time. (e.g. 9:00 AM - 12:00 PM and 1:00 PM - 6:00 PM).\xa0   Tap Save.Checking business hours on your siteAfter you set your staff and default business hours, your members can visit your site on a desktop or mobile device, select a service and a staff member, and see which spots are available.\xa0', 'sible on your Booking Page or not.\xa0\nGo to Services\xa0in your Dayful dashboard. Hover over the relevant service and click the More Actions icon . Click Show on site / Hide from site.\xa0', ' upcoming services which do not yet accept bookings by creating a view-only service on your site.\xa0']",11.612678527832031
how to get the same view for mobile and desktop website,"I don't know. The provided context does not directly answer how to achieve the same view for both mobile and desktop websites. It mentions that changes made in the mobile view do not affect the desktop view, but it does not provide a specific solution or step-by-step process for achieving consistency between the two views.","['ADI: Customizing Your Menu For Your Mobile View\nYou can customize the way your menu looks in the mobile view. Visitors viewing your site from a mobile device have different screen sizes and devices. You can customize your site’s menu so that it looks great on mobile devices, as well as on desktop.Important:Any changes made in the mobile view do not affect the desktop view of your site.To customize your menu:Step 1 | Add the elements to your menu on desktopYour desktop site is automatically converted to a mobile-friendly site. In order to customize your mobile view, you must first edit your menu on desktop.\xa0Click the header on your desktop site.\xa0Click the Show/Hide iconnext to an element to show it or hide it.Selected: The element or text field is shown.\xa0Unselected: The element or text fiel', 'ADI: Previewing Your Mobile Site\nYour stunning mobile site is automatically created for you using the content from your desktop site.To preview your mobile site:Click Preview on the top bar.Click the mobile icon in the top bar.Scroll through your mobile site to see how it looks.Tip:Click here to learn more about customizing your mobile view.', ""o create unique, eye-catching content. Learn more about customizing your sectionsAdjust sections to mobileSections you've added on desktop automatically appear your mobile site.\xa0However, you may want to change the order in which they appear on your mobile site, or even hide certain sections. These changes don't affect the desktop version of your site.Rearranging your sections on mobile is a great way to adapt and customize which information your visitors see first. For example, you may want to highlight your business' phone number by moving that section to the top of your home page. \xa0If you have information on a section that isn't relevant to visitors on mobile, you can hide it completely, and you can easily display the section again if you so choose.\xa0Learn more about sections on your mobi""]",17.261908292770386
how to set up offline payments for invoices on Wix,"I don't know. The context only discusses online payments via Stripe or Paypal, but it does not mention setting up offline payments.","['Wix Invoices Request: Accepting Installments For Invoices Paid Online\nCurrently in Wix Invoices it is not possible to accept installments for invoices that are paid online (i.e., via Stripe or Paypal). You can only accept partial payments for invoices paid offline.We are always working to update and improve our products, and your feedback is greatly appreciated.', ""Wix Invoices: Creating an Invoice\nDon't have a Wix account?Create invoices quickly and easily with the Wix Invoice Generator. Using this tool is completely free of charge and doesn't require any registration.\xa0Use Wix Invoices to streamline your billing process. Generate, send, and track invoices, and process the payments through Wix. You can personalize your invoices with discounts, deposits, taxes, etc., and email them to customers who can view and pay them through a custom link.Important:This article refers to the Wix Invoices feature. If you are looking for your invoices for payments you made to Wix, click here.Before you begin:In order to accept payments from clients in Wix Invoices, you must set up a payment method. If you've already set up a payment method (e.g. for Wix Stores, Wix B"", ""Requesting Payment via Invoice for an Unpaid Order\nImportant:This article is relevant for Wix Stores, Wix Bookings, and Wix Restaurants Orders (New).You can create an invoice for any of your unpaid orders to request payment.\xa0If you email the invoice to your customers or provide it as a shared link, they can conveniently click Pay Invoice to make online payments using any of your available payment methods.To manually generate an invoice for an unpaid order:\nGo to Orders in your site's dashboard. Select the relevant unpaid order.\xa0 Click the\xa0Collect Payment\xa0drop-down and select\xa0Charge with invoice. Click Create Invoice.\nTip: This creates a saved draft of your invoice. Select how to send the invoice to your customer:\n    \nShare using a link:\n\nClick Share link at the top.\xa0 Click Click Here to C""]",15.403795957565308
how to report someone infringing on copyright,"To report someone infringing on copyright through Wix.com, please fill out their automated DMCA Copyright Complaint Form.","['Reporting Copyright Infringement\nWix.com opposes any unauthorized infringement of copyrights. It is Wix.com\'s policy to respond to clear notices of alleged copyright infringement that comply with the requirements of the Digital Millennium Copyright Act (the ""DMCA"").To report a copyright infringement by a Wix user, please fill out our automated DMCA Copyright Complaint Form. This form is the fastest way to report a case of copyright infringement.', ""licks your content, they'll see a message informing them that the content is copyrighted.\xa0You can add it to your site through the App Market, and edit the message that is displayed through the settings.\xa0Important:The Right Click Protect app does not prevent visitors using Ctrl+C to copy your content. Vote for this optionTo add the Right Click Protect app:Wix EditorStudio Editor\nGo to your editor. Click Add Apps \xa0on the left side of the editor. Search for the Right Click Protect app in the search bar. Click Add to Site. (Optional) Click Settings to edit the message shown.\xa0\nGo to your editor. Click App Market \xa0on the left side of the editor. Click App Market. Search for the Right Click Protect app in the search bar. Click Add to Site. (Optional) Click Settings to edit the message shown.\xa0\nGo "", 'Submitting a Copyright Infringement Counter-Notification\nIf content from your Wix site was removed, or access to your Wix account was disabled, due to a copyright infringement claim, you may send a counter-notification.You can find additional information, and submit a counter-notification on our DMCA counter-notification contact page.']",14.427434921264648
how can I cancel my domain renewal plan on Wix,"To cancel your domain renewal plan on Wix, go to Premium Subscriptions in your account, click the More Actions icon next to the relevant domain, and then select Cancel auto renew and click Submit.","['Turning the Auto Renewal Off for a Wix Premium Subscription\nTo prevent any disruption of service to your site, subscriptions for Wix services are set to renew automatically at the end of the subscription period. To prevent a subscription from renewing, you can turn the auto-renewal function off.\xa0Select a service below to learn more:Premium or Studio site plan\nGo to Premium Subscriptions in your Wix account. Click the More Actions icon  next to the relevant plan. Click Cancel Plan. Click Cancel Now in the pop-up to confirm.\nNote: This does not cancel your plan immediately. Instead your plan does not renew at the end of the subscription period.Domain\nGo to Premium Subscriptions in your Wix account. Click the More Actions icon next to the relevant domain. Click Cancel domain. Select Cancel au', ""Wix Domains: Canceling Your Domain\nYou can cancel your domain at any time from your Wix account if you no longer need it. This turns off the auto renew feature, so you'll still own your domain until the end of the subscription period after you cancel. \xa0\n\n        Click to cancel your domain\n    \n\n\n        Choose domain to cancel\n      \n\nIn this article learn more about:\nCanceling your domain Frequently asked questions (FAQs)Canceling your domainYou can cancel your domain at any time from your Wix account.\nGo to Premium Subscriptions\xa0in your Wix account. Click the\xa0More Actions icon\xa0\xa0next to the relevant domain. Click Cancel domain. Select Cancel auto renew and click Submit.FAQsClick a question below to learn more.Is there a trial period for domain purchases?Wix domain purchases are non-refun"", 'ount. Click the More Actions icon next to the relevant domain. Click Cancel domain. Select Cancel auto renew and click Submit.Business email\nGo to Premium Subscriptions in your Wix account. Click the More Actions icon  next to the relevant business email. Click Cancel subscription. Select the I still want to cancel checkbox and click Cancel mailbox.Premium App\nGo to Premium Subscriptions in your Wix account. Click the More Actions icon  next to the relevant app. Click Cancel App. Select Cancel auto renew and click Cancel now.Changed your mind?You can simply turn auto-renew back on again before the end of the subscription period.']",18.868483066558838
why are some people who fill out a form listed as subscribe and unsubscribe,"I don't know. The provided context only explains the process of enabling or disabling double opt-in on site forms, but it does not address why some people who fill out a form might be listed as both ""subscribe"" and ""unsubscribe"".","['d.\xa0 Click Settings.\xa0 Click the Enable double opt-in toggle:\n    \nEnabled: Anyone who submits the form or selects the subscriber checkbox receives an email to verify their subscription status. Once they have verified they become subscribers in your contact list. Disabled: Anyone who submits the form or selects the subscriber checkbox is automatically a subscriber in your contact list. They do not have to confirm their status.  \nSelect your form in the editor. Click Form Settings. Click the Settings tab. Click Subscriber Double Opt-In. Click the Enable double opt-in toggle.\xa0\n    \nEnabled: Anyone who submits the form or selects the subscriber checkbox receives an email to verify their subscription status. Once they have verified they become subscribers in your contact list. Disabled: Anyone w', ""the signup process. Learn more about setting contacts as membersSubscribersSubscribers are site visitors who have subscribed to your newsletter (e.g., through the\xa0Get Subscribers form). They are also any contact who has given you permission to send them marketing emails, newsletters, or updates from your site.You can manage your subscribers from the Contacts section of your site's dashboard. Learn more about managing subscribers"", ""us says Subscription Pending until they've verified their email.\n\nTo become a subscriber, all your visitor needs to do is click Confirm Subscription in the email. This removes the Subscription Pending label from your contact and adds them to your mailing list.\xa0\nEnabling double opt-in on your site formsYou can enable the double opt-in option on any site form. Head over to your form settings in the editor to get started.\xa0Notes:\nIf the toggle is grayed out, it means you haven't yet added a subscriber opt-in checkbox. This article will help you understand the differences between old and new Wix Forms.\xa0New FormsOld Forms\nSelect your form in the editor.\xa0 Click Edit Form.\xa0 Select the Subscribe field.\xa0 Click Settings.\xa0 Click the Enable double opt-in toggle:\n    \nEnabled: Anyone who submits the for""]",16.971954345703125
how can I update the payment method for my premium plan after being charged on the wrong credit card,"To update the payment method for your premium plan after being charged on the wrong credit card:

1. Go to Premium Subscriptions in your Wix account.
2. Click Update Payment Method under the relevant subscription.
3. Update your payment card details.
4. Click Submit.

Note: Once you have updated your card details, our system attempts to process the payment again.","["".To update your payment method:\nGo to Premium Subscriptions\xa0in your Wix account. Click Update Payment Methods at the top of the page.\nUpdate your payment card details.\nTip: You can re-enter your existing card details, as long as the card is still valid. Click\xa0Submit.\nNote: Once you have updated your card details, we'll verify your updated payment method with Razorpay."", 'or online payment service) is declined.To update your payment method: \nGo to Premium Subscriptions in your Wix account. Click Update Payment Method under the relevant subscription. Update your payment card details. Click Submit.\nNote: Once you have updated your payment details, our system attempts to process the payment again.Tips:\nYou can also update your payment method in the Payment Methods\xa0page in your Wix account. If you are updating your Wix account payment method, you can update it to a debit / credit card, or PayPal if that option is available in your region.', 'on of the Members Area. Click the relevant plan. Click Update Payment Method.\xa0\nClick Credit/Debit Cards\xa0to add a new credit/debit card or select a previously saved credit card from the drop-down. Enter the relevant details for the new credit/debit card. \nNote: The current credit/debit card details appear at the top to avoid confusion.\xa0 Click Submit.Notes:\nThis option is only available for active, online recurring subscriptions. Clients cannot update their payment method using the Wix Member apps, including the Spaces by Wix app or Wix Branded app.\xa0 Clients can only update their payment method to a credit card, not PayPal. Clients need to update the payment method on each subscription separately (changes to one subscription do not affect all subscriptions). Adding a new payment method throu']",18.60606837272644
how to remove an automatic discount code from a product in a Wix shop,I don't know. The provided context does not mention how to remove an automatic discount code from a product in a Wix shop.,"[""a promo code option so customers can enter coupon codes.You can remove this promo code if you don't use coupons on your site.To remove the promo code option:\nGo to your store's Cart Page:\n    \nWix Editor:\n        \nClick Pageson the left side of the Editor. Click Store Pages. Select the Cart.   Editor X:\n        \nClick the Pages icon  at the top bar of Editor X. Scroll down and select the Cart.     Click the Cart page element in the Editor. Click Settings. Click the Settings tab. Deselect the Promo code checkbox.\xa0Can I use automatic discounts for non-store items?Currently, you can apply automatic discounts to Wix Stores products and restaurant menu items sold via the new Wix Restaurants online ordering app. Learn more about applying automatic discounts to restaurant items."", 'utomatic discounts.Tip:Automatic discounts can only be applied to Wix Stores products, not Wix Bookings services.Step 1 | Create automatic discountsTo get started, go to Automatic Discounts on desktop and create your first discount. Learn how to create automatic discounts.\xa0Step 2 | Enable automatic discounts in the POS tabletNow that you have one or more automatic discounts set up, you can enable them so that customers visiting your brick and mortar store get discounts.To enable automatic discounts on POS:\nOpen the POS tablet. Tap the Menu icon\xa0\xa0at the bottom left. Tap\xa0Settings. Tap\xa0Automatic Discounts on the left menu.\xa0 Tap the Apply automatic discounts to POS sales toggle to enable it.Step 3 | (Optional) Removing a discount from a specific saleIn the previous step, you enabled automatic ', 'wn to view coupons with other statuses.Edit a coupon\nClick the More Actions\xa0icon \xa0next to the relevant coupon. Select Edit. Change the relevant information. Click Save.Copy coupon code\nHover on the relevant coupon. Click the Copy coupon code icon \xa0to copy the code to your clipboard.\xa0\nGo to your site in the\xa0Wix app. Tap\xa0Manage\xa0\xa0at the bottom. Tap Marketing Home Tap\xa0Coupons.\nChoose what you want to do:Create a $ Discount coupon (e.g. $10 off)\nTap Add a Coupon. Tap $ Discount. Enter the amount that will be taken off the price and tap Next. Enter the coupon code.\nNote: This is the code customers enter. Enter the name of the coupon.\nNote: Appears in the cart page and dashboard. Tap Next.\xa0 Choose which programs the coupon applies to:\n    \nAll programs: Apply the coupon to any program in your sto']",19.072574138641357
how to insert images in a slide,"To add an image to a slideshow, you need to hover over the relevant slide and click the Edit icon under the Slideshow items list, then in the edit panel, click on the ""Image"" option or upload your own image from your computer.","['ADI: Adding and Editing a Slideshow\nAdd a stunning slideshow to showcase images on your site. It can include your own images, free Wix images or stock images. You can also add text and a different button to each slide.\xa0Each slide in the slideshow is displayed one at a time:Step 1 | Add a slideshow:Adding a slideshowClik Add on the top bar.Click Section to Page.Choose a section that contains multiple images (like Services for example).Scroll through the different layouts to find one with the Slideshow label.\ufeff\ufeffStep 2 | Edit your slideshow:Editing a slideHover over the slideshow on your site and click Edit.Hover over the relevant slide and click the Edit icon \ufeff\ufeff under the Slideshow items list.In the edit panel, edit the text or replace the image.\xa0Click the \ufeff\ufeff icon to show or hide an element.\xa0', ""n show your images in a grid, a slider, or a more unique layout like Honeycomb or Freestyle.To add a gallery:\nGo to your editor. Click Add Elements \xa0on the left side of the editor. Click Gallery. Click a gallery type:\n    \nGrid Galleries: Choose one of these sleek, square-shaped galleries to let visitors see and browse all of your images at once. Slider Galleries: These galleries let visitors browse through slides with your images, similar to a presentation. More Galleries: Add a fun gallery to showcase your images in a unique way, with options like 3D Carousel, or Freestyle.   Click and drag the gallery onto the page.Step 2 | Adding images to your galleryOnce you've added your chosen gallery to your site, set it up by adding images. You can add free stock images with Wix and Unsplash, pur"", 'how Speed slider to adjust how fast your gallery slides. Play Button: Add a button to allow visitors to pause or play the slideshow. (This option is only available when you choose to enable Slide Automatically). Pause on hover: Enable the toggle to have the slideshow pause when a visitor hovers over a gallery item.\nTip: When you set your Slideshow to slide automatically, you have the option to display a Slideshow counter on your gallery from the Text tab in the Design Section.\n   Info bar size: Adds space for icons, title and description under the gallery.StripUse the Strip layout if you want to show multiple images in one column.\nSpacing: Choose how much space to have between the items in your gallery. Load more button: Choose to show or hide the Load more button. How many images load: (T']",21.255473375320435
how to remove preset social media icons and a statement from a program section in the Wix Editor,"To remove preset social media icons and a statement from a program section in the Wix Editor, follow these steps:

1. Go to your Product page or Online Programs page.
2. Click Pages & Menu on the left side of the editor.
3. Select Store Pages > Product Page.
4. Click the Product Page element on your page.
5. Click Settings.
6. Scroll down to the social media bar section and select ""Hide all social media icons"".
7. Alternatively, you can also show some or all social media icons by selecting that option and deselecting checkboxes next to icons you don't want to display.

For removing a statement from a program section:

1. Go to your site in the Wix app.
2. Tap Manage at the bottom.
3. Tap Online Programs.
4. Tap the More Actions icon next to the relevant program.
5. Tap Edit.
6. Tap Basic Info.
7. Click Edit Description and remove or edit the statement as needed.

Note: I couldn't find any information on removing a specific statement from the social media bar section, only hiding or showing social media icons.","['ageDisplaying social share icons makes it easy for customers to share products they love. Select the ones you want to display. \xa0Wix EditorStudio Editor\nGo to your editor. Go to your Product page:\n    \nClick Pages & Menu \xa0\xa0on the left side of the editor. Click Store Pages.\xa0 Click Product Page.   Click the Product Page element on your page. Click Settings. Click the Settings tab.\xa0 Scroll down to the social media bar section and select an option:\n    \nHide all social media icons: Click the Display share icons toggle to disable it. Show some or all social media icons:\xa0\n        \nClick the Display share icons toggle to enable it.\xa0 Deselect the checkboxes next to icons you do not want to display.\xa0    \nGo to your editor. Go to your Product page:\n    \nClick Pages \xa0on the left side of the editor. Cl', 'Wix Events Request: Customizing the Social Media Icons\nCurrently, it is not possible to customize the social icons that appear on your event.We are always working to update and improve our products, and your feedback is greatly appreciated.', ""age: Hover over it and click the Update icon .\xa0 Delete the image: Hover over the image and click the Delete icon .   Description: Update your program description or enter a new one. Instructors: Add instructors and assign them to your program.   Click\xa0Save.\xa0\nGo to your site in the Wix app. Tap\xa0Manage\xa0at the bottom. Tap Online Programs. Tap the More Actions icon \xa0next to the relevant program.\xa0 Tap Edit.\xa0 Tap Basic Info. Edit the following program info:\n    \nCover Image: Tap the Edit icon  to add or change your program's cover image. Program Name:\xa0Enter a new name or edit the existing one. Description:\xa0Change the description of what your program is about.\xa0\n        \nTap Edit Description. Enter what your program is about. Tap Done.   Categories: Allow members to discover your programs by categ""]",34.288097620010376
Connect my domain to external site,"To connect your domain to an external site, you need to assign the domain that is not currently assigned to a site. 

Click Assign below the domain you want to connect. 
Select the site you want to connect and click Next.

Note: If the site is currently connected to a different domain, choose an option: Redirect it to the primary domain or Replace the current primary domain, then Connect your new domain and disconnect the site's existing domain.","[' the main domain for your site and create a subdomain for your Link in Bio page to associate it with your brand. For instance, if ""www.example.com"" is your site\'s domain, you can create a subdomain like ""link-in-bio.example.com"" for your Link in Bio page.   Click Continue. Select your domain registrar from the Select your external registrar drop-down. If you can\'t find your domain registrar, select Other.\xa0 Follow the instructions to connect your domain for your specific domain registrar.\xa0 Click Done.\xa0What\'s next?Your domain is now connected. It may take up to an hour for visitors your site to be able to view your Link in Bio page through the new domain.\xa0FAQsClick a question below to learn more about connecting custom domains to your Link in Bio page.\xa0I connected my existing domain to Hopp,', 'e pop-up.\xa0FAQsWe are here to help with all your questions. Click a question below to learn more.What does it mean to point a domain to an external site?If your domain and site are not hosted by the same company, you can point your domain to your website to ensure they are connected. Pointing a Wix domain to an external site means you connect your Wix domain name to the web host server where your site files are located.What are DNS records? Domain Name System records tell your domain where to go to load your website. They are used to relate your website address to an IP address (the unique identifier for objects on the internet). DNS records help users connect their websites to the outside world.What are CNAME records?CNAME records are a type of DNS record and are used to relate content to ', ""ou're connecting is currently connected to a different domain, choose an option:\n    \nRedirect it to the primary domain: Redirect your new domain to the site's existing primary domain. \xa0 Replace the current primary domain: Connect your new domain and disconnect the site's existing domain.\xa0   Click Assign.Assign a domain that is not currently assigned to a site\nClick Assign below the domain you want to connect. \n Select the site you want to connect and click Next.\nNote: If the site is currently connected to a different domain, choose an option:\n    \nRedirect it to the primary domain: Redirect your new domain to the site's existing primary domain. \xa0 Replace the current primary domain: Connect your new domain and disconnect the site's existing domain.\xa0   Click Assign.Already purchased a domai""]",23.656537532806396
how to change search bar from tile to description,I don't know.,"['wing to set up your search bar:\n    \nEnter your own placeholder text in the text box.\xa0 Click the Enable quick search toggle to enable or disable this option. Quick search lets visitors see relevant results on the spot as they type their keywords.\xa0  Design the search bar\nSelect the Search Bar element on your page. Click the\xa0Design\xa0icon\xa0.\xa0 Click a tab at the top of the panel to choose which state you are customizing (Regular, Hover or Focus). Design the search bar using the following options:\n    \nFill Color & Opacity\xa0:\xa0Choose the background color of the bar and the search icon. Drag the sliders to set the opacity of each component. Border\xa0:\xa0Create a border for your bar. You can choose the border color, opacity, style and width. Corners\xa0:\xa0Change the corners of your bar. You can enter a value', 'xt font & color: Click the color box to select the text color, and click the text field to adjust its font,\xa0size, and formatting. Fill color & opacity: Click the color box to select the button color, and drag the slider to adjust its opacity.\nClick\xa0Pages\xa0\xa0on the left side of the editor. Click the Search Results page. Click the Search Results element on the page. Click\xa0Settings. Click the\xa0Design\xa0tab. Choose what you want to customize:Search barCustomize the search bar on the results page. The search bar allows visitors to quickly search for something else without having to scroll through the page.Select Search Bar, and customize the below options:\nBackground opacity & color:\xa0Click the color box to select the background color of the search bar, and drag the slider to increase or decrease the', 'der color, opacity, style and width. Corners\xa0:\xa0Change the corners of your bar. You can enter a value in px on specific corners, or click the link icon in the center to keep them all the same. Shadow\xa0:\xa0Click the\xa0Enable Shadow\xa0toggle to add a shadow to your bar. You can change the angle, distance and size of the shadow. You can also choose the color, opacity and blur. Text\xa0:\xa0Change the design of the placeholder text, including the font and color.  Adjust the layout of the search bar \nSelect the Search Bar element on your page. Click the\xa0Layouts\xa0icon\xa0.\xa0to adjust the layout of the search bar. First, choose a layout at the top.\xa0 Customize the layout using the available options:\n    \nIcon alignment:\xa0Choose whether to place the search icon to the left or right of the search bar.\xa0 Text alignment:\xa0']",17.808398723602295
I want to know how to add a full PDF to my portfolio site,"To display a full PDF on your portfolio site, follow these steps:

1. Go to your editor and click Add Apps on the left side of the editor.
2. Search for the PDF Viewer app in the search bar and click Add to Site.
3. Click App Market on the left side of the editor (this is an alternative step to searching for the app).
4. Search for the PDF Viewer app in the search bar and click Add to Site.
5. Once you've added the app, upload a PDF to the app by clicking Upload PDF.
6. Select a file from your media manager or click Upload Media to upload a new file. Note that files must be in PDF format.
7. Click Add to Page.

That's it! The full PDF should now be displayed on your portfolio site.","['edia Manager. Click Add to Page. Click Done.Displaying PDF files on your siteBy adding the\xa0PDF Viewer\xa0app, you can upload and display PDF documents directly on your site. Choose from a variety of display options and make the links inside your PDF accessible to all users.To display PDF files:\nClick Add Apps\xa0\xa0\xa0 on the left side of the editor. Type ""PDF Viewer"" in the search bar. Select\xa0PDF Viewer\xa0from the drop-down menu. Click\xa0Add to Site.\xa0If you have more than one site, you\'ll get an option to select the site you want to add it to. Click\xa0Add to Site.\xa0 \nTip: You can cut and paste the app to move it to another page on your site. Upload a PDF to the app. Customize the app\'s layout and design. Adjust the app\'s settings.Tip:Uploaded PDF files create their browser tab title based on the metadata ', ""the PDF Viewer app to your site for free from the Wix App Market.Wix EditorStudio Editor\nClick\xa0Add Apps \xa0\xa0on the left side of the editor. Search for the PDF Viewer app in the search bar. Click\xa0Add to Site.\nClick\xa0App Market\xa0\xa0on the left side of the editor. Search for the PDF Viewer app in the search bar. Click\xa0Add to Site.Tip:You can cut and paste the app to move it to another page on your site.Step 2 | Upload a PDF to the appOnce you've added the app to your site, you can start uploading your PDFs that you want to display on your site.To upload a PDF:\nClick the app in your editor. Click Upload PDF.\nClick Add File. Select a file from your media manager or click\xa0Upload Media\xa0to upload a new file. Note: Files must be in PDF format. Click Add to page.Step 3 | Customize the designIn order to cu"", 'cument button:\nGo to your editor. Click Add Elements \xa0on the left side of the editor. Click Button. Select a button under Document Buttons, or drag it the relevant location on your page. Click the button. Click Change File. Select a file. Click Choose File to connect it to your button. (Optional) Customize the button using the available options.Linking a document to an elementLink your element to a document of your choice. When your visitors click the element, a new browser tab opens with the document.\xa0To link a document to an element:\nClick the relevant element. Click the\xa0Link\xa0icon\xa0. Select the checkbox beside Document. Click Choose File. Click Upload Media and upload your document to the Media Manager. Click Add to Page. Click Done.Displaying PDF files on your siteBy adding the\xa0PDF Viewe']",32.134896993637085
how can we accept payments as a college council that is not a registered business,I don't know.,"[""tead.\xa0I have a partnership in the UK. What business registration number am I required to submit?Partnerships in the United Kingdom should supply a UTR number as their business registration number.\xa0I'm a sole proprietor in Italy. Which bank account type should I choose?Italian Sole proprietors can submit either a personal or a business bank account. They must also submit a codice fiscale.\xa0My NGO is an unregistered charity. Can I use Wix Payments?If your non-governmental organization doesn't have an EIN or any other company registration ID, it is not possible to create a business account.\xa0Wix does not support unregistered charities in compliance with our prohibited products and services. As an alternative, you can check other payment providers available in your region to see if they support "", 'arn How.\xa0\nYou can choose to limit a specific category to paying members.', ""ging your accountFor information on topics such as payout schedules, refunding a customer, chargeback disputes, and more, please contact Opn PaymentsConnecting Opn Payments\nGo to Accept Payments in your site's dashboard.\nTip: Check your business location at the top right. If incorrect, click the drop-down menu to change it. Click See More Payment Options. Click Connect next to Opn Payments.\nDepending on whether you are creating a new Opn account, or have an existing account, follow the instructions:Have an account\nEnter your\xa0Public key and Secret key Click Connect.Don't have an account\nClick Create Opn Payments account. Fill in the registration form. Wait for an email from Opn Payments to get your\xa0credentials. Return to the Accept Payments tab (repeat steps 1-4) and follow the steps under ""]",11.34339451789856
Why is VAT not included on my Wix bill in the UAE?,I don't know.,"['About VAT in UAE\nFrom\xa0October 18th, 2021, Wix.com started charging Value Added Tax (VAT) on our services to customers in the United Arab Emirates (UAE),\xa0in accordance with the Common VAT Agreement of the States of the Gulf Cooperation Council. You’ll see this tax added to your next renewal payment.If you’re a VAT-registered business in UAE, add your VAT number to your Wix account to get a tax exemption on your next payment.\xa0You can add your VAT number to your Wix account by updating your payment details. The exemption will apply from the next payment after that date.Updating your payment detailsUpdate your payment details in your Wix account by adding your\ufeff tax ID to get your tax exemption.To update your payment details:\nGo to Premium Subscriptions in your Wix account. Click the More Actio', 'o update your payment details:\nGo to Premium Subscriptions in your Wix account. Click the More Actions icon  next to the relevant subscription. Click Update payment method. Select the subscriptions you wish to update and click Next.\xa0 Click Edit Details. Re-enter your card details and add your VAT Number to the VAT ID field.\xa0 Click Update.\xa0FAQsClick a question below to learn more about tax in the UAE.What is a VAT ID?Value Added Tax ( VAT) is a tax on the consumption or use of goods and services. A VAT ID is a 15-digit tax ID issued to businesses and organizations resident in UAE.\xa0What happens if I do not have a tax identification number?If you do not have a tax identification number, Wix will charge and collect VAT on payments for subscriptions, applications and products.How does Wix deter', ' may be eligible for a tax exemption by adding their tax ID to their Wix account. If it is not possible to enter a VAT ID to receive an exemption, you will need to request a tax refund from your local tax authority.See more information about tax specific to your location\nGoods and Services Tax in Australia Tax in Canada VAT in Chile VAT in Europe VAT in Kazakhstan Sales and Service Tax in Malaysia VAT in Moldova Goods and Services Tax in Singapore VAT in South Korea VAT in Taiwan VAT in UAE VAT in Ukraine Sales Tax in the USNotes:\nFor site owners: Tax rates are charged according to the billing address added when making a purchase. These rates might vary. Please ensure your billing information is correct. Learn more about managing your payment methods for Wix services. For site collaborator']",16.48743987083435
i want to transfer my google workspace account from wix to myself,"I don't know. According to the context, transferring a Google Workspace business email from Wix to yourself (the account owner) is not supported, and you would need to contact Wix Customer Care for assistance. This process is irreversible, and once transferred, you cannot repurchase the business email through Wix.","['Request: Transferring Your Existing Google Workspace Billing to Wix\nCurrently, transferring your existing Google Workspace billing to Wix is not supported. Wix cannot accept Google transfer tokens.If you already have an account with Google Workspace or if your domain is already listed as an alias in Google Workspace, you will need to manage your account billing with Google.\xa0Note:You can connect your existing Google Workspace business email to Wix. Click here to learn how.\xa0We are always working to update and improve our products, and your feedback is greatly appreciated.', ""Google Workspace: FAQs\nFAQs: Google Workspace and your Wix accountClick on the arrows next to each FAQ to see the answers to these common questions.Can I transfer a Google Workspace business email from my Wix account to Google?Yes, you can transfer a Google Workspace business email from Wix to Google. This action disconnects the Workspace business email from your Wix account. To do so,\xa0contact Wix Customer Care\xa0for assistance. This is an irreversible action. Once transferred to Google, you cannot repurchase the business email through Wix.FAQs: Google WorkspaceClick on the questions below to be taken to Google Workspace help center to view answers.\nI'm having trouble logging in with my username and password I forgot my admin password. How can I access my account? How can I change a business"", ""Google Workspace: Accessing your Business Email Through Your Wix Account\nIf you purchased a Google Workspace business email through Wix, you can easily access and manage it from within your Wix account.Important:Once you have purchased and set up your business email, you must sign into your admin email account to accept the Google Workspace product agreement.To access your business email:\nGo to your Business Email page. Click Go to Gmail.\nNote: If you're already signed in to your google account, you are automatically taken to your inbox. Sign in to your business email:\xa0\n    \nClick Next. Enter your password.\xa0 Click Sign In.  Note:If you are signed in to another Google account, click the profile image or initial at the top right and select your account.Tip:You can also sign into your busines""]",18.09757971763611
how can I cancel my Premium or Studio subscription plan,"To cancel your Premium or Studio subscription plan, follow these steps:

1. Go to Premium Subscriptions in your Wix account.
2. Click ""Show More"" next to the relevant plan.
3. Click ""Cancel Plan"".
4. Click ""Cancel Now"" in the pop-up to confirm.

Note: Canceling your plan does not cancel it immediately. It will remain active until the end of the current subscription period, and at that time, the plan will not renew.","[' \xa0next to the relevant plan. Click Cancel Plan. Click Cancel Now to confirm.This does not cancel your plan immediately. Your plan will remain active until the end of the current subscription period. At that time, the plan will not renew.\xa0', 'r site.\n\n           Click to cancel your plan now  \n    \n\n\n         Choose plan to cancel \n      \n\nView step-by-step instructions\nGo to Premium Subscriptions. Click the Show More icon  next to the relevant plan. Click Cancel plan. Click Cancel Now in the pop-up to confirm.\nNote: This does not cancel your plan immediately, rather your plan simply does not renew at the end of the subscription period.', 'Reactivating a Canceled Premium or Studio Site Plan\nYou can reactivate a canceled site plan before the subscription ends by turning the auto renew back on. If the subscription has already ended, you can simply purchase a new plan.To reactivate your Premium or Studio plan:\nGo to Premium Subscriptions in your Wix account. Click Turn Auto Renew On under the relevant subscription.Note:Site plans canceled during the 14-day money back period are canceled immediately. This means that they cannot be reactivated by turning the auto renew back on. You can go ahead and upgrade the site again to purchase a new plan.']",15.434549808502197
i am unable to connect my email to my website,"It looks like you're having trouble connecting your email to your website. Based on the context, it seems that the issue might be related to your email provider not being listed in Wix's connection process. 

Try this:

1. Check if your email provider is listed when you sign up for Wix.
2. If not, click ""Other (provider not on the list)"" and proceed to get your email provider's MX records.

You'll need to contact your email provider and provide them with an email template to help you obtain the necessary DNS records.","['Troubleshooting Errors When Connecting Your Site to Google\nYou may sometimes run into technical issues when submitting your request to connect to Google. The steps in this article help you resolve the most common connection issues.In this article, learn how to:\nCheck that your email address is the correct one Make sure that you connected your domain Make sure your homepage is not password protected Check your Google Search Console account properties Add an exception to your browser\'s adblock extensions Check your cookie settings Click ""Allow"" in the Connect to Google permissions pop-up Clear your browser\'s cache and cookies Try a different browserCheck that your email address is the correct oneIf you have more than one Google account, make sure that the correct email is listed when you sig', 'p-down menu and check if your email provider is listed:\n    \nIf your email provider is listed: Select them from the list and click Start Connecting. You\'ve just added your provider\'s MX records and do not need to continue adding them in the next steps. \xa0 If your email provider is not listed: Click Other (provider not on the list) and proceed to the next step.\xa0  Get your email provider\'s MX records (and any other necessary DNS records).Click here for an email template to use when contacting your email provider:""Dear {name of email host (e.g., GoDaddy)},\n\nMy name is {your name} and I purchased an email account from you for the following domain: {your domain name (e.g., www.mystunningwebsite.com)}. I\'ve built a site on Wix.com and I\'m using their name servers. Please provide me with the requi', ""Troubleshooting: Unable to Find a Site in Your Account\nThere are a few reasons why you may be unable to find your site in your account. It may be that you used a different email address when first signing up, or that you have more than 1 account. Using our Account Email Locator, you can check which email address you used when creating your site.To check which email address you used:\nClick to go to the Account Email Locator. Enter your site's URL. Click Next.You'll find the email address associated with your account under Your Wix account email is:. If you know your password, click Log In, if not, click Reset Password.Unable to access the email address?If you've forgotten your password, and you're unable to access the email address provided by the Account Email Locator, you can use the acco""]",23.26039171218872
how to transfer a business email away from Wix,"To transfer a business email away from Wix, you can reassign the domain connected to your business email.","[""Request: Transferring Your Existing Email to Wix\nCurrently, it is not possible to transfer an existing email account to Wix, even if you've transferred the domain to Wix. Instead, you can connect your business email to Wix by adding DNS records (MX, A, CNAME and TXT records) provided by your email host in the Domains page of your Wix account.\xa0Tips:\nLearn how to connect your email service to a domain in your Wix account.\xa0 Learn how to purchase a Google Workspace business email from Wix.\xa0We are always working to update and improve our products, and your feedback is hugely appreciated."", 'ur business email out of Wix, you can only transfer it to Google Workspace. This action disconnects the Workspace business email from your Wix account.\xa0To do so,\xa0contact Wix Customer Care\xa0for assistance. This is an irreversible action. Once transferred to Google, you cannot repurchase the business email through Wix.', 'le. This action disconnects the Workspace business email from your Wix account. To do so, contact Wix Customer Care for assistance. This is an irreversible action. Once transferred to Google, you cannot repurchase the business email through Wix.Can I transfer a business email to another site in my own Wix account?Your business email is connected to your domain. Therefore, you can transfer your business email to another site in your Wix account by reassigning the domain connected to your business email.']",11.548205852508545
How can I find missing DNS records after migrating to a new website?,"I don't know. The context only talks about the process of flushing DNS and updating DNS records, but it doesn't provide any information on how to find missing DNS records after migration.","["" \xa0 Click the Value field and enter the following address: initial.wixdns.net\xa0\nClick Save, then Save Changes in the pop-up message.Next: It can take up to 48 hours for your domain's new DNS records to propagate and for your site to appear worldwide. Learn more about domain propagation.\xa0"", ""Flushing Your DNS\nYour computer's operating system regularly caches the DNS lookup of domain names, saving their IP addresses. When the IP address of your domain changes (e.g., when you connect your domain to Wix), your operating system may look up the cached data it has stored instead of the new DNS settings resulting in your site failing to load.If it's been at least 48 hours since you updated your domain's DNS settings correctly, and you can't see your site live on your domain, try clearing your browser's cache. If you're still unable to view your site on your domain, follow the directions below to flush your DNS.\xa0Tip:You can\xa0perform a DNS lookup to make sure the correct DNS records for your domain are resolving to servers around the world.\xa0Windows Mac Windows XP, 2000, and Vista\nClick "", 'difficulties, click here.\xa0Note:It may take up to 48 hours for DNS changes to update. Learn more about domain propagation.\xa0']",11.90799617767334
how can I reduce the price of a one-time payment plan,"I don't know. The context provided does not mention how to reduce the price of a one-time payment plan. It only mentions creating and managing pricing plans, including connecting benefits and saving changes.","['so choose a new payment frequency, length of plan etc using the available options. Learn more about creating a one-time payment plan or creating a recurring payment plan.\xa0 Update the plan policy: Click add or edit next to Add a policy under Settings.\xa0   Click Save.', 'Pricing Plans: Creating a One-Time Payment Plan\nThe Pricing Plans app offers several different types of plans and packages. These include: One-time payment plans, Free plans, and recurring payment plans.\xa0One-time payment plans are a great way to give your regular clients access to exclusive premium services and content, or hidden site pages.\xa0Before you begin:\nMake sure to add the Pricing Plans app to your site.\xa0 To sell plans on your site, you must connect a payment provider. Wix offers a variety of providers for you to choose from. You can have up to 75 active pricing plans at the same time. Once you create a pricing plan, it is not currently possible to delete it. You can vote for this feature here. You can, however, hide or archive your plans as necessary to create new plans.\xa0Step 1 | C', 'an:\n    \nTap\xa0+ Create New Plan. Create the relevant plan:\xa0\n        \nFree plans:\xa0Offer your clients a free membership plan.\xa0 One-time payment:\xa0Create a one-time plan that lasts for the time period you choose.\xa0 Recurring payment:\xa0Create a subscription plan with recurring payments and select how often the plan and payment reoccurs: weekly, monthly, or yearly.\xa0   Connect benefits for this plan:\n        \nTap + Connect Programs under Online Programs. Select the checkbox next to the program(s) you want to include in the pricing plan. Tap Done.   Tap Save.  Note: You can have up to 75 active pricing plans at the same time.Tip:Once you create a pricing plan, it is not currently possible to delete it. You can\xa0vote for this feature here. You can, however,\xa0hide or archive your plans as necessary\xa0to cr']",14.773409843444824
how do I delete a page from my Wix site when delete is not an option,I don't know.,"[' page.\xa0 Click Delete.\xa0 Click Delete Page.\nGo to your site in the Wix app. Tap\xa0Manage\xa0\xa0at the bottom. Tap\xa0Manage Apps. Scroll down to Forum and tap Remove. Tap Remove again.', ""Wix Editor: Deleting a Page\nYou can delete pages you no longer need from your Editor's Pages & Menu tab. This includes both static and dynamic pages.\xa0Tips:\nTo delete pages associated with Wix apps (e.g. Wix Stores, Wix Events, Wix Blog), you must delete the apps themselves to remove their pages. If you want to delete your home page, you must first set another page as the home page. Then you can delete the page that was used as your home page.\xa0To delete a page from your site:\nClick\xa0Pages & Menu  on the left side of the Editor. (Dynamic pages only) Click Dynamic Pages.\xa0 Hover over the relevant page and click the More Actions icon .\xa0 Click Delete.\nClick Delete to confirm.\xa0 Publish your site to make the changes go live.\xa0\n"", 'ADI: Deleting Wix Stores\nDeleting Wix Stores deletes all of the elements of your store, including all of the galleries, the cart icon at the top of your page and all the hidden pages in your store.To delete Wix Stores from your siteClick the Pages menu on the top bar inside ADI.Click the Shop page.Click the Settings icon.Click Delete.Click Delete in the confirmation window.\xa0 \xa0 \ufeff\ufeffTo delete your Wix Stores when it is set as your home pageAdd a new page.\xa0Click the Pages menu on the top bar.\xa0Click the Settings icon next to the new page you have created.\xa0Click Set as Homepage.\xa0Click the Settings icon next to Shop.\xa0Click Delete.\xa0Tip:If your Shop page is the home page of your site, you need to set a different page of your site as your home page.']",11.53718614578247
How do I make an image smaller on my mobile site when I can't crop it?,"To make an image smaller on your mobile site when you can't crop it, click the ""Reset Image Proportions"" option.","["" options:\n    \nReset Image Proportions: Reset the images original proportions. Image Behaviors: Decide how your visitors interact with images.\n        \nWhen an image is clicked:\xa0\n\nNothing happens:\xa0The image is not clickable, nothing happens when it's clicked. A link opens:\xa0The image acts as a button and can be linked to a page, anchor on your site, an external URL, and more.\xa0 It opens in a popup:\xa0The image opens in a pop-up window. It can be magnified: The image is magnified when it's clicked.\n\n      Crop my imagePresent a new version of your image in your mobile view by manually cropping your image or use a shape crop.\nClick the\xa0Crop\xa0icon\xa0. \xa0\xa0 Drag the slider to zoom the image in and out. Choose how you want to crop your image:\n    \nMove the image to display the part you want. Click the S"", 'hoose how you want to crop your image:\n    \nMove the image to display the part you want. Click the Shape Crop icon \xa0and choose a shape.   Click Apply.\nAdd an image animation Add a fun animation to your image on mobile to liven up your site.\xa0\nClick the Animation icon . Select the animation you want to apply. Click Customize to adjust your animation.\n\nImages added from the mobile editorChoose from a variety of image types to add to your site, directly from the mobile editor. Images added inside the mobile editor are fully customizable. Adjust your image settings and design, add filters, crop and even add animations.What types of images can I add in the mobile editor?\nMy Uploads:\xa0Upload your own image files to use on your site. Image Collections:\xa0Choose from hundreds of stock pictures and ill', "" be magnified:\xa0The cursor becomes a magnifying glass when a visitor hovers over the image. Clicking the image magnifies it.\n\n\n    Add an image frame designChange your image's design and customize how your image frame looks on your mobile site.\nClick the Design icon . Select a preset design or click\xa0Customize Design. Choose what to do:\xa0\n    \nSelect a preset design. Click Customize Design to customize the following settings:\n        \nFill Color & Opacity: Select the image's colors and opacity. Border: Design your image's borders. Corners: Round your image's corners. Shadow: Design a shadow for your image.\n    Crop my imagePresent a new version of your image in your mobile view by manually cropping your image or use a shape crop.\nClick the\xa0Crop\xa0icon\xa0. \xa0\xa0 Drag the slider to zoom the image in a""]",17.39037322998047
how to switch my domain connection to pointing from Wix to another host,"To switch your domain connection from ""Redirect"" (pointing) to another host, follow these steps:

1. Sign in to the Wix account where your domain is currently connected.
2. Go to Domains in the account.
3. Select the site you want to connect your domain to and click Continue.
4. Enter your domain name and click Let's Go.
5. Click Yes, I own this domain under the search field.
6. Choose ""Finish connecting your domain via pointing"" from the dropdown options.

Note that the context does not provide a detailed step-by-step guide for switching a domain connection to pointing from Wix to another host.","[""nt your domain is currently connected to.\xa0Video tutorial\nStep 1 | Remove the domain from your Wix accountLog in to the Wix account where your domain is currently located, copy the DNS records, and remove the domain from the account. This will allow you to add the domain in the other Wix account where you want it connected.\xa0To remove a domain from your account:\nSign in to the Wix account where your domain is currently added.\xa0 Go to Domains\xa0in the\xa0account. \nNote: If you have more than one domain in your account, scroll to the relevant domain. Copy your domain's DNS records.\nNote: If your domain is connected by pointing, skip ahead to step 4.Show me how\nClick the Domain Actions icon  on the right and select Manage DNS records.\n Copy the details of your DNS records and paste them into a separa"", "" to a different domain, choose an option:\n    \nRedirect it to the primary domain: Redirect your domain to the site's primary domain that is already connected. \xa0 Replace the current primary domain: Connect your domain and disconnect the site's current domain.\xa0   Click Assign.\nLearn more about redirecting domains to a primary domain.If you haven't added a domain to your Wix account:First add a domain using one of the following methods:\nPurchase a domain from Wix Connect a domain purchased elsewhere to Wix Transfer a domain to Wix Transfer a domain from another Wix account"", ""\xa0 Click Remove Domain to confirm.Step 2 | Add the domain to another Wix accountSign in to the Wix account where you want the domain to be connected. You can use an incognito window to sign in if you want to remain signed in to both accounts at the same time. Then add the domain, choose an upgraded site to connect and set up the connection.\xa0To add the domain to a different Wix account:\nSign in to the Wix account you're adding the domain within. Go to Domains\xa0in the\xa0account. Click\xa0Add an Existing Domain and select\xa0Connect a domain you already own.\nSelect the site you want to connect your domain to and click Continue. Enter your domain name and click Let's Go. Click Yes, I own this domain under the search field.\xa0 Finish connecting your domain via name servers or pointing:\xa0\n    \nName servers: ""]",26.118759632110596
How can I upgrade my Wix plan?,"To upgrade your Wix plan, go to Premium Subscriptions in your Wix account, click the ""More"" button, and then click on ""View Plans"". This will allow you to select a new plan with more features.","['Upgrading an Existing Plan\nYou can upgrade your existing Premium plan or Studio plan to a plan with more features. You can also change your billing cycle by upgrading to a plan with a longer subscription period, which offers great savings over a monthly plan.In this article, learn more about:\nUpgrading your plan Receiving credit from your current plan Frequently asked questions (FAQs)Upgrading your planYou can upgrade your plan at any time. The upgrade takes effect immediately when you change your plan or billing cycle. If you upgrade before your next renewal date, you will receive a credit for the remaining time on your current plan. See the section below for more information on how this credit works.To upgrade your plan:\nGo to Premium Subscriptions in your Wix account. Click the More Act', '\n\n        Click to view your upgrade options\n    \n\n\n        View Plans\n      \n\nTip:You can transfer a site plan from one site to another, or transfer a site together with a site plan to another Wix account.', 'sign a plan to another site in your Wix account. Learn more about upgrading your site.']",11.551426649093628
What are the refund policies for Wix Premium or Studio plans?,"The 14-day money-back guarantee is in place for new Premium or Studio site plans, allowing eligible customers to receive a full refund if they cancel within the first 14 days of purchasing it.","[""Requesting a Refund for a Premium or Studio Plan\nWix offers a 14-day, money-back guarantee for new Premium or Studio site plans.\xa0If you purchased your site plan within the last 14 days, you're eligible for a full refund.\xa0Eligibility for a refundThe 14-day refund policy only applies to new Premium or Studio plans. The refund policy does not apply if:\nYou are requesting a refund for a plan renewal. You are requesting a refund for the upgrade of an existing plan.If you do not meet the requirements for the 14-day refund policy, but you believe you still deserve a refund, contact us and we'll review your request.\xa0Request process for a refundCancel your site plan within the first 14 days of purchasing it to receive a full refund. There's no need to submit a request, simply click the button below"", ""t refund policies are in place?If you've added a storage plan to your site, you are eligible to receive a refund\xa0within your 14-day free trial (i.e. your first 14 days of having the plan). To get the refund, cancel your plan from\xa0Subscriptions\xa0in your Wix account.After your 14-day trial has elapsed, the additional upgraded storage will not be refundable. You can, however, cancel its renewal.If you've upgraded your site, a 14-day trial period also applies. Learn more about requesting a refund for a plan.Are there different storage allowances for Wix Partners?Free Wix Partner sites include 10GB of storage space until you upgrade your site.Are there different storage allowances for Wix Studio?Free Wix Studio sites include 10GB of storage space until you upgrade your site."", 'Refund Policy for Wix Domains\nWix domain purchases are separate from Premium or Studio site plan purchases, and therefore do not have a 14-day money-back guarantee.\xa0If you feel that you deserve a refund, see further information about refunds. Alternatively, you can contact Customer Care to tell us why and we will review your request.Note:If you no longer wish to keep the domain you purchased, you can cancel your subscription by turning off the auto renewal process. The domain will expire on the next renewal date.\xa0']",17.92996096611023
I have reduced the number of business email users and need to update my billing for the yearly email subscription.,"To update your billing for the yearly email subscription after reducing the number of business email users:

1. Go to Business Email in your Wix account.
2. Click Manage at Google beside the relevant subscription.
3. Sign in to your Google Workspace account.
4. From the Admin console menu, go to Directory, then Users.
5. Click Remove user or Delete user for the remaining user(s) you are keeping.

This should update your billing for the yearly email subscription.","['check the status of your business email.\xa0 Click Renew Subscription if prompted to renew subscription.Updating your payment information\nGo to your Business Email page to check the status of your business email. Go to Payment Methods if prompted to update your payment method.3. \xa0Click Actions.4. \xa0Click Update.5. \xa0Click Next.6. \xa0Update your card details.7. \xa0Click Update.', ""Google Workspace: Reducing Your Yearly Business Email Users\nIf you have multiple Google Workspace business emails on a yearly subscription and would like to reduce your subscription by canceling (removing) one or more business email, follow the steps below.Important:These instructions are for reducing a yearly subscription only. Learn more about reducing your business email users if you have a monthly subscription.\xa0Step 1| Delete the user's business email\nGo to Business email in your Wix account.\xa0 Click Manage at Google beside the relevant subscription. Sign in to your Google Workspace account. From the Admin console menu, go to\xa0Directory, then\xa0Users. Click Remove user or Delete user for the user you want to remove. \nNote: Depending on your Google account setup, you might need to confirm t"", ""Google Workspace: Reducing Your Monthly Business Email Users\nYou can always reduce the number of business email users in your monthly Google Workspace subscription. First, delete the relevant user(s) from your Google Workspace account. Then, you can remove the user(s) from the subscription. \xa0Before you begin:\nHave a yearly\xa0business email subscription? Learn how to reduce yearly business email subscription users.\xa0 Subscriptions with outstanding invoices cannot be reduced. Make sure you do not have any outstanding or unpaid invoices for your Google Workspace email subscription. If you need to cancel your primary Workspace subscription, you can cancel your auto-renewal.\xa0Step 1 | Delete the user's business emailTo get started, select the relevant user(s) and delete them from your Google Worksp""]",21.66905665397644
Can I migrate a site from the Studio Editor to the Wix Editor?,"No, if your site was originally created using the Wix Editor, it is not possible to migrate it to the Studio Editor.","['Wix Editor: Rebuilding Your Site in the Studio Editor\nIf your site was originally created using the Wix Editor, it is not possible to migrate it to the Studio Editor. In order to take advantage of the new features and functionality, please rebuild your site in the Studio Editor.\xa0', ""Studio Editor Request: Switching to Wix Editor\nIf you've started creating a site in the Studio Editor, it is not possible to switch to the Wix Editor.\xa0We are always working to update and improve our products, and your feedback is greatly appreciated."", ""Wix Studio FAQs: Using the Wix Editor\nAs a Wix Studio user, you can choose to build a site on our brand new Studio Editor or, if you prefer, you can stick with our Wix Editor.\xa0FAQsBelow are some of the most common questions we've received from Wix Studio users about the Wix Editor.\xa0Can I move my sites between Wix Studio and the Wix Editor?It is not possible to move sites you have created in the Studio Editor to the classic Wix Editor. Likewise, classic Wix Editor sites in your account cannot be moved to the Studio Editor.I'm a professional/Partner, but I like using the classic Wix Editor. Can I continue building sites on it?Yes, once you switch to Wix Studio you can choose to build in the Wix Studio Editor, Editor X or the classic Wix Editor. There are some exclusive features that apply on""]",3.5967628955841064
I would like a refund on my domain purchase. I do not want this domain. I want it removed from my account and a refund issued.,"Since your question is asking for a refund on a domain purchase, according to the provided context, Wix domains have no 14-day money back guarantee. However, you can contact Customer Care to review your request for a refund. They will assess whether a refund can be issued based on their policies and procedures.","[""site to be made public, you can add a\xa0Coming Soon (landing page)\xa0page and hide the rest of your site.Does the refund policy apply to domains and business emails?No, Wix domain purchases are separate from plan purchases. Domain purchases do not have a 14-day money back guarantee. If you feel that you deserve a refund, contact us and we'll review your request.Note: If you no longer wish to keep the domain you purchased, you can cancel your subscription by\xa0turning off the auto renewal process. The domain will expire on the next renewal date.\xa0I've canceled my site plan, but it is still active. Why is this? In this case, you may have canceled beyond the 14-day money back period. If you've canceled within the first 14 days, the site plan and its benefits are immediately deactivated. \nIf you canc"", 'Refund Policy for Wix Domains\nWix domain purchases are separate from Premium or Studio site plan purchases, and therefore do not have a 14-day money-back guarantee.\xa0If you feel that you deserve a refund, see further information about refunds. Alternatively, you can contact Customer Care to tell us why and we will review your request.Note:If you no longer wish to keep the domain you purchased, you can cancel your subscription by turning off the auto renewal process. The domain will expire on the next renewal date.\xa0', ""ubmit Payment.\nNote: Retrieving your domain can take up to 7 days to complete. We'll notify you of any progress via the email associated with your Wix account.\xa0Pending DeleteOnce a domain enters the Pending Delete period, you can no longer retrieve it by extending your subscription. You will need to wait until the domain becomes publicly available again, which happens 5 -10 days after entering the Pending Delete period.Available to AllThe domain becomes available for anyone to purchase. You can go ahead and try to purchase it, but you do not hold any claims over it and it's possible for someone else to purchase it first.TipLearn how to renew a domain which was canceled due to the renewal payment failing.""]",20.036903858184814
i wish to cancel a plan,"To cancel a plan, follow these steps:

1. Go to Pricing Plans in your site's dashboard.
2. Find the relevant plan next to it.
3. Click Cancel Plan.
4. Confirm by clicking ""Cancel Now"" in the pop-up window.","[' \xa0next to the relevant plan. Click Cancel Plan. Click Cancel Now to confirm.This does not cancel your plan immediately. Your plan will remain active until the end of the current subscription period. At that time, the plan will not renew.\xa0', 'r site.\n\n           Click to cancel your plan now  \n    \n\n\n         Choose plan to cancel \n      \n\nView step-by-step instructions\nGo to Premium Subscriptions. Click the Show More icon  next to the relevant plan. Click Cancel plan. Click Cancel Now in the pop-up to confirm.\nNote: This does not cancel your plan immediately, rather your plan simply does not renew at the end of the subscription period.', 'refund.\xa0Tip:You can undo cancelations for plans with the ""Pending cancelation"" status. If you undo the cancelation, the status of the plan returns to ""Active"".\xa0Allowing clients to cancel plansYou can allow clients to cancel a plan themselves through their private Members Area on your site.\xa0Before you begin:\nMake sure to add a Members Area to your site.\xa0 Add a My Subscriptions page to your Member\'s Area.To allow clients to cancel a plan themselves:\nGo to Pricing Plans in your site\'s dashboard. Create a new plan or click to edit an existing one. Scroll down to Settings. Enable the Allow Plan Cancellation toggle. Click Save to save the plan. Repeat steps 3 - 5 for any other plans for which you want to enable cancellation.Plans canceled through payment providersFailed payments automatically ca']",10.577451467514038
how to handle multiple bookings for same registrant,I don't know.,"['t not others?Yes, you can add individual booking policies to each service separately.', ""Wix Bookings: Allowing Clients to Book Multiple Participants for a Service\nSometimes clients want to reserve more than one spot when they book your services. For example, a couple may want to attend a workshop together. You can make it easier by allowing clients to book and pay for multiple spots at once.\xa0Note:Group bookings are only possible with classes and courses, but currently aren't available for appointments. \xa0If this is a feature you would like to see, you can vote for it here.\xa0To allow clients to book multiple participants for a service:\nGo to Booking Services in your site's dashboard. Create a new service or click an existing one to edit it. Scroll down and click the Expand icon \xa0next to Booking Preferences.\xa0 Click Edit Policy. Scroll down to Group Bookings.\xa0 Enter the Maximum nu"", 'edule or cancel a booking in the multi-service appointment for them.How are booking policies applied in multi-service appointments?If a more restrictive rule exists in one of the booking policies, it applies to the entire booking. For instance, if one of the services doesn\'t take late bookings, you won\'t be able to book any appointment in that booking.We recommend adding a general note about this in your default policy. Such as: ""Booking policies may change based on the selected services. Please contact us for more information when booking multi-service appointments.""Do multiple-service appointments use custom booking forms?Currently, multi-service appointments only use the default appointment form, even if a service has a custom booking form.Can the same staff member provide all services ']",11.859366416931152
how to remove one seat from Google Workspace and update billing,"To remove one seat from Google Workspace and update billing, follow these steps:

1. Delete the relevant user's business email by following the instructions in the provided context.
2. Confirm that you want to delete the user (you may need to do this depending on your Google account setup).
3. Remove the user from the subscription.

Note: You can always reduce the number of business email users in your monthly Google Workspace subscription, but currently, it is not possible to downgrade a Google Workspace subscription from one plan to another.","['Request: Downgrading a Google Workspace Subscription\nCurrently, it is not possible to downgrade a Google Workspace subscription from one plan to another.We are always working to update and improve our products, and your feedback is greatly appreciated.', ""'s business emailTo get started, select the relevant user(s) and delete them from your Google Workspace account. This makes the user(s) inactive, allowing you to reduce your subscription.\xa0Note:If the user has a Workspace Admin status, you need to revoke their Admin status before deleting their account.To delete a user:\nGo to Business Email\xa0in your Wix account. Click the More Actions \xa0icon next to the business email you want to remove. Click\xa0Manage at Google.\nNote: You may need to sign into your Google Workspace account if you are not already signed in. From the Google Admin console menu, go to\xa0Directory, then\xa0Users. Click Remove user or Delete user for the user you want to remove. \nNote: Depending on your Google account setup, you might need to confirm that you want to delete the user. Fol"", ""Google Workspace: Reducing Your Monthly Business Email Users\nYou can always reduce the number of business email users in your monthly Google Workspace subscription. First, delete the relevant user(s) from your Google Workspace account. Then, you can remove the user(s) from the subscription. \xa0Before you begin:\nHave a yearly\xa0business email subscription? Learn how to reduce yearly business email subscription users.\xa0 Subscriptions with outstanding invoices cannot be reduced. Make sure you do not have any outstanding or unpaid invoices for your Google Workspace email subscription. If you need to cancel your primary Workspace subscription, you can cancel your auto-renewal.\xa0Step 1 | Delete the user's business emailTo get started, select the relevant user(s) and delete them from your Google Worksp""]",21.188210487365723
How can I allow users to enter the amount they want to pay on my Wix website?,"To allow users to enter the amount they want to pay on your Wix website, follow these steps:

1. Go to your site in the Wix app.
2. Tap Manage at the bottom.
3. Tap Sales and select Orders.
4. Tap the relevant order.
5. Tap Collect Payment at the bottom.
6. Tap Mark as Paid.

In this step, you can choose to ""Mark [amount] as Paid"" with either charging the full amount or partially charging the client by entering a custom amount in the provided field.","['Collect Payment\xa0drop-down. Click Mark as Paid. Choose what you want to do:\n    \nMark [amount] as Paid: Charge the full amount. Mark a custom amount as paid: Partially charge the client:\n        \nClick the checkbox and enter a custom amount. Click Mark [amount] as Paid to confirm.    Note:\xa0You can see if a client used a coupon or a gift card to pay for their order in the Payment info section.\nGo to your site in the Wix app. Tap Manage \xa0at the bottom. Tap Sales and select Orders.\xa0 Tap the relevant order. Tap\xa0Collect Payment\xa0at the bottom. Tap Mark as Paid.\nTap Mark as Paid to confirm.\nGo to your site in the Wix Studio app. Tap Manage. Tap Sales and select Orders.\xa0 Tap the relevant order. Tap\xa0Collect Payment\xa0at the bottom. Tap Mark as Paid.\nTap Mark as Paid to confirm.Requesting payment via i', 'Wix App: Requesting a Payment Through Chat\nWith the Wix app, you can send payment requests and get paid on the go. Your customers receive the request through Wix Chat, where they can choose to pay using their credit card or PayPal account.\xa0Make sure you’re ready to accept payments through Wix Chat:Connect a\xa0payment method\xa0to your site.To request a payment through chat on the app:\nGo to your site in the Wix app. Tap\xa0Inbox\xa0\xa0at the bottom. Choose to request a payment from:\n    \nAn existing conversation: Tap the relevant conversation. New chat: Tap the New Chat icon \xa0at the top right.\xa0   (In the chat) Tap the Add icon  at the bottom. Tap Request payment. Enter the amount and write a short description for your request. Tap Send Request.\nNote: If your customer is not available on chat when you s', 'or. Search for the Pay Button app. Click\xa0Add to Site.Step 2 | Set up your payment methodChoose how you want to accept payments from visitors through your Pay Button. Wix offers a number of options to accept payments that vary by location.To connect a payment method to your Pay Button:\nClick the Pay Button in the editor.\xa0 Click Manage Payment Methods.\xa0 Click Connect next to the relevant payment methods (you can select multiple).\nTip: Check your business location at the top right. If incorrect, click the drop-down menu to change it.\n Follow the relevant steps to complete the set-up process:\n    \nAutomatically Connected: You can start accepting payments immediately, but in order to receive the funds, you must complete the set-up process below. Recommended Provider: To accept payments, you mus']",27.527299165725708
how to cancel a Wix account,"To cancel a Wix account, follow these steps:

Step 1 | Remove all plans and premium services from your account
In order to close a Wix account, the account must have no active services or subscriptions associated with it. If you have active services, you'll need to cancel your subscriptions and wait for them to count.

Since you didn't provide more specific information on what plans and premium services are active in your account, I recommend following the general steps:

1. Go to your Domains page.
2. Note: If you have more than 1 domain in your account, scroll to the relevant domain.
3. Click the Show More icon and select Remove from Wix.
4. Click Remove Domain.

Once you've removed the domain(s) from your account, follow the steps to continue with the account closure process.

If you're not sure about what plans and premium services are active in your account or need more specific guidance, I recommend checking the ""Already using the free version?"" section of the article for additional information.","[""Removing a Domain in Order to Close Your Wix Account\nBefore you close your account, you'll need to make sure that there are no registered domains associated with the account. It is not possible to close a Wix account while it contains a registered domain. You can transfer the domain away from your Wix account, or turn off auto-renewal and wait until the domain expires, which cancels your ownership of the domain.Important:If you choose to cancel your Wix domain subscription (turn off auto-renewal) in order to close your account, you must wait until the domain expires (i.e. you have turned off auto-renewal and the domain is past the\xa0redemption period\xa0and no longer registered). Only then can you close your account. This process can take up to 80 days.\xa0We recommend setting a reminder in your c"", ""Closing Your Wix Account\nYou can close your Wix account if you're sure you're no longer going to need it. Closing your account is not the same as canceling a subscription plan.\xa0If you wish to retain access to your site but cancel your plan, you can do so and continue to use the free version of your site.Already using the free version?This article covers all the steps required to close a Wix account with an upgrade plan or other premium subscriptions. If you do not have any premium services in your account, skip directly to step 3.Step 1 | Remove all plans and premium services from your accountIn order to close a Wix account, the account must have no active services or subscriptions associated with it. If you have active services, you'll need to cancel your subscriptions and wait for them t"", ""count. Click the Show More icon  next to the relevant domain. Click Cancel Domain. Select Cancel auto renew and click Submit.Learn more about about what happens if you cancel a domain.Removing a domain purchased from another hostIf you purchased your domain from another domain host, you can remove it from the Domains section in your Wix account. The DNS will no longer be managed by Wix and you can manage it at the domain host you purchased it from.Show me how\nGo to your Domains page.\nNote: If you have more than 1 domain in your account, scroll to the relevant domain.\xa0 Click the Show More icon \xa0and select Remove from Wix.\n Click Remove Domain.Next Steps:Once you've removed the domain from your account, follow the steps to continue with the account closure process.Frequently Asked QuestionsW""]",35.55594611167908
How can I change the entire page to show a family setting in Wix Editor?,"I don't know. The provided context only covers setting a specific page as the home page, managing Page Settings, and creating/editing menus, but does not mention changing the entire page's content or design to show a family setting.","[""Wix Editor: Changing Your Site's Home Page\nSet a page as the home page of your site. The home page acts like the main page on your site and it is the page that your website address leads to.To change your site's home page:\nClick Pages  on the left side of the Editor. Click the relevant page. Click the Show More icon . Click Set as Homepage.Note:If you no longer wish this page to be your home page, you have to select a new home page."", ""Wix Editor: Managing Your Page Settings\nGet extra control of your Wix site by using Page Settings. This is the engine-room of your website; allowing you to decide how site visitors and search engines view your pages.\xa0From Page Settings, you can manage your Search Engine Optimization (SEO), allow VIPs access to your private pages, control Social Share settings for your social media accounts...and much more.How do I access my page settings?\nGo to your editor. Click Pages & Menu  the left side of the editor. Click the More Actions  icon on the page you want to work on. Click Settings. Click the desired tab at the top of the Page Settings menu.\xa0Your Page Settings are organized under several tabs. Learn what you can do under each tab below.Page Info tabManage your page's general settings from t"", ' more discoverable.\xa0Wix EditorStudio Editor\nCreate a new menu page:\n    \nGo to your editor. Click Pages & Menu\xa0\xa0on the left side of the editor. Click\xa0the Menu page. Click your menu on the page. Click Choose Menus. Click +Add Menu Page to create a new page for your menu.   Edit the new menu page:\n    \nClick your menu on the new page. Click Choose Menus. Select\xa0Only specific menus Select the checkboxes next to the menus you want to display on this page. Click Pages & Menu\xa0\xa0on the left side of the editor to rename the new menu page.  \nCreate a new menu page:\n    \nGo to your editor. Click\xa0Pages\xa0\xa0on the left side of the editor. Click the\xa0Menu page. Click your menu on the page. Click Choose Menus. Click +Add Menu Page to create a new page for your menu.   Edit the new menu page:\n    \nClick your ']",21.037935972213745
I would like to cancel my premium membership and get a refund,"To cancel your plan and receive a refund, go to Premium Subscriptions in your Wix account. Click the More Actions icon next to the relevant plan. Click Cancel plan. Click Cancel Now in the pop-up to confirm.","['refund.\xa0Tip:You can undo cancelations for plans with the ""Pending cancelation"" status. If you undo the cancelation, the status of the plan returns to ""Active"".\xa0Allowing clients to cancel plansYou can allow clients to cancel a plan themselves through their private Members Area on your site.\xa0Before you begin:\nMake sure to add a Members Area to your site.\xa0 Add a My Subscriptions page to your Member\'s Area.To allow clients to cancel a plan themselves:\nGo to Pricing Plans in your site\'s dashboard. Create a new plan or click to edit an existing one. Scroll down to Settings. Enable the Allow Plan Cancellation toggle. Click Save to save the plan. Repeat steps 3 - 5 for any other plans for which you want to enable cancellation.Plans canceled through payment providersFailed payments automatically ca', 'r site.\n\n           Click to cancel your plan now  \n    \n\n\n         Choose plan to cancel \n      \n\nView step-by-step instructions\nGo to Premium Subscriptions. Click the Show More icon  next to the relevant plan. Click Cancel plan. Click Cancel Now in the pop-up to confirm.\nNote: This does not cancel your plan immediately, rather your plan simply does not renew at the end of the subscription period.', 'ount. Click the More Actions icon next to the relevant domain. Click Cancel domain. Select Cancel auto renew and click Submit.Business email\nGo to Premium Subscriptions in your Wix account. Click the More Actions icon  next to the relevant business email. Click Cancel subscription. Select the I still want to cancel checkbox and click Cancel mailbox.Premium App\nGo to Premium Subscriptions in your Wix account. Click the More Actions icon  next to the relevant app. Click Cancel App. Select Cancel auto renew and click Cancel now.Changed your mind?You can simply turn auto-renew back on again before the end of the subscription period.']",13.453595876693726
how to see my website ip address,"To view your website's IP address, follow these steps:

1. Go to Reports in your site's dashboard.
2. Click the relevant traffic report.
3. In Table view, click Select columns.
4. Scroll down and select the IP address checkbox.

That's it! You should now be able to see your website's IP address in the traffic report.","[""Request: Viewing a Site Visitor's IP Address in Wix Analytics Reports\nWe are pleased to announce that you can now view by IP address in Wix Analytics traffic reports. Access this metric from Table view in any traffic report. Learn more about traffic reports.To view a report by IP address:\nGo to Reports in your site's dashboard. Click the relevant traffic report. In Table view, click Select columns. Scroll down and select the IP address checkbox."", ""g. You'll need to contact your domain host to reset your records.\xa0 Hover over the A record that has your domain name in the Host Name field and click Edit.\nNote: Click + Add Record in the A (Host) section if you need to add the A record. \xa0 Click the Value field and enter the following IP address: 185.230.63.107\nNote: Leave the Host name field blank.\xa0\nClick Save, then Save Changes in the pop-up message.Step 2 | Reset your default CNAME recordsFrom the same Manage DNS Records page as the previous step:\xa0\nHover over the CNAME record that has www. before your domain name and click Edit.\nNote: Click + Add Record in this section if you need to add the CNAME record.\xa0 Type www in the Host name field. \xa0 Click the Value field and enter the following address: initial.wixdns.net\xa0\nClick Save, then Save "", '\nGo to your enterprise dashboard. Hover over\xa0Security\xa0in the left sidebar. Select IP Allowlisting. Click Create Rule. Enter a name for the rule. Click the Add URLs drop-down.\nSelect the URLs on your account that you want to include. Enter an IP address under Allowed IP addresses.\xa0 (Optional) Add a description to help you remember what the IP address is for. Click Add. Repeat steps 7-10 for all of the IP addresses that you want to add. Click Create.Editing an IP Allowlisting ruleYou can edit an IP Allowlisting rule in the Settings section of your enterprise dashboard.\xa0To edit a rule:\nGo to your enterprise dashboard. Hover over\xa0Security\xa0in the left sidebar. Select IP Allowlisting. Hover over the rule that you want to update. Click Edit.\nMake your changes to the rule. Click Save.Deleting an I']",21.547899961471558
how to add more static pages to a Wix website,I don't know.,"['Wix Editor: Creating a Multi-Page Site\nYou can add up to 100 static pages to your Wix site, however, keep in mind that sites with a large amount of pages may take longer to load and may also affect the loading time and performance.\xa0Follow the guidelines below to keep your content-heavy site loading fast and performing at its best:\nUse dynamic pages Add a blog Display your media in galleriesTip:The 100 page limit does not apply to dynamic pages, such as product pages, blog posts, and pages connected to your CMS (Content Management System).Use dynamic pagesDynamic pages let you create and design one page layout that can be used over and over again, each time displaying a different item, content or image stored in a database collection.Dynamic pages also allow you to easily update the look an', ""Static vs. Dynamic Sites\nBy default, Wix sites are static. You control the content that appears on your live site by editing the elements (e.g. text, images, buttons) that appear in your Editor.\xa0Tip:Wix sites have a limit of 100 static pages. So dynamic pages are a handy solution to this limitation. Learn how\xa0dynamic pages can help you create a site with unlimited content.You can add the CMS (Content Management System) to your site to create dynamic pages and dynamic elements (e.g. galleries, repeaters, tables). Dynamic pages and elements allow you to easily manage and update your site's content without needing to edit each page and element individually. They get their content from collections you store in the CMS separately from your Editor.\xa0Dynamic pages and elements maintain the same la"", ""ustomize these pages and link between them.\xa0Wix EditorStudio Editor\nGo to your editor. Click\xa0CMS\xa0\xa0on the left side of the editor. Click Wix App Collections.\nNote: If you don't see Wix App Collections, make sure you've enabled them.\xa0 Hover over Posts under Blog and click the More Actions icon .\xa0 Select Add dynamic page.\xa0\nSelect Item page and click Add to Site.\xa0 Click + Add dynamic pages.\xa0 Click the Choose a collection drop-down and select your Posts Wix app collection. Select List page and click Add to Site. \xa0\nGo to your editor. Click\xa0CMS\xa0\xa0on the left side of the editor. Click Wix App Collections.\nNote: If you don't see Wix App Collections, make sure you've enabled them.\xa0 Hover over Posts under Blog and click the More Actions icon .\xa0 Select Add dynamic page.\xa0\nSelect Item page and click Add ""]",16.450740098953247
is it possible to have AI design my site even though I'm also working on a design? can it be done non-destructively?,"Yes, it is possible to have AI design your site while you're also working on a design. In fact, the options provided in the context suggest that this is a viable option.

You can generate a new theme and layout using the same brief for your site, which means that the AI will create a new design based on your input, but it won't overwrite or destroy your existing design work. Instead, you'll have the ability to review and edit the generated design before deciding whether to use it as is, tweak it further, or regenerate a new design.

This way, you can collaborate with the AI tool while still maintaining control over your own creative vision.","[""question without answering. End chat & continue: Exit the AI chat completely. Answer: Enter the details into the field.   Click Go to Dashboard to finish setting up your site.Step 2 | Generate a site with AIAfter you've entered your site details, begin generating your site with AI. The look and content is based on your business information and needs, so you can create something personal to you and your business.Once your site has been generated, you can adjust it as needed to ensure it looks the way you want. Continue with the design, make some small changes, or regenerate the site to start fresh.To generate your site:\n(In the dashboard) Click Design Site. Click Generate a Design. Choose what you want to do with your AI-generated site:\n    \nRegenerate Design: Start fresh, and generate a ne"", ""chnology is not flawless. Read on to explore the principal risks of using AI tools.\xa0Bias and discriminationGenerative AI tools may sometimes generate content that reflects societal biases embedded in the data sources used to train the model in the first place. This can lead to unintended biases in the tools’ outputs, which may read as discrimination or the reinforcement of stereotypes within generated content. Biased outputs could inadvertently reflect gender, racial, or cultural biases, which could harm your website's inclusivity and credibility.Copyright infringementWhile AI-generated content can significantly speed up the creative process, it may sometimes generate content that resembles copyrighted materials, or trademarks of other companies. This could put you at risk of infringing on"", ""t you want to do with your AI-generated site:\n    \nRegenerate Design: Start fresh, and generate a new site. Tweak Design: Generate a new theme and layout using the same brief for your site. Edit the site brief:\n\nSite profile and/or site description: Update your site or business details. Site structure: Select the checkboxes next to the sections and pages you want to add to your site. Theme: Enter the changes you want to make to your site's theme, font and colors.\nTip: Click Generate new theme to change the elements or click Shuffle these colors to apply the same theme but switch the primary and secondary colors. Layout: Enter the changes you want to make to your site's theme, font and colors.\nTip: Click Generate new layout to change the whole design or click Shuffle this layout to apply a ""]",26.21867609024048
my customer wants to buy a gift card and other products as one purchase. how do they do that?,"To redeem a gift card with another purchase, the recipient needs to click ""Redeem a gift card"" during checkout and enter their unique gift card code. If the sale is worth more than the value of the card, customers can pay for the remaining cost using your other payment methods.","['?The gift card recipient gets an email with the subject line ""You just got a gift card from Michael Jones"" (with the relevant name). Their unique gift card code appears in the email.How do recipients redeem gift cards at checkout?To redeem the card, the recipient heads over to your business and finds items to purchase. During payment, they click Redeem a gift card and enter their unique gift card code.\xa0\xa0\xa0Can customers use gift cards to purchase product subscriptions?Wix gift cards cannot be applied to product subscriptions.What happens if the order total is more than the remaining gift card value?If the sale is worth more than the value of the card, customers can pay for the remaining cost using your other payment methods.What happens if the order total is less than the gift card value?Any', ' notified by email, the message arrives with the subject line ""Anne, you\'ve received a gift card from Adam!"" (with the relevant names). By clicking the Open Gift Card link, they can access the code and see their balance.To redeem the card, the recipient heads over to your store and finds items to purchase. During checkout, they enter their unique gift card code.\xa0What if the sale is worth more than the gift card?Customers are required to pay for the remaining cost, using your regular payment methods.Viewing gift card sales in your site\'s dashboardWhen a customer purchases a gift card, the purchase appears in the Orders tab.\xa0The sale is marked as ""Paid"" and ""Fulfilled"".Tip:You can click the Gifted button to access the Gifted dashboard. There you can find more detailed information about the p', ""ift Card to Site, you do not need to do anything else in the dashboard page or the Editor in order to continue physical gift card setup.Step 3 | Sell physical gift cardsOnce you receive the gift cards you ordered and enabled gift cards in the dashboard, you can start selling physical gift cards to customers.To sell gift cards:\nOpen the POS tablet.\xa0 Tap\xa0Checkout from the menu bar at the bottom. Tap Gift Cards. Tap Issue gift card. Select the actual gift card (i.e. the plastic card) that you want to sell to your customer. Select an option:\n    \nScan the card's code. Manually enter the card's code.\nTip: Gift card codes are not case sensitive.   Enter the value of the gift card (up to $1000). Tap Add to Cart. Complete checkout as you would for any product.Step 4 | Accept payment of physical gi""]",20.11141276359558
How do I access the dashboard to my live website,"To access your site's dashboard, go to your site’s dashboard. You can find this option by clicking on the CMS icon in your editor, then selecting ""Your Collections"" and following the steps to choose the permissions for your collection. Alternatively, when you sign in to your Wix account (if you have only one site), you are taken directly to your site's dashboard.","[' dashboard. Alternatively, you can click CMS  in your editor\ufeff, then click Your Collections.\xa0 Hover over the relevant collection, click the More Actions icon  and select Permissions & privacy. Choose which permissions the collection will have on your live site:\xa0Show contentAllow the collection content to be viewable on the live site by site visitors.\xa0\nClick Show content. Click the Who can view this content? drop-down and choose an option:\xa0\n    \nEveryone: Any site visitor can view the collection content on the live site.\xa0 Members only:\xa0Only site members can view the collection content on the live site.\xa0   Click Save.\xa0Collect contentAllow visitors to add content to the collection with input elements or API. \xa0Note: This permission does not allow visitors to update existing content in the colle', ""Accessing Your Site's Dashboard\nYour site's dashboard contains everything you need to manage your site and online business.From one central location, you can access your editor, set up payment methods, contact your site's contacts, or perform other critical tasks. You can also view your site's analytics which gives you insights to understand your visitors better. Learn more about your site's dashboard\n\n        Go to your site’s dashboard\n    \n\n\n        Take me there\n      \n\n\nIn this article, learn how to:\nAccess a site dashboard when signing in Access your site dashboard from your editor Switching to another site's dashboard Frequently asked questions (FAQs)Accessing your site's dashboard when signing inIf you only have one site in your Wix account, when you sign in, you are taken directly"", ""Live Site Error: Error 403 (Forbidden)\nA 403 Forbidden error is an HTTP status code that means you are unauthorized to view the page you are trying to access.\xa0To resolve a 403 error message:\nMake sure the URL (web address) you entered is correct. Clear your browser's cache and cookies. Go to the web address you are trying to view again.Still need help?If the problem persists,\xa0contact us\xa0and we will be happy to help.""]",18.433571815490723
how to cancel a Wix Premium plan,"To cancel a Wix Premium plan, follow these steps:

1. Go to Subscriptions in your Wix account.
2. Click the Show More icon  next to the plan you want to cancel.
3. Click Cancel Ascend.
4. Select Cancel auto renew.
5. Enter the reason for cancelling your plan.
6. Click Submit.

Note: If you've already purchased a Premium plan via a payment request, you'll need to contact Wix Customer Care or log in to your account manually to cancel it yourself.","[""ment request, contact Wix Customer Care. Our experts can revoke the payment link in the payment request, and your client will not be able to upgrade via that link.\nIf your client has already purchased a Premium plan via a payment request, and if they wish to cancel that plan, they'll need to do it themselves."", 'l a plan Refunding cancelled pricing plans purchased with Wix PaymentsAllowing clients to cancel a planAllowing clients to cancel their own subscriptions is a great way to offer them more flexibility and better service.\xa0To allow clients to cancel a plan:\nGo to Pricing Plans\xa0in your site\'s dashboard. Create a new plan or edit an existing one. Scroll down to the Settings section. Click the Allow plan cancellation toggle to decide if members can cancel their own subscription:\n    \nEnabled:\xa0Members can cancel this plan from their ""My Subscriptions"" page.\xa0 Disabled:\xa0Members won\'t be able to cancel their plan.\nNote: We recommend to only disable cancellation if it complies with all relevant rules and legislation (e.g. payment network rules).\xa0   Click Save to update the plan. Repeat steps 2 - 5 to', 'Ascend by Wix: Canceling a Plan\nYou can cancel your Ascend plan at any time from the Subscriptions section of your Wix account.\xa0Important:If you cancel your Ascend plan within the first 14 days after initial purchase, the plan will be canceled and refunded immediately.To cancel your Ascend plan:\nGo to Subscriptions in your Wix account. Click the Show More icon  next to the plan you want to cancel. Click Cancel Ascend. Select Cancel auto renew. Enter the reason for cancelling your plan. Click Submit.']",18.742285013198853
can I get the invoice re-issued with the correct address,I don't know.,"[""il address.\n\nIf you're still unable to find the invoice, please contact us with the following information:\n\nThe last 4 digits of your card The name on your card The transaction amount The transaction date A copy of what's written on the invoice (e.g. Wix.com NY 12312312) Your Wix username and email address you used to sign up with (if you do not have a Wix account, please mention this)"", 'elect the relevant invoice.\xa0', ""change back to Draft. A new invoice link is created and the original link will no longer be valid. You can resend the invoice via email or by using the new invoice link. For all paid invoices: The updated customer email address will not be reflected on your customer's paid invoice. The change will only be reflected in your Contact List.  Duplicate\nClick Duplicate. (Optional) Make changes to the invoice. Select an option at the top right:\n    \nPreview:\xa0Click the Preview icon \xa0to see the invoice your customer will receive. Save & Close: Save the revised invoice without sending it. Collect Payment: Charge or record a payment that relates to this invoice. Send Invoice: Send the revised invoice to your customer. First review or edit the content of the email your customer will receive. Click Sen""]",7.98909068107605
where and how to place a code in DNS for setting up email purchased from Wix,"According to the context, there is no specific mention on where and how to place a code in DNS for setting up email purchased from Wix. The steps provided only cover adding MX records and other required DNS records manually or automatically through the Wix account. 

I don't know.","["" provider to receive the necessary records.If your domain is connected to Wix via pointing:\xa0 Contact your domain host to add your email provider's MX and any other required DNS records with them.If you've purchased your domain from Wix or connected it via name servers:\nGo to Domains in your Wix account.\xa0 Click the Domain Actions\xa0icon\xa0\xa0next to the relevant domain Click Edit MX Records. \nNote: Click Connect an email purchased outside of Wix if you do not see Edit MX Records. Click the drop-down and check if your email provider is listed:\xa0\n    \nIf your email provider is listed: Select them from the list.\xa0 If your email provider is not listed: Select Other and add their MX records.   Click Save.\nNote: If your email provider requires additional DNS records, add them to your Wix account.\nStill n"", ""refer to the following scenarios for further details:\nPurchased a Wix domain:\n    \nIf the process doesn't start automatically, follow the steps below.\xa0   Connected a domain via nameserver:\n    \nIf sender details were created using this domain before the domain itself was connected to Wix, then you will need to manually authenticate the domain. Follow the steps below.  Step 1 | Open and copy your DNS records\nGo to Email Marketing\xa0in your site's dashboard. Click\xa0Manage Senders\xa0under\xa0Sender details\xa0on the right.\xa0 Click View DNS records.\n Click Copy next to the first CNAME under the HOST column.\xa0\nStep 2 | Add the copied CNAME(s) to your DNS records1. Go to Domains\xa0in your Wix account.\nClick the\xa0Domain Actions\xa0icon\xa0\xa0next to the relevant domain. Click\xa0Manage DNS records.\xa0\n Scroll to the record t"", ""your Wix account.\xa0Connecting your email by choosing your providerWhen connecting your mailbox, you can choose from a list of popular email providers. Selecting your email provider automatically adds their MX and other DNS records to your domain. This ensures your domain's emails will still work, as long as your domain's DNS records are correct and your mailbox is active with your email host.\xa0Tip:We recommend checking that the records Wix automatically adds are correct. Your email provider will be able to confirm the records required to connect your email. \xa0To connect your email by selecting your email provider: \nGo to Domains\xa0in your Wix account. Click the Domain Actions icon\xa0\xa0next to the relevant domain. Select Connect an email purchased outside of Wix or Edit MX records.\nSelect your prov""]",19.047428131103516
Can I get a refund for the domain I bought by mistake (c-gw-art-studio.com)?,"I don't know. The provided context only mentions refunds for Premium or Studio site plans, not Wix domains.","['Refund Policy for Wix Domains\nWix domain purchases are separate from Premium or Studio site plan purchases, and therefore do not have a 14-day money-back guarantee.\xa0If you feel that you deserve a refund, see further information about refunds. Alternatively, you can contact Customer Care to tell us why and we will review your request.Note:If you no longer wish to keep the domain you purchased, you can cancel your subscription by turning off the auto renewal process. The domain will expire on the next renewal date.\xa0', ""Requesting a Refund for a Premium or Studio Plan\nWix offers a 14-day, money-back guarantee for new Premium or Studio site plans.\xa0If you purchased your site plan within the last 14 days, you're eligible for a full refund.\xa0Eligibility for a refundThe 14-day refund policy only applies to new Premium or Studio plans. The refund policy does not apply if:\nYou are requesting a refund for a plan renewal. You are requesting a refund for the upgrade of an existing plan.If you do not meet the requirements for the 14-day refund policy, but you believe you still deserve a refund, contact us and we'll review your request.\xa0Request process for a refundCancel your site plan within the first 14 days of purchasing it to receive a full refund. There's no need to submit a request, simply click the button below"", 'Repurchasing a Site Plan Canceled Due to Payment Issues\nIf your Premium or Studio site plan renewal payment failed due to payment issues, please update your payment details and we will attempt the charge again.If your site plan was already canceled due to payment issues, you can simply purchase a new plan by upgrading the site again.Unable to repurchase:If you are having trouble repurchasing a site plan after cancellation, unassign the canceled plan from your site and try to upgrade again.']",11.484628677368164
What should I do if I'm having issues making a payment for a Wix service?,"If you're having issues making a payment for a Wix service, first ask your customer to try making the payment again. If the issue persists for the same customer, contact Wix Customer Care and provide the payment ID, amount, and date.","['e legitimate, you can ask your customer to try making the payment again.\xa0If the issue persists for the same customer, contact\xa0Wix Customer Care and provide the payment ID, amount and date.\xa0', 'payment provider, you may be able to fix the issue by troubleshooting common connection issues.Do I need a Premium plan to accept payments?Yes. Your Wix site needs to have a Business & eCommerce Premium plan in order to accept payments.\xa0', 'necting your payment provider, you may be able to fix the issue by troubleshooting common connection issues.Do I need a Premium plan to accept payments?Yes. Your Wix site needs to have a Business & eCommerce Premium plan in order to accept payments.\xa0']",9.314013481140137
"how to delete a picture off the contact page and add a new one, and help with slideshow in the Wix Editor","To delete a picture off the Contact page:

1. Go to your editor.
2. Click Pages & Menu on the left side of the editor.
3. Click Event Pages.
4. Click your Contact page.
5. Click the Image you want to delete.

 Hover over the image and click the Delete icon.

To add a new picture:

1. Click +Upload Media or Upload an existing image.
2. Customize the image settings as desired (size, alignment, etc.).
3. Save and publish changes.

Regarding the slideshow in the Wix Editor:

1. Go to your editor and select the layout you want to use for your Slideshow element on your Events page.
2. Click Gallery.
3. Select the images you want to include in your slideshow or click +Upload Media to add new images.
4. Customize the image settings as desired (size, alignment, etc.).
5. Save and publish changes.

Note: You can also use the Wix Photo Studio to customize the images individually by clicking the Edit Image icon.","['d. Create a new event or select an existing one. Click the\xa0Plus icon  under Event image in the General info section.\n(In the Media Manager) Select an existing image or click\xa0Upload Media\xa0to upload a new image. Click\xa0Save.Tip:To replace or delete an image, hover over it and click the relevant icon.\nStep 2 | Customize image settings on the Events pageGo to your editor and select the layout you want to use in the Event List element on your Events page. After selecting a layout, you can customize the image settings.To customize images on the Events page:Wix EditorStudio Editor\nGo to your editor. Go to the Events page:\xa0\n    \nClick Pages & Menu \xa0on the left side of the editor. Click\xa0Event Pages. Click\xa0your Events page.   Click the Event List element on your page.\xa0 Click\xa0Settings.\nClick the Layou', 'ge, or click +Upload Media to add a new image. Click Add to Page.\n Use the options in the toolbar above your image to customize it.\n    \nSelect a size for your image: Original Size, Small Fit, Best Fit, or Full Width. Select an alignment for your image: Left, Center, or Right. Click the Edit Image icon \xa0to customize the image in the Wix Photo Studio.\xa0 Click the Link icon \xa0to add a link to your image. You can link to a web address or a section on your site.\xa0 Click the Replace icon \xa0to choose a different image. Click the Delete icon \xa0to remove your image.\n   Click Publish Changes at the bottom of the post.\xa0Tips:\nMake sure to add images of the recommended size. If you align media to the left or right, you can add text beside it.\xa0Gallery\nClick the Gallery icon . Select the images on your compu', '\nClick Image. Select an image, or click +Upload Media to add a new image. Click Add to Page.\n Use the options in the toolbar above your image to customize it.\n    \nSelect a size for your image: Original Size, Small Fit, Best Fit, or Full Width. Select an alignment for your image: Left, Center, or Right. Click the Edit Image icon \xa0to customize the image in the Wix Photo Studio.\xa0 Click the Link icon \xa0to add a link to your image. You can link to a web address or a section on your site.\xa0 Click the Replace icon \xa0to choose a different image. Click the Delete icon \xa0to remove your image.\n   Click Publish.\xa0Tips:\nMake sure to add images of the recommended size. If you align media to the left or right, you can add text beside it.\xa0Gallery\nClick Gallery. Select the images you want to include, or click ']",36.67536377906799
how should I disable text selection and copy paste from my website,"To disable text selection and copy paste from your website, you can:

1. Go to Wix Editor
2. Click Add Apps on the left side of the editor
3. Search for ""Right Click Protect"" in the search bar
4. Click Add to Site
5. (Optional) Click Settings to edit the message shown

Alternatively, you can also go to App Market on the left side of the editor and follow the same steps.

This will add the Right Click Protect app to your website, which should disable text selection and copy paste.","['ues while copying textIf you are experiencing issues with copying formatted text (bold, underline, italic etc.) from an external source, see our solutions below.\xa0\nDisable any browser extensions and try again. Try changing the text theme to a different one and then revert back to your desired theme.\xa0 Click Reset to Theme in the Text Settings panel.Still need help?If the text is from an external source, please send us the exact string of text you are attempting to paste (in text) and its font, size and colorIf the text is from your site, please send us the exact string of text you are attempting to paste (in text) and its location on your siteThe location on your site where you are attempting to paste the textA screenshot or video of the issueOnce we have the requested information we can ass', ""ough your site's source code (if they know how). The app does not protect against left click, meaning that visitors can highlight text and then use ctrl + C to copy. If this is something you'd like to see in the future, vote for that feature. This app does not provide protection for third-party apps, embedded HTML content, embedded websites, or the Wix Stores product gallery."", ""licks your content, they'll see a message informing them that the content is copyrighted.\xa0You can add it to your site through the App Market, and edit the message that is displayed through the settings.\xa0Important:The Right Click Protect app does not prevent visitors using Ctrl+C to copy your content. Vote for this optionTo add the Right Click Protect app:Wix EditorStudio Editor\nGo to your editor. Click Add Apps \xa0on the left side of the editor. Search for the Right Click Protect app in the search bar. Click Add to Site. (Optional) Click Settings to edit the message shown.\xa0\nGo to your editor. Click App Market \xa0on the left side of the editor. Click App Market. Search for the Right Click Protect app in the search bar. Click Add to Site. (Optional) Click Settings to edit the message shown.\xa0\nGo ""]",22.445435523986816
can I buy a premium plan but build my website on other platforms,"Yes, you can buy a Business & eCommerce Premium plan and then build your website on another platform. This way, you'll have access to the features and benefits of the Wix Partner Program, including support for payments, without being tied to building your website on Wix.","['our Wix site needs to have a Business & eCommerce Premium plan in order to accept payments.\xa0', "" you can join the Wix Partner program where you'll have access to exclusive features and benefits.Learn more about the Wix Partner Program.FAQsClick a question below to learn more about managing multiple sites under one account.Can I assign a Premium plan to a different site in my account?Yes, if you create a new site, you can move your Premium plan and features over to that site.To transfer a Premium plan from one site to another:\nGo to\xa0Premium Subscriptions\xa0in your Wix account. Click the More Actions\xa0icon\xa0\xa0next to the plan you want to reassign. \xa0 Click\xa0Assign to a Different Site.Learn more about reassigning your Premium plan.Why can't I find my site in my account?It's possible that you used a different email address when creating your site, if so it means you have more than one account.T"", 'have a Premium plan that supports payments in order to accept payments.\xa0']",11.746800422668457
Can I apply a promotion to my existing Core Plan?,I don't know.,"[""d conditions\nThis promotion is not available to all users. You must redeem this promotion within 60 days from the purchase date of the Premium plan.\xa0 This promotion lets you upgrade the participating apps for free for a period of one year. The app purchase page may display the monthly pricing, but you will receive a full year free. The promotion is valid for the above mentioned apps only. The promotion is provided per account. You may use it on any site in your account (it does not have to be the site you just upgraded).Claiming and adding apps to your siteAfter purchasing / upgrading to a Premium plan, you'll receive an email with the third-party apps you can claim for free. Head over to your site's dashboard to add the app that meets your business needs. \xa0Already using one of these apps?"", ""e?No problem! You can still use this promotion to upgrade the apps, even if you're already using them (for free) on your site. Simply select the relevant app in your Editor or Manage Apps in your dashboard and follow the steps to upgrade it. You'll see the discount on the purchase page.Adding and Upgrading the Site Booster App\nGo to the Manage Apps tab in your site's dashboard.\xa0 Click the Claim App button next to the Site Booster app.\xa0 Click Claim App.\xa0 Click Allow and Add.\xa0 Click Upgrade this app in the top right. Click Select.\xa0 Review the details and click Submit Purchase.Note:The value of the up purchase should be 0.\xa0Adding and Upgrading the Visitor Analytics App\nGo to the Manage Apps tab in your site's dashboard. Click the Claim App button next to the Visitor Analytics app. Click Claim"", 'le it. Click Manage Plans. Select the checkbox next to the relevant pricing plans. Click Apply.']",12.099474430084229
I would like to cancel my domain order and get a refund because I ordered it by mistake.,I don't know. The provided context does not mention cancelling a domain order or providing a refund for a domain purchase.,"[' or Cancel and refund order.\n', "" cannot be undone.\xa0\xa0\xa0Canceling unpaid & unfulfilled store ordersYou may want to cancel an entire unpaid store order when you're unable to fulfill it or your customer asks to cancel the purchase.To cancel a store order:\nGo to Orders\xa0in your site's dashboard. Click the relevant order. Click\xa0More Actions\xa0at the top right. Select\xa0Cancel Order. (Optional) Select the\xa0Update inventory\xa0checkbox, to return all items to stock. \nTip:\xa0This option is available if you use Wix Stores and track inventory amounts. (Optional) Select the\xa0Send a confirmation email to customer\xa0checkbox and enter a personal note to your customer. \nNote:\xa0Customers may also receive a notification from the payment provider.\xa0 Click\xa0Continue. Click\xa0Cancel Order. \nNote:\xa0This cannot be undoneFAQsHow do I refund an order paid with the "", ""er, you need to enable Advanced Feature. See the FAQ below for details.To refund and cancel an order:\nGo to Orders\xa0in your site's dashboard. Click the relevant order. Click\xa0More Actions\xa0at the top right. Select\xa0Cancel & refund. (Optional) To provide a partial refund, enter the amount you want to refund. (Optional) Select the\xa0Update inventory\xa0checkbox, to return all items to stock.\nTip:\xa0This option is available if you use Wix Stores and track inventory amounts. (Optional) Select the\xa0Send a confirmation email to customer\xa0checkbox and enter a personal note to your customer.\nNote:\xa0Customers may also receive a notification from the payment provider.\xa0 Click\xa0Continue. Click\xa0Cancel Order.\nNote:\xa0This cannot be undone.\xa0\xa0\xa0Canceling unpaid & unfulfilled store ordersYou may want to cancel an entire unp""]",14.005366325378418
Is domain privacy included in the price of purchasing the domain and the yearly charge?,"No, according to the context, ""The free domain voucher does not include privacy protection."" However, it states that you can purchase private registration as an additional cost when registering a new domain or extending your domain subscription. It also mentions that if you're purchasing a new domain, you can add private registration as an option during the purchase process.

Additionally, it's stated that ""Addit No"" means it's not possible to apply privacy protection to an existing domain subscription.","['Credit Card Charged for Free Domain Voucher\nIf your credit card was charged when purchasing a domain using your free domain voucher, it is possible that:You added additional years of service: The free domain voucher covers the domain registration cost for the first year only. You need to pay for additional years.You registered the domain as private: This is an additional cost.Tip:Learn more about your free domain voucher.\xa0', ""registration?The free domain voucher does not include privacy protection. However, you can purchase this option for an additional fee.I purchased a plan but didn't get this voucher. Why?If you didn't receive the domain voucher, or believe it wasn't credited to your domain purchase, you may not have been eligible for one of the following reasons:\xa0\nYou purchased a monthly plan:\xa0The free domain voucher is offered as a gift with purchase of selected\xa0yearly or multi-year\xa0Premium or Studio plans. If you chose a monthly billing cycle, you won't receive a free domain voucher. You purchased your domain name before purchasing a plan:\xa0If you purchased your domain name prior to purchasing your Premium plan or Studio plan, it is not possible to apply the voucher retroactively or receive a refund. Addit"", "" No, you cannot apply privacy protection to an existing domain subscription. If you're purchasing a new domain you can add it as an option during the purchase process. If you already have a domain, you can extend your domain subscription and add privacy protection to your cart during the extension process.Can I purchase private registration for a .co.uk domain?No, it is not possible to purchase private registration for a .co.uk domain.What personal information is still available publicly for EU-based domains that have purchased private registration?If you are an EU citizen and you turn off privacy, the following info will be public in WHOIS:\nstate/province, country, and organization name.\xa0""]",20.903663873672485
Why is the video not playing sound even when sound is enabled?,I don't know. The context only discusses how to enable or disable sound on videos and does not provide information on why a video would not play with sound if sound is supposed to be enabled.,"['s no sound. Why?Most internet browsers only allow videos to autoplay when the sound is muted. If your VideoBox is set to play automatically, the video plays without sound.\n\nThe following browsers no longer support autoplay:\nSafari 11 and later versions (on MacOS and iOS) Chrome 61 and later versions (desktop and mobile) Firefox 66 and later versions (desktop and mobile)', 'play with sound in the gallery view.\n- Disabled: Videos are muted in the gallery view.\nYour videos always play with sound in expand mode.Playback SpeedControl the playback speed of the videos.Select the playback speed from the options.Loop VideosControl if your videos play continuously in a loop or not.- Enabled: Your videos play continuously.\n- Disabled: Your site visitors need to click the play icon to play your videos.', ""sitors can turn the sound on manually. \xa0 Disabled:\xa0The video does not play automatically.   Plays in a loop:\xa0Enable the toggle to have your video play in a continuous loop.   Scroll down, and enter a description of the video in the What's this video about? field.""]",11.109883069992065
how to cancel and request a refund for a renewal purchase,I don't know.,"['as Refunded or Continue without Refund.Appointment with cancellation fee', ""Cancel App. Select\xa0Cancel auto renew\xa0and click\xa0Submit.\nNote: It is not possible to receive a refund for an app subscription. Once you cancel the app, you'll be able to continue using it until the end of the subscription period (month or year depending on the app)."", 'order, select the products and quantities you want to refund. (If you track inventory) Enable or disable the Update Inventory toggle. Tap Next. Select an option:Refund manual orders\nMake sure to contact your customer and refund the order. \xa0 (Optional) Select an option from the Refund Reason drop-down.\xa0 Enable or disable the Send a confirmation email to customer toggle. Tap Next to mark your order as canceled and refunded. Tap Cancel Order to confirm.\nNote: This cannot be undone.\xa0Refund orders paid through PayPal, Stripe, or Wix PaymentsOptional) Select an option from the Refund Reason drop-down.\xa0(Optional) Notify your customer:Enable the Send a confirmation email.\xa0(Optional) Enter a note to your customer. The note appears in the confirmation email.Tap Next.Tap Issue RefundRefund orders pai']",8.652719974517822
i want to change my plan,You can hide or archive your plans as necessary.,"['ns about changing your plan.Video tutorial\n', ' You can\xa0vote for this feature here. You can, however,\xa0hide or archive your plans as necessary\xa0to create new plans.\xa0', 'n the plan type you want to create, follow these instructions.']",3.963813304901123
Can we update both GST rates according to the product in Wix Stores?,I don't know.,"[""Wix Stores Request: Varying Product Prices by Countries\nCurrently, it is not possible to set different prices for a product, that vary depending on the customer's country.\xa0We are always working to update and improve our products, and your feedback is greatly appreciated."", 'Wix Bookings Request: Setting Different Tax Rates for Different Services\nCurrently, it is not possible to set different tax rates for different services.\xa0We are always working to update and improve our products, and your feedback is greatly appreciated.', 'About Goods and Services Tax in Australia\nWix charges Goods and Services Tax (GST) on premium subscriptions, applications and products in Australia in accordance with the Australian Taxation Office.If you are a registered business in Australia with an ABN from the Australian Taxation Office, you may be eligible for a tax exemption.\xa0You can add your ABN to your Wix account by updating your payment details.\xa0Updating your payment detailsUpdate your payment details in your Wix account by adding your\ufeff ABN to get your tax exemption.To update your payment details:\nGo to Premium Subscriptions in your Wix account. Click the More Actions icon  next to the relevant subscription. Click Update Payment Method. Select the subscriptions you wish to update and click Next.\xa0 Click Edit Details.\nRe-enter your']",12.253173828125
how do I connect Wix Stores to Shippo app,"I don't know. The provided context only discusses connecting Wix stores to ShipStation, not the Shippo app.","[""store:\nClick here to access the app. \xa0 Click Add to Site.\xa0 Do one of the following:\n    \nLog in to your existing ShipStation account:\n\nClick Login.\n\n Enter your email / username and password. Click Login.   Create a new ShipStation account:\n\nFill in all the required fields. Click Start your free trial. Log in to ShipStation.     Click Connect to integrate your ShipStation account with your Wix store. Click Allow and Install. Click Orders at the top of the page to view your store orders.\xa0\nTip: If you have more than one store, click Stores on the left and select the store you want to view.\xa0After connecting, you should see your all your orders, including past orders, for the selected site in the ShipStation dashboard's Orders tab. Now you're ready to start shipping orders using ShipStation. L"", 'ipStation app.   \xa0Click Connect a Store to connect your Wix store to ShipStation.\xa0Step 2 | Set up your ShipStation accountYour Wix site and ShipStation are now connected. Next, update your ""ship from"" location and add the carriers you want to work with.Before you begin:Make sure you are connected to one or more of the 3 carriers that offer pickup points: Mondial Relay, Chronopost, and Colissimo.To set up your ShipStation account:\nGo to the ShipStation dashboard:\n    \nGo to Manage Apps in your site\'s dashboard. Click Open next to the ShipStation app.   Add carriers:\xa0\n    \nClick the Settings icon \xa0at the top right. Select Shipping on the left. Click Carriers. Select Your Carrier Accounts. Select one or more carriers that support delivery to pickup points: Mondial Relay, Chronopost, Colissimo', 'Wix Stores Request: Integrating with the Ship&co Shipping Solution\nCurrently, integrating Wix Stores with Ship&co, the Japanese shipping solution, is not supported.We are always working to update and improve our products, and your feedback is greatly appreciated.']",15.746128559112549
can I request a refund for a Wix domain purchase,"Yes, you can contact Customer Care and explain why you want a refund.","['Refund Policy for Wix Domains\nWix domain purchases are separate from Premium or Studio site plan purchases, and therefore do not have a 14-day money-back guarantee.\xa0If you feel that you deserve a refund, see further information about refunds. Alternatively, you can contact Customer Care to tell us why and we will review your request.Note:If you no longer wish to keep the domain you purchased, you can cancel your subscription by turning off the auto renewal process. The domain will expire on the next renewal date.\xa0', ""ds through their websites, not through Wix.com.To refund canceled plans purchased using Wix Payments:\nGo to Payments\xa0in your site's dashboard. Click on the payment to refund. Click Refund.\xa0 Enter the amount to refund and a note (if needed). Click Refund.\xa0Notes:\nYou cannot cancel or reverse a refund.\xa0 After providing a partial refund to a customer, you can still refund them for the remaining amount at a later point in time. From Nov 16, 2020, Wix Payments no longer provides free processing for refunded payments (a grace period for existing Wix Payments users will continue until Dec 1, 2020). Standard Wix Payments processing fees apply. For example, in the U.S., if you issue a $100 refund to your customer, the original processing fee of $2.90 + $0.30 for that customer's purchase will not be "", ""to cancel your domain transfer to Wix.\xa0When the domain transfer appears as 'failed' in your Wix account, you will automatically be refunded for all transfer payments. Please allow up to 20 days for this refund to appear in your bank statement.\xa0""]",9.52501630783081
I want to use a button that people can click and it will reveal info without linking to another page,"To create a button that reveals information without linking to another page, you would need to add a link with the ""Anchor"" option. This way, when visitors click on the button, they will be brought to a specific part of the same page instead of being redirected to another page.","[""to your button that prompts visitors to click and read other blog posts that they may like.\xa0To add a button:\nGo to Blog\xa0in your site's dashboard. Click\xa0+ Create New Post\xa0or open an existing post. Add a new button or edit an existing one:\n    \nNew button:\n\nClick the Add icon \xa0in the panel on the left.\xa0 Click Button.\xa0   Edit an existing button: Click the relevant button.   Click the Settings icon  and customize your button.\n    \nButton text: \ufeffEnter the text that is displayed on your button. Link: Copy the URL of the link you want to add and paste it into the link box.\xa0 Link opens in a new tab: The link, when clicked, opens in a new tab on the screen. Nofollow: \ufeffA nofollow link prevents the link from showing in SEO results. Learn more about no follow links. Sponsored: A sponsored link indicat"", 'ADI: Adding a Button To Your Site\nAdd a button to encourage your visitors to complete a specific action like subscribing to your blog or visiting another page of your site.Most sections of your ADI site come with a button you can show or hide. You can also add a secondary button and customize what the buttons on your site say and where they link to.To add a button:Click the relevant page section.Click Edit.Select or deselect the Show/Hide icon next to the Buttons field:Selected: The button is shown.\xa0Unselected: The button is hidden.(Optional) Click + Add Button to add another button.Enter the text for your button.Click Link and select the link for your button.Click Done.Notes:The style of your secondary button is based on the settings of your first button.The option of adding a second butt', ""buttonsLink your buttons to wherever you want Add a link to your button to direct your site visitors to the relevant location. You can link to a variety different places and options, depending on your button type and site needs. The types of links you can add to a button are:\nPage: Direct your visitors to a different page on your site. Web address: Link your button to an external URL to bring visitors to another site. Anchor: Link the button to an anchor on your site. When visitors click it, they are brought to the relevant page and anchor. Top / bottom of page: When a visitor clicks this, they are brought to the top or bottom of the page they are currently on.\xa0 Document: Link the button to a file you've uploaded to your site. Email: Connect the button to your email address, so visitors ca""]",22.119014501571655
how can I request a refund for Premium or Studio plans,"According to the context, if you purchased your site plan within the last 14 days, you're eligible for a full refund. To receive a refund, simply cancel your site plan within the first 14 days of purchasing it by clicking the button below.","[""Requesting a Refund for a Premium or Studio Plan\nWix offers a 14-day, money-back guarantee for new Premium or Studio site plans.\xa0If you purchased your site plan within the last 14 days, you're eligible for a full refund.\xa0Eligibility for a refundThe 14-day refund policy only applies to new Premium or Studio plans. The refund policy does not apply if:\nYou are requesting a refund for a plan renewal. You are requesting a refund for the upgrade of an existing plan.If you do not meet the requirements for the 14-day refund policy, but you believe you still deserve a refund, contact us and we'll review your request.\xa0Request process for a refundCancel your site plan within the first 14 days of purchasing it to receive a full refund. There's no need to submit a request, simply click the button below"", 'Repurchasing a Site Plan Canceled Due to Payment Issues\nIf your Premium or Studio site plan renewal payment failed due to payment issues, please update your payment details and we will attempt the charge again.If your site plan was already canceled due to payment issues, you can simply purchase a new plan by upgrading the site again.Unable to repurchase:If you are having trouble repurchasing a site plan after cancellation, unassign the canceled plan from your site and try to upgrade again.', ""ith your bank.FAQsClick a question below to learn more about refunds for site plans.Does the 14-day money back period apply for monthly plan subscriptions?Our Premium and Studio plans are offered on a yearly or monthly basis. Both types of plans offer a 14-day money back period.I accidentally purchased the wrong plan. Can I change it?Yes, you can change to a different plan or different subscription period. For example, you can change:\nFrom a Monthly Core plan to Monthly Business plan From a Monthly Business plan to Yearly Business planIf you change to a cheaper plan, you will be credited the difference.Learn more about changing your plan.I purchased my plan in the last few days, what happens to the payment I made?If you cancel your plan within 72 hours of a purchase, it's possible that the""]",13.598784685134888
how to resend an email marketing campaign to a specific group,"To resend an email marketing campaign to a specific group, follow these steps:

1. Go to the Email Marketing section in your site's dashboard.
2. Navigate to the most recent campaign you want to resend under ""Most recent"".
3. Choose your recipients and select the specific group of contacts you want to send the campaign to (e.g., Target group: Select specific groups of contacts to receive your campaign).
4. Review and edit the subject line, sender details, or add any additional content as needed.
5. Click Send Now to resend the campaign to the selected group.","[""Email Marketing: Resending a Campaign\nYou can resend an email campaign to any recipients who have not yet opened your email. 24 hours after you send a campaign, a Resend icon  appears next to your campaign stats. If your email open rate was 100% you will not see this option, as everyone saw your email.Resending a campaign also provides an opportunity to re-engage recipients who missed the campaign in their inbox initially. Before resending you can also update the subject line to see if more people will interact with the email the second time.Important:Resending a campaign counts towards your monthly balance. To increase your balance, upgrade your plan.\xa0To resend an email campaign: \nGo to\xa0Email Marketing\xa0in your site's dashboard. Navigate to the campaign you want to resend under Most recent"", 'n choosing your recipients.To add recipients:\nFrom your campaign editor, click\xa0Next\xa0at the top right. (Optional) Import contacts from a CSV file or your Gmail account:\n    \nClick Import Contacts at the bottom right. Click Import Contacts in the popup to confirm.\xa0 Choose between CSV file or Gmail account and follow the steps on-screen. When ready, click Back to email marketing at the top.   Select who you want to send this email to:\n    \nTarget group: Select specific groups of contacts to receive your campaign. You can include all subscribers, specific segments or labels, or select individual contacts. All Contacts: All contacts on your list will receive your campaign.   Click Next.Step 5 | Review and send your campaignReview your campaign and edit the subject line, sender details, or add a', ""il Marketing\xa0in your site's dashboard. Navigate to the campaign you want to resend under Most recent email campaigns and click the Resend icon  to resend the campaign to contacts on the list who didn't open.\nNote: This icon only appears 24 hours after the first campaign was sent to give your recipients time to open when it's convenient for them. Add a subject line for the campaign. You can use the same subject line as the previous campaign, however it is recommended to tweak it to try to improve the chances of people engaging with the campaign. When you're ready to resend the campaign click Send Now. You can see how many recipients will receive the new campaign at the top. You can also select specific contacts to target.In your Email Marketing dashboard, your resent campaign is displayed a""]",26.362976789474487
How can I get a refund for a renewal payment I did not want to renew?,I don't know.,"['as Refunded or Continue without Refund.Appointment with cancellation fee', 'Refunds for Third-Party App Upgrades\nIt is not possible to receive a refund for a third-party app upgrade (apps not made by Wix).\xa0Some app upgrades are monthly subscriptions. Canceling your upgrade stops the renewal payment from occurring at the end of the month.\xa0Learn how to cancel an app upgrade.', ""Cancel App. Select\xa0Cancel auto renew\xa0and click\xa0Submit.\nNote: It is not possible to receive a refund for an app subscription. Once you cancel the app, you'll be able to continue using it until the end of the subscription period (month or year depending on the app).""]",5.905383348464966
How can I have the customer's physical address automatically appear on invoices generated from orders?,I don't know.,"['can automatically create invoices for every paid order.\xa0', ""rd. This affects all invoices. If you have an online store, you can add store products to an invoice. A store order is automatically created when this invoice is issued. Manage and edit additional business info (e.g., contact info and business location)\xa0in Business Info in your site's dashboard."", ""e.\xa0 Enter your customer's details:\nNote: Details must include phone number, shipping and billing addresses.\n    \nClick\xa0Customer\xa0and select an option:\n        \nSelect an existing contact from the drop-down. Click\xa0+ New Customer\xa0to add a new contact.     Enter an invoice title. Add a store product to your invoice:\n    \nClick the Product or Service drop-down and select a store product.\xa0 If relevant, select product variants and click Add to Invoice.\nNote: The product price and description are added automatically and can be edited.\n\n\n (Optional) Select an existing tax from the drop-down menu or create a new one.\xa0   (Optional) Add a line item to your invoice (e.g. billable hours):\nTip: You can select this line item next time you send an invoice.\n    \nClick the Product or Service drop-down. Selec""]",8.72862458229065
How can I lower the number of email accounts on my Wix account?,"To reduce the number of business emails on your Wix account, follow these steps:

Step 1| Delete the user's business email
Go to Business email in your Wix account. 
Click Manage at Google beside the relevant subscription.
Sign in to your Google Workspace account.
From the Admin console menu, go to Directory, then Users.
Click Remove user or Delete user for the user you want to remove.

By following these steps, you can lower the number of business emails on your Wix account by removing one or more users.","[""Google Workspace: Reducing Your Yearly Business Email Users\nIf you have multiple Google Workspace business emails on a yearly subscription and would like to reduce your subscription by canceling (removing) one or more business email, follow the steps below.Important:These instructions are for reducing a yearly subscription only. Learn more about reducing your business email users if you have a monthly subscription.\xa0Step 1| Delete the user's business email\nGo to Business email in your Wix account.\xa0 Click Manage at Google beside the relevant subscription. Sign in to your Google Workspace account. From the Admin console menu, go to\xa0Directory, then\xa0Users. Click Remove user or Delete user for the user you want to remove. \nNote: Depending on your Google account setup, you might need to confirm t"", 'Changing Your Wix Account Details\nYour Wix account details include information such as your username, account name, login info, and your recovery phone number. These account details are the same for all the sites that you have in your Wix account. You can update your account details in the Account Settings section of your dashboard.\n\n        Click to change your Wix account settings\n    \n\n\n            Update Account Settings\n      \n\nChanging your account detailsIn Account Settings, you can edit your basic account details and other settings such as 2-step verification settings and email preferences.To change your account details:\nSign in to your Wix account. Click your profile at the top right corner and select Account Settings.\nEdit the setting that you want to change:\n    \nAccount info: C', 'Managing Your Wix Mailing List Subscription Settings\nFrom time to time, Wix sends out newsletter emails with new exciting features and tips for existing features. You can choose whether you want to receive these emails or not.To manage your Wix mailing list subscriptions:\nGo to Account Settings in your Wix account. Scroll down to Email Preferences. Click Manage Preferences. Click the toggle next to each email type to choose those you want to receive.']",22.48152256011963
when booking again can I see times that are already taken,"I don't know. The context only discusses how to filter and manage bookings, but it does not mention the ability to see previously booked times when booking again.","['nts from the booking listFiltering the booking listWhile reviewing your site\'s booking list, choose from various filters to find the information you want.\xa0You can filter the bookings by status (e.g. ""Confirmed"", ""Waitlist""), service name, staff member and client name.To filter your booking list:\nGo to Booking List\xa0in your site\'s dashboard. Click Appointments & Classes or Courses at the top.\xa0\nClick Filter at the top right. Click to select the filter(s) you want to apply:\n    \nSession date & time:\xa0Show only sessions that occurred within a specific date and time range. Registration date: Show only sessions that were booked within a specific date and time range. Service type: (Appointments & Classes tab only) Choose the type of service you want to view: Appointment or Class. Booking status:\xa0Cl', "" Date\xa0checkbox. Enable the Show\xa0course availability\xa0toggle to show the current status of a course. Choose what you want to display:\n    \nNumber of spots left: Show the exact number of spots left on the course. Availability text: Show that there are still spots available, without showing the exact number.   Click\xa0Publish at the top right of your editor. Go to the relevant course in\xa0Booking Services. Click the Expand icon\xa0\xa0next to\xa0Booking preferences. Enable the\xa0Online Booking Preferences\xa0toggle.\xa0 Enable the\xa0Booking After Start Date\xa0toggle. Click\xa0Save\xa0at the top.\xa0Now when clients go to book your course, they will see the following:\nWhen there are available slots:\xa0The course's start date and number of available slots, along with the Book Now button.\xa0 When the course is full:\xa0A message indicat"", ' & Add New: Save the session and start scheduling another one.\xa0 Save: Save the session and return to your calendar.\xa0  Tip:Go to the Bookings Services tab and click Show Schedule next to the relevant course to view a summary of its schedule.\xa0You can also select the Schedule view in your calendar to check the list of upcoming sessions on the certain date.\xa0\n']",16.571003437042236
how long does it take for my website to go live/be accessible?,"It can take up to 48 hours for your site to be fully accessible and secure worldwide after changes to your DNS records. However, during this time, there may be a delay in your site's availability and security status.","[""About Domain Propagation\nA domain's DNS (Domain Name System) converts web URLs (such as www.wix.com) into IP addresses (a combination of numbers read by a computer), which is used to exchange data across the internet. DNS matches names with numbers to deliver websites to your browser.\xa0Domain propagation is the process of updating name servers around the world following any changes to your DNS records. It can take up to 48 hours to complete. This means that your site may not be accessible from all devices, or may appear as insecure during this time. As soon as propagation is complete, your site will be accessible and secure worldwide.Important:Domain propagation may take up to 48 hours to complete.During the domain propagation process:You may not be able to view your live site online.\xa0Your "", ""Understanding Your Uptime & Security Dashboard\nLearn about your site status in your Uptime & Security dashboard. This tool allows you to monitor your site's global availability and view results on a world map. It also provides insights into how hosting and security measures protect your site from downtime.You can access Uptime & Security from Site & Mobile App in your site's dashboard.\xa0Track your site statusYour site status bar shows your site's uptime over the last 90 days. You can explore dates within the bar to find out if any issues were experienced. If you click a day with a recorded issue, a Wix Services Status Page opens to provide more details.Check your site's global availabilityYou can run an availability test every 24 hours, to find out if your site is available globally. Your r"", 'ne results, as they need to be crawled and indexed by Google. To check if search engines like Google and Bing have indexed your site, enter ""site:"" followed by the URL of your domain. For example, ""site:mystunningwebsite.com/"". Click here to learn moreTip: Optimize your site\'s SEO to get it found on search engines. Optimizing SEO may also improve your site\'s ranking on search result pages.\xa0Why doesn\'t my newly published site appear when I browse to my domain?Your site comes with a free Wix URL in the format siteprefix.wixsite.com/siteaddress. If you connected your site to your own domain, it may take up to 48 hours for your site to appear when accessing to your domain on the Internet.\xa0Click here to learn more about your domain propagationI want to add a new page, but I don\'t want people to']",19.202723741531372
How can I change the MX email server in my Wix account?,"To change the MX email server in your Wix account, go to Domains in your Wix account, click the Domain Actions icon next to the relevant domain, select Edit MX Records, and then follow these steps:

1. Check if your email provider is listed.
2. If it is, select the option to connect or edit MX records.
3. Follow the prompts to either connect or update your MX records.

Note: You can also go to Domains > Connect an email purchased outside of Wix or Edit MX records to access this feature.","[""Adding or Updating MX Records in Your Wix Account\nMail Exchange (MX) records are\xa0a type of DNS record. They specify the mail server to which any of your mail should be directed. Your domain must have your email provider's MX records added to its DNS records for your email to work.\xa0Before you begin:If your domain is connected to your Wix account, make sure it is connected via name servers, not via pointing. If it is connected via pointing, you must contact your domain host (not Wix) to configure the DNS records of your email provider.To add or update MX records:\nGo to Domains\xa0in your Wix account. Click the\xa0Domain Actions\xa0icon\xa0\xa0next to the relevant domain. Select Edit MX Records.\nClick the drop-down menu and check if your email provider is listed:\n    \nIf your email provider is listed: Selec"", ""your Wix account.\xa0Connecting your email by choosing your providerWhen connecting your mailbox, you can choose from a list of popular email providers. Selecting your email provider automatically adds their MX and other DNS records to your domain. This ensures your domain's emails will still work, as long as your domain's DNS records are correct and your mailbox is active with your email host.\xa0Tip:We recommend checking that the records Wix automatically adds are correct. Your email provider will be able to confirm the records required to connect your email. \xa0To connect your email by selecting your email provider: \nGo to Domains\xa0in your Wix account. Click the Domain Actions icon\xa0\xa0next to the relevant domain. Select Connect an email purchased outside of Wix or Edit MX records.\nSelect your prov"", 'Changing the Email Address of Your Wix Account\nWhen you create a new Wix account, you can choose to sign up by entering an email address and password, or by using a social login (e.g. Google, Facebook). In either case, the email address you enter or the email address linked to your social login gets associated with your Wix account.\xa0Go to your Account Settings if you want to change the email address associated with your Wix account.\xa0\n\n        Click to change your account email address\n    \n\n\n        Change Email now\n      \n\n\nChanging the email address of your accountYou can change your Wix account email address in your Account Settings.\xa0Important:\nMake sure that your new email address is a real address with no typos. Wix sends a code to this email address to verify it. Each Wix account nee']",24.709113836288452
how do i cancel my ezchamps VIP Premium plan?,"According to the context, to cancel your EZChamps VIP Premium plan, follow these steps:

1. Go to Premium Subscriptions.
2. Click the Show More icon next to the relevant plan (EZChamps VIP Premium).
3. Click Cancel plan.
4. Click Cancel Now in the pop-up to confirm.

Note that cancelling immediately is not possible, but your plan will simply not renew at the end of the subscription period.","[' \xa0next to the relevant plan. Click Cancel Plan. Click Cancel Now to confirm.This does not cancel your plan immediately. Your plan will remain active until the end of the current subscription period. At that time, the plan will not renew.\xa0', 'r site.\n\n           Click to cancel your plan now  \n    \n\n\n         Choose plan to cancel \n      \n\nView step-by-step instructions\nGo to Premium Subscriptions. Click the Show More icon  next to the relevant plan. Click Cancel plan. Click Cancel Now in the pop-up to confirm.\nNote: This does not cancel your plan immediately, rather your plan simply does not renew at the end of the subscription period.', 'refund.\xa0Tip:You can undo cancelations for plans with the ""Pending cancelation"" status. If you undo the cancelation, the status of the plan returns to ""Active"".\xa0Allowing clients to cancel plansYou can allow clients to cancel a plan themselves through their private Members Area on your site.\xa0Before you begin:\nMake sure to add a Members Area to your site.\xa0 Add a My Subscriptions page to your Member\'s Area.To allow clients to cancel a plan themselves:\nGo to Pricing Plans in your site\'s dashboard. Create a new plan or click to edit an existing one. Scroll down to Settings. Enable the Allow Plan Cancellation toggle. Click Save to save the plan. Repeat steps 3 - 5 for any other plans for which you want to enable cancellation.Plans canceled through payment providersFailed payments automatically ca']",8.510680437088013
"I recently moved my website to wix.com and updated the DNS records, but I get an error message when trying to connect. What should I do?","According to the context, if you're having trouble updating your name servers after updating the DNS records, you can try contacting your domain host for assistance or using the Wix Domain Assistant to determine the connection issue.","["" in.   Find your domain settings page in your domain host account:\n    \nGo to the domains page on your domain host's site. Find your domain and go to the settings panel. Return to the Wix domains page. Click I found my domain settings.   Find the name servers in your domain host account:\n    \nIn your domain settings, find the area where you manage or edit name server records. Return to the Wix domains page. Click I found the nameservers.   Replace the name servers in your domain host account:\n    \nOn your domain host's site, delete the old name servers, and replace them with the Wix name servers shown on the screen.\xa0 Click I've replaced my nameservers.  Need help?If you're having trouble updating your name servers, contact your domain host for assistance. For your convenience, we've create"", ""Domain is Connected to Your Wix Site, but the Site is Not Live\nBefore you begin:To connect your domain, you must\xa0upgrade your site.If you are unable to view your Wix site on your domain, check the following:You have published your Wix site.You have upgraded your Wix site.\xa0You have connected your domain.48 hours have passed since you've changed your DNS records to Wix's records.If, after 48 hours, you are still unable to access your site via your domain, use the Wix Domain Assistant to determine the connection issue.Still unable to view your site on your domain?Contact us and we'll be happy to assist you.\xa0"", ""Wix Domain Assistant\nImportant:From January 17th, 2024 some legacy DNS records are no longer supported for sites connected to Wix by pointing. If your site is affected, you should have received an email notifying you to update the A Record and CNAME records in your domain's host account (not Wix). Go to the pointing section below and click Check and update your DNS records to learn which records your domain should have.\xa0This article can help you troubleshoot issues with the various domain connection methods. If you are experiencing issues with your domain connection, follow the steps below.Unsure if you've connected via name servers or pointing?Learn the difference between the two connection methods.\xa0Issues with a domain purchased from WixTo resolve issues with a domain purchased from Wix,""]",17.499858617782593
I transferred my site to the wrong email address. How do I cancel the transfer?,"I don't know. The context doesn't mention a way to cancel the transfer after it's been initiated, especially when you've already entered the wrong email address. It does provide information on how to resend the invitation or get the transfer link, but there's no option to cancel the transfer itself.","[""not accept the transfer in time, you can to resend the invitation via email through Wix or to retrieve a link to the invitation and send it directly to the recipient.To resend a site transfer:\nGo to\xa0Roles & Permissions\xa0in your site's dashboard. Hover over the new site owner, and click the More Actions icon\xa0. Choose how you want to resend the invitation:\n    \nSend it through Wix: Click\xa0Resend Transfer Ownership.\xa0Wix will resend the invitation to the email address that you entered.\nTip:\xa0Ask the recipient to check their spam folder if they don't see it. Send it myself: Click\xa0Get Transfer Link. The link is automatically copied to your clipboard. Paste it in an email or chat message to your collaborator.  Canceling a site transferA site transfer displays a 'PENDING OWNERSHIP' label until the ne"", 'you cannot cancel the business email after initiating the transfer of the site. \xa0A third-party app was added or canceledAfter initiating the transfer of a site with a third-party app, you cannot cancel the third-party app subscription. In addition, you cannot add a new third-party app subscription after you initiate the transfer.\xa0', ' site transfer failing?If you try to transfer your site and the transfer failed, one of the following issues could have occurred:\xa0\nTransfer invite expired:\xa0The transfer invite is valid for 3 days only. If the recipient does not accept the transfer within 3 days, the invite expires. Once it expires you can resend the invite via email or direct link. Premium plan cancelled:\xa0After initiating the transfer of a site with an assigned Premium plan, you cannot cancel the Premium plan. This refers to plans both within the initial 14 day money-back guarantee period and after. Domain disconnected or cancelled:\xa0After initiating the transfer of a site with a connected domain, you cannot disconnect or cancel the domain.\xa0 Primary domain replaced:\xa0After initiating the transfer of a site with a connected d']",16.374900817871094
how to change on checkout page the telephone number that customer is putting,"To change the telephone number displayed on the checkout page, follow these steps:

1. Go to Checkout Settings in your site's dashboard.
2. Click Customize your checkout.
3. Click Edit next to Checkout form.
4. Choose what to do next: ""Customize a default field""
5. Click the Phone field in the preview.

Here, you can enable or disable the Required field toggle. If disabled, customers can complete checkout without entering a phone number.

Additionally, you can adjust the Show ""Address - line 2"" toggle under Delivery details field in the preview to change how the phone number is displayed on the delivery page (if needed).","['st name, phone, and the delivery details (i.e. the address info).\xa0In addition, you can add custom fields to help you collect the information you need. These can include multiple choice fields, text fields, and more.To customize checkout page fields:\nGo to Checkout Settings in your site\'s dashboard. Click Customize your checkout. Click Edit next to Checkout form. Choose what to do next:Customize a default field\nPhone:\xa0\n\nClick the Phone field in the preview. Enable or disable the Required field toggle. \nNote:\xa0If disabled, customers can complete checkout without entering a phone number.\xa0   Delivery details:\n\nClick the group of fields under Delivery details field in the preview. Enable or disable the Show ""Address - line 2"" toggle.\xa0  Tip: The email and name fields have no customizations.Add a ', ""Request: Changing an Existing Business Phone Number\nCurrently, it is not possible to change your business phone number to a different one once you've purchased it. Additionally, you cannot update your billing cycle (e.g. from monthly to yearly payments).\xa0We are always working to update and improve our products, and your feedback is hugely appreciated."", ""Business Phone Number: Managing Your Phone Number\nManage your business number settings from your site's dashboard or the Wix app. You can change your redirect number, create a personalized voicemail and set your call hours.\xa0You can also set how long calls ring before forwarding to the next number.To manage your business number settings:DashboardWix app\nGo to\xa0Business Phone Number\xa0in your site's dashboard. Manage your business number by doing the following:Change your redirect numberChange the number calls redirect to. To do this, make sure you have the Wix app connected to your new phone number.\xa0\nClick the Call Agents tab.\xa0 Click the More Actions icon \xa0next to your name. Select Edit Owner's Number. Enter the new phone number. Click Send Code. Enter the verification code you've received via""]",25.41168212890625
how do I link a button to the users member page without linking to a dataset,I don't know.,"['CMS: Connecting a Button to a Dataset\nConnect a button element to a dataset to define what happens when the button is clicked. For example, you could link a button to the ""Submit"" click action, a dynamic item page, or a document stored in your collection. You can also connect the button label to a collection field to show dynamic text on your button.\xa0The list of available dataset actions varies depending on the dataset mode and whether you connect to a regular dataset or a dynamic page dataset. Learn more about all the available dataset click actions.\xa0In this article, learn more about:\xa0\nConnecting buttons to datasets Frequently Asked Questions (FAQs)Connecting a button to a datasetOnce you connect a button to a dataset, you can see all the available connection types in the Click action con', "" nofollow: Let search engines know that you don't recommend giving credit to the linked page for SEO purposes.\xa0 sponsored: Used to mark paid links (ads or placements) to inform search engines of compensation and reduce penalty risks for ranking manipulation.\xa0   Click Save. Click the Exit Full Screen icon .Buttons and images linked to URL fields and dynamic pages in CMS datasetsWith the CMS (Content Management System), you can connect buttons and images to dynamic URL collection fields and dynamic pages through a dataset that connects to your collection. After linking a button or image to the relevant URL field or dynamic page in the dataset, you can set rel attributes for the links.\xa0To add link rel attributes for links to dynamic page URLs or URL fields:\nClick the button or image that you "", "" button or image to a dataset that connects to this URL field. When visitors click the link, their email client opens with the relevant address in the 'To:' field.What is a URL slug?A URL slug is a part of a URL that identifies a specific page. It is the text in the URL that comes after the domain name and helps humans and search engines understand what the page is about. Learn how to work with URL slug structures to create unique dynamic page URLs.\xa0What is a dataset?Datasets are the vital link between the elements on your page and the content in your CMS collection. You can use datasets to create a two-way connection, allowing you to display collection content, capture user inputs, or both.\xa0Datasets allow you to control which parts of your page elements connect to which fields in your col""]",16.11130714416504
how can I find my domain information purchased from Wix,"To find your domain information purchased from Wix, go to the Domains section in your Wix account, click on the Domain Actions icon next to the relevant domain, and then click ""Edit contact info"". This will allow you to view and update your domain contact information.","['Using the Wix Whois Lookup Tool to Find Domain Registration Details\nThe Wix Whois Lookup tool allows you to find detailed information about a domain name, including the registrar details, the date the domain was registered, and when it expires. This tool is incredibly useful for site owners who want to verify domain ownership, check the status of a domain, or gather information for business purposes. For example, if you are considering purchasing a domain, you can use the Whois Lookup tool to see who currently owns it and when it might be available.\xa0To look up domain details: \nGo to the Wix Whois Lookup tool.\xa0 Enter the domain name you want to look up and click Search.\xa0 View the domain and registration details that appear below the searched domain.\xa0', ""Finding Your Domain Registrar Details\n\ufeffYour domain registrar is the company that hosts your domain.\xa0Your domain may be hosted at Wix, or elsewhere with another company.\xa0If you don't know who your domain registrar is, you can find out by visiting\xa0whois.com\xa0and entering your domain name to view your domain details."", ""and update the contact information for any domains that you have purchased or transferred to Wix. \xa0To view and update your domain contact information:\nGo to Domains\xa0\ufeffin your Wix account. Click the Domain Actions icon\xa0\xa0next to the relevant domain. Click Edit contact info.\nNote: If this option is missing, your domain was purchased elsewhere and you must contact your domain host to update the contact information.\xa0\nEdit your contact information. (Optional) Use different contact information for your Technical or Administrative contacts:\n    \nDeselect the Use registrant contact info checkbox below the relevant contact type. Enter the person's contact details.\xa0   Click Save.Note:As a domain registrant owner, you are required to confirm your domain contact info within two weeks after registering t""]",17.55546474456787
How can I remove my credit card information entirely from my Wix account?,"To remove your credit card information entirely from your Wix account, you would need to go to Payment Methods in your Wix account, click Actions, and then click Remove. Then, click Remove to confirm.","["" Card Entry payments are currently available with Wix Stores, Wix Bookings, Wix Events, Pricing Plans and POS. Entering credit card details manually is the least secure way of accepting card payments. We recommend accepting manual card payment only from buyers you trust. Learn more about best practices for accepting card payments. Manual Card Entry transactions are considered as insecure. There is no liability shift and you may be fully liable for fraudulent chargebacks. Customers' card details are considered to be Personally Identifiable Information (PII) and are, therefore, subject to privacy laws such as the GDPR and the CCPA. We recommend you delete the card information following the manual entry payment."", ""method:\nGo to Payment Methods in your Wix account. Click Add a Payment Method. Enter your card/payment method details. Click Save.Updating a Payment MethodUpdate an existing payment method being used for existing subscriptions. Any changes you make are automatically applied to the subscriptions connected to your payment method.\xa0To update a payment method:\nGo to Payment Methods in your Wix account. Click Actions. Click Update. Click Next. Update Your card/payment method details. Click Update.Removing a Payment MethodRemove a payment method you no longer use. You can remove a payment method as long as it's not connected to an active subscription.To remove a payment method:\nGo to Payment Methods in your Wix account. Click Actions. Click Remove.\xa0 Click Remove to confirm.\xa0Notes:\nIf you are in B"", 'ty to manage their engagements.Managing credit card informationYour members can securely store their credit card details to simplify the payment process for bookings, event registrations, and subscription plans, eliminating the need to repeatedly input information.Additionally, members have the flexibility to manage multiple payment methods with the ability to add, update, or remove credit card information at any time.\xa0To manage their credit card info:\nOpen the Spaces by Wix app. Tap\xa0My Profile\xa0\xa0at the bottom. Scroll down to Settings and tap Credit Cards.\xa0 Choose one of the following:\n    \nAdd a card:\xa0Members can add a new card for payment.\n        \nTap Add at the top right. Enter the credit card information. Tap Done, then tap Save.   Make primary card (if they have multiple cards saved):']",17.507326364517212
how to disconnect a Google Developer account from a Wix mobile app,I don't know. The context provided does not mention how to disconnect a Google Developer account from a Wix mobile app.,"[""e received an activation email, go back to the Google Developer account setup in the Developer Accounts tab and click Register for a developer account. Enter your Google developer account email under Required info at the right. Click Continue to move on to step 3.Step 3 | Invite Wix to access your Google Developer accountThere are two permissions Wix needs before we can submit your app on your behalf. The first permission is access to your Google Developer account. The second permission, which you give in the next step, is access to your Google Play Console.To invite Wix to access your Google Developer account:\nFollow the instructions provided under Invite Wix to access your Google Developer account. Once you've completed all the instructions in this section, including giving Wix permissio"", ""r Google account Before you can create a Google Developer account you need to sign up for a Google account. If you've already connected a Google account you can skip this section and move on to Step 2 'Register for a Google Developer account.'To create or sign in to your Google account:\nGo to your Branded App dashboard in your Wix account.\nNote: If this is your first time in the Branded App dashboard, click Get Started and design your app first. Click the Developer Accounts tab. Click Connect under Google Developer Account. This is where you provide Wix with all the necessary information we need to connect to your Google account.\xa0 Click Create a Google Account and follow the instructions provided. Once you've created a Google account, click I've created a new Google Account under Required "", "" user you want to remove. \nNote: Depending on your Google account setup, you might need to confirm that you want to delete the user. Follow the on screen prompts to complete the process.\xa0Tip:If the user you need to delete has a Workspace Admin status, you'll need to revoke their Admin status before deleting their account.Step 2 | Contact Wix Customer CareOnce you have successfully completed step 1, please contact Wix Customer Care.\xa0We'll update our billing system so that you are only billed for the remaining business emails going forward.\xa0""]",15.612711429595947
How do I know if I have paid for Wix to host my site?,I don't know. The provided context does not mention anything about paying for Wix to host your site or a method to check if you have done so.,"[""Wix Payments: Understanding the Status of Your Account\nWix Payments is not yet available for all users.After connecting Wix Payments as a payment method, your account can have one of the below statuses, depending on a number of factors (e.g. whether you've filled in all the relevant information, or if you account requires verification).\xa0To check your account status:\nGo to Accept Payments in your site's dashboard. Check the status next to the relevant payment method.Select a status below to learn more:PendingYou have connected your Wix Payments account to your site, but you cannot yet accept payments.\n\nTo start accepting payments, you need to:\nPublish your site. Upgrade it to a Wix Premium or Studio site plan that allows you to accept payments.Accepting PaymentsYou have connected your Wix P"", ""ects you submit, the more Wix Marketplace requests you'll get. You can also add the project to your Wix Marketplace profile.\xa0Note:You can only submit a URL/site once as a project in the Wix Marketplace. In order to submit a project, the site must be in your Wix Studio workspace with an owner or collaborator role.To submit a completed project:\nGo to Marketplace Overview\xa0in your Wix Studio workspace. Click the Projects tab. Click the relevant project Click\xa0Mark as Completed\xa0at the top right.\xa0 Answer the following questions about the project:\n    \nWhat's the website URL?\xa0Enter the URL of the live website. How much did you charge?\xa0Enter the total cost you charged your client.\xa0 What was the project type?\xa0Click the drop-down and select the type of project completed.\xa0 What type of service did you"", "" the Wix app.What options are available through the Admin Actions?Tapping each Admin Action, directs you to the Wix app, where you'll have full control over your sites.\xa0The Dashboard gives you an overview of how your site is doing. You can see summaries of important metrics such as site traffic, sales, and customer behavior.\xa0You can also get your site discovered by enabling the site search feature from the Wix app.Can I experience my site as a member?Yes. Tap on any site to see how it appears to your members.""]",16.169385194778442
how to reorder my product catalogue in Wix Stores,"To reorder your product catalogue in Wix Stores, go to Categories in your site's dashboard. Select the relevant category and click and drag the products to change the order. Then, click Save.","[""Wix Stores: Changing the Order of Products in a Category\nMake sure your best products are noticed by placing them front and center.\xa0To reorder products on your site, go to the Categories tab in your site's dashboard. When you reorder products there, it changes the order on your site, wherever you display that category.To reorder products:\nGo to Categories\xa0in your site's dashboard. Select the relevant category. Click and drag the products to change the order. Click Save.Tip:If you're using the Category Page, you can override the product order you set in the dashboard.\xa0To do so, click the Category Page in your editor, click Settings, and select the Sorting tab. You can select any of the following order choices from the Order products by drop-down.\n"", ""Wix Photo Albums: Reordering the Products in Your Photo Album Store\nImportant:Wix Photo Albums Store is not available to all users. As of February 2023, it is no longer possible to add Wix Photo Albums Store to your site. As an alternative, you can add Wix Stores to your site and connect it to Printful to sell your photos.Organize the order of your products in your Photo Album store to provide a better experience for your clients. You can order them so that similar products are grouped together, or to display complete collections together.\xa0To change the order of your products:\nGo to Photo Albums in your site's dashboard.\xa0 Click the Album Store tab on the left.\xa0 Click Pricing.\xa0 Hover over the relevant product and drag and drop it to a new location.\xa0 Click Save.\xa0 Publish or preview your site"", 'Wix Editor: Reordering Menu Items\nYou can reorder the items on your menu from the Menus & Pages panel.To reorder menu items:Click Menus & Pages on the left side of the Editor.\xa0 \xa0 \xa0 \xa0 \xa0 \xa0 \xa0 \xa0 \xa0Click and drag the menu items to a new position in the list.']",15.012534379959106
Could I get a reimbursement for a plan renewal I have now cancelled?,I don't know.,"['Repurchasing a Site Plan Canceled Due to Payment Issues\nIf your Premium or Studio site plan renewal payment failed due to payment issues, please update your payment details and we will attempt the charge again.If your site plan was already canceled due to payment issues, you can simply purchase a new plan by upgrading the site again.Unable to repurchase:If you are having trouble repurchasing a site plan after cancellation, unassign the canceled plan from your site and try to upgrade again.', 'paid for and then will change to ""Canceled"" status.\xa0\nNote:\xa0You can undo cancelations for plans with the ""Pending cancelation"" status. If you undo the cancelation, the status of the plan returns to ""Active"". Free Trial:\xa0The recurring plan has a\xa0free trial\xa0and is in its free trial period.Extending a planYou can extend the duration of a customer\'s plan. This can happen, for example, when a customer was sick and wasn\'t able to make use of the plan.\xa0Extending a plan does not charge customers any additional fees.To extend a plan:\nGo to your site in the\xa0Wix app. Tap\xa0Manage\xa0\xa0at the bottom. Tap Subscriptions.\xa0 Tap the relevant subscription you want to extend.\xa0 Tap the More Actions icon \xa0at the top.\xa0 Tap Extend Subscription.\xa0 Tap the Extend this subscription till drop-down and select the relevant da', ' \xa0next to the relevant plan. Click Cancel Plan. Click Cancel Now to confirm.This does not cancel your plan immediately. Your plan will remain active until the end of the current subscription period. At that time, the plan will not renew.\xa0']",10.8528311252594
How can I request a refund for a Wix website renewal purchase?,"To request a refund for a Wix website renewal purchase, you should contact Customer Care and explain why you want a refund, they will review your request.","[""ds through their websites, not through Wix.com.To refund canceled plans purchased using Wix Payments:\nGo to Payments\xa0in your site's dashboard. Click on the payment to refund. Click Refund.\xa0 Enter the amount to refund and a note (if needed). Click Refund.\xa0Notes:\nYou cannot cancel or reverse a refund.\xa0 After providing a partial refund to a customer, you can still refund them for the remaining amount at a later point in time. From Nov 16, 2020, Wix Payments no longer provides free processing for refunded payments (a grace period for existing Wix Payments users will continue until Dec 1, 2020). Standard Wix Payments processing fees apply. For example, in the U.S., if you issue a $100 refund to your customer, the original processing fee of $2.90 + $0.30 for that customer's purchase will not be "", ""ou'll have to issue the refund directly through your payment provider.\xa0To issue a refund:\nGo to Payments in your sites dashboard. Click on the payment to refund. Click\xa0Refund.\xa0\nEnter the amount to refund and a note (if needed). Click\xa0Refund.\xa0Refunding a payment outside of WixFor some payment providers, refunds cannot be processed through the Wix dashboard. Instead, you must complete the refund through your provider's dashboard. Contact your payment provider to learn more about issuing refunds through them.\xa0Note:\nRefunds may be subject to processing fees charged by the payment provider You'll need to check with your provider for information on topics such as refund deadlines and refund proofFAQsTo learn more about issuing refunds, click the questions below.What steps can I take for cancelli"", 'Refund Policy for Wix Domains\nWix domain purchases are separate from Premium or Studio site plan purchases, and therefore do not have a 14-day money-back guarantee.\xa0If you feel that you deserve a refund, see further information about refunds. Alternatively, you can contact Customer Care to tell us why and we will review your request.Note:If you no longer wish to keep the domain you purchased, you can cancel your subscription by turning off the auto renewal process. The domain will expire on the next renewal date.\xa0']",16.743048429489136
I would like to delete my webpage and leave Wix.,"To delete a page from your Wix site, follow these steps:

1. Go to Pages & Menu on the left side of the Editor.
2. (For dynamic pages) Click Dynamic Pages.
3. Hover over the relevant page and click the More Actions icon.
4. Click Delete.

You may also want to consider deleting any associated apps or elements you no longer need, as mentioned in the FAQs section of the article.","[' page.\xa0 Click Delete.\xa0 Click Delete Page.\nGo to your site in the Wix app. Tap\xa0Manage\xa0\xa0at the bottom. Tap\xa0Manage Apps. Scroll down to Forum and tap Remove. Tap Remove again.', 'Wix Editor: Deleting Something From Your Site\nYou may want to update your site and remove components that you no longer need, like elements, pages, or apps. You can delete these at any time so your content stays fresh and relevant.In this article, learn more about:\nDeleting an individual element Selecting and deleting multiple elements Deleting a page from your site Removing an app from your site Frequently asked questions (FAQs)Deleting single elementsYou can delete an element from your site by either using the Delete key on your keyboard, or the right-click menu.To delete an element from your site:\nOpen the Editor. Click the relevant element to select it. Choose how you want to delete the element:\n    \nKeyboard: Press Delete on your keyboard. Right-click menu: Right-click the element, th', ""Wix Editor: Deleting a Page\nYou can delete pages you no longer need from your Editor's Pages & Menu tab. This includes both static and dynamic pages.\xa0Tips:\nTo delete pages associated with Wix apps (e.g. Wix Stores, Wix Events, Wix Blog), you must delete the apps themselves to remove their pages. If you want to delete your home page, you must first set another page as the home page. Then you can delete the page that was used as your home page.\xa0To delete a page from your site:\nClick\xa0Pages & Menu  on the left side of the Editor. (Dynamic pages only) Click Dynamic Pages.\xa0 Hover over the relevant page and click the More Actions icon .\xa0 Click Delete.\nClick Delete to confirm.\xa0 Publish your site to make the changes go live.\xa0\n""]",20.037283658981323
Can you offer me any discounts for Wix hosting?,"I don't know. The provided context only mentions that you get 500MB of storage and 500MB bandwidth with free hosting, but it does not mention any specific discounts or promotions for Wix hosting plans.","[""Wix Site Hosting\nWix offers a comprehensive solution for hosting your website, ensuring it's secure, reliable, and easy to manage. With Wix, you don't need to worry about the complexities of web hosting; we handle it all for you. This allows you to focus on creating and growing your site.We offer free and secure hosting for every Wix website. All you have to do is create your site. This includes 500MB of storage and 500MB bandwidth. Your site comes with a free domain which looks like this: username.wixsite.com/stunningTo get your own custom domain or connect one you already own, upgrade your site with a plan. Having your own custom domain makes it easier to find you online and increase your credibility. By purchasing a plan, you can replace your free Wix domain with a custom domain name, l"", ""Wix Bookings: Offering Free Services\nGive existing clients a free bonus service or offer visitors a free trial of your services with Wix Bookings and Wix Automations.In this article, learn more about:\nOffering free services with Wix Bookings Offering a free trial with Wix AutomationsOffering free services with Wix BookingsWith Wix Bookings you can reward your members with free services as a nice way of saying thank you.To offer members a free service:\nGo to\xa0Booking Services\xa0in your site's dashboard. Click to edit an existing service or click + Add a New Service.\xa0 In the Price & Payment section, click the Price type drop-down and select Free.\xa0 Finish setting up the service and click Save.\xa0Note:You can also offer free classes without requiring clients to book a spot.\xa0Offering a free trial wi"", "" succeed. We're here to help you grow and thrive.Free hosting and storageHosting can be a real hassle, but not with Wix. We've got your back! Your website will reside securely on our platform, allowing you to focus on what you do best—creating fantastic content. Security is our priority, so you can have peace of mind. Learn more about our free and secure web hosting.You'll enjoy 500MB storage and 1GB bandwidth. You'll also get a free Wix domain in the form of siteprefix.wixsite.com/siteaddress. It's a great way to kickstart your online presence and showcase your brand with a personalized web address. A custom domain gives your website a professional touch and helps you stand out.Access to hundreds of appsWant to add extra functionality to your website? Explore the Wix App Market, where you""]",20.371830940246582
How can I make my image fit in the space correctly on my homepage in Wix Editor?,"To make your image fit in the space correctly, use the options in the toolbar above your image to customize it. Select a size for your image: Original Size, Small Fit, Best Fit, or Full Width.","['ge, or click +Upload Media to add a new image. Click Add to Page.\n Use the options in the toolbar above your image to customize it.\n    \nSelect a size for your image: Original Size, Small Fit, Best Fit, or Full Width. Select an alignment for your image: Left, Center, or Right. Click the Edit Image icon \xa0to customize the image in the Wix Photo Studio.\xa0 Click the Link icon \xa0to add a link to your image. You can link to a web address or a section on your site.\xa0 Click the Replace icon \xa0to choose a different image. Click the Delete icon \xa0to remove your image.\n   Click Publish Changes at the bottom of the post.\xa0Tips:\nMake sure to add images of the recommended size. If you align media to the left or right, you can add text beside it.\xa0Gallery\nClick the Gallery icon . Select the images on your compu', '\nClick Image. Select an image, or click +Upload Media to add a new image. Click Add to Page.\n Use the options in the toolbar above your image to customize it.\n    \nSelect a size for your image: Original Size, Small Fit, Best Fit, or Full Width. Select an alignment for your image: Left, Center, or Right. Click the Edit Image icon \xa0to customize the image in the Wix Photo Studio.\xa0 Click the Link icon \xa0to add a link to your image. You can link to a web address or a section on your site.\xa0 Click the Replace icon \xa0to choose a different image. Click the Delete icon \xa0to remove your image.\n   Click Publish.\xa0Tips:\nMake sure to add images of the recommended size. If you align media to the left or right, you can add text beside it.\xa0Gallery\nClick Gallery. Select the images you want to include, or click ', ""Wix Editor: White Spaces Appearing on Background\nA white space displaying in the background of your site, can occur when your background is set to scroll with your site. To resolve this, we recommend having a fixed background.To change the background scrolling setting:\nGo to the relevant page in your Editor.\xa0 Click\xa0Site Design\xa0\xa0on the left side of the Editor. Hover over\xa0Page Background\xa0and click\xa0Customize. Click Settings  on the background image preview. Select It's fixed under Does the image scroll?.Note:The background scrolling option is only available on image backgrounds.""]",20.03806734085083
can I update my invoice after changing the site name,I don't know.,"["" etc.).\xa0If I update the shipping address, will it update the billing address?Changes to the shipping address do not affect the billing address.Can I update the billing address?It is not currently possible to update the billing address.When I make changes, do my contact list and members list get updated?Updates to customer details in a order do not get updated automatically in your site's contact list or members list. They can, however, be updated manually:\nUpdate your contact list.\xa0 Update your member list.\xa0Do tax calculations change after a customer's address is updated?No, tax charges won't be recalculated after the shipping address is updated.\xa0Will my 3rd-party invoicing app send a new invoice after I edit an order?Whether a new invoice is created depends on which app you use. We sugges"", 'ountry cannot be changed.Updating your invoice detailsEdit the invoice details for any of the premium subscriptions in your Wix account.\xa0Note:Updating your invoice details also updates the details of the payment method associated with your subscription. Your changes will apply to any other Wix subscriptions which use the same payment method. Learn more about managing your payment methods for Wix services.\xa0To update your invoice details:\nGo to Billing History\xa0in your Wix account. Click the More Actions\xa0icon \xa0next to the subscription you want to update the invoice for. Click Update invoice details.\nEnter your new details in the relevant fields and click Save.FAQsClick a question below to learn more about updating your invoices for Wix services.Can I update my details for past invoices? It is', ""nvoice link.Can I customize the design of my invoice?Currently, you can only customize the info and logo on your invoices. However, you can vote for this feature.Can I edit an invoice after I've sent it?Yes, you can edit an invoice, as long as it hasn't been marked as Paid or Void.\nGo to Invoices\xa0in your site's dashboard. Click the More Actions\xa0iconnext to the relevant invoice. Click Edit.Learn more about managing individual invoices.Can I delete an invoice?You can delete an invoice if it's in Sent, Draft or Void status. If you want to delete a Paid invoice, you must first change its status to Void.\nGo to Invoices\xa0in your site's dashboard. Click the More Actions\xa0iconnext to the relevant invoice. Click Delete.Learn more about managing individual invoices.I followed the steps above, but I wa""]",16.18692398071289
how can I switch from AI-generated site to custom,"To switch from an AI-generated site to a custom-built site, you need to edit the site brief by selecting ""Edit the site brief"" and making changes as needed. This includes updating your site profile and/or site description, selecting the checkboxes for the sections and pages you want to add, entering changes to the theme, layout, and font colors, and then clicking ""Generate new design"" or ""Regenerate Design"" to start a custom build process.","[""question without answering. End chat & continue: Exit the AI chat completely. Answer: Enter the details into the field.   Click Go to Dashboard to finish setting up your site.Step 2 | Generate a site with AIAfter you've entered your site details, begin generating your site with AI. The look and content is based on your business information and needs, so you can create something personal to you and your business.Once your site has been generated, you can adjust it as needed to ensure it looks the way you want. Continue with the design, make some small changes, or regenerate the site to start fresh.To generate your site:\n(In the dashboard) Click Design Site. Click Generate a Design. Choose what you want to do with your AI-generated site:\n    \nRegenerate Design: Start fresh, and generate a ne"", ""t you want to do with your AI-generated site:\n    \nRegenerate Design: Start fresh, and generate a new site. Tweak Design: Generate a new theme and layout using the same brief for your site. Edit the site brief:\n\nSite profile and/or site description: Update your site or business details. Site structure: Select the checkboxes next to the sections and pages you want to add to your site. Theme: Enter the changes you want to make to your site's theme, font and colors.\nTip: Click Generate new theme to change the elements or click Shuffle these colors to apply the same theme but switch the primary and secondary colors. Layout: Enter the changes you want to make to your site's theme, font and colors.\nTip: Click Generate new layout to change the whole design or click Shuffle this layout to apply a "", ""se what to do next:\n    \nUse Text: Apply this text to the text box you selected.\xa0 Copy Text: Copy the text to your clipboard.   (Optional) Click Edit Text to make changes to the AI-generated text.Didn't like the suggestions?You can refine the information you entered on the left side of the panel, and click Create Text to try again.Did you know? You can utilize the power of our AI Website builder to create a one-of-a-kind site, tailored to your business needs.\xa0""]",17.92443037033081
i cant create a new gallery in my website. it only refers to portfolio templates,"I don't know. The provided context doesn't mention anything about creating a new gallery or how to do so. It discusses customizing existing galleries, but there's no information on creating a new one.","['el in your editor. For displaying a portfolio requiring individual galleries, we recommend using\xa0Wix Portfolio\xa0or\xa0dynamic pages.\xa0Where can I find more information about Wix Pro Gallery?This glossary gives a comprehensive list of the settings available to help you customize your gallery.\xa0', "" the Margins slider to set the distance between the edges of your site and the element.\xa0 Disabled: The Project Page element appears within the Editor's gridlines and doesn't fill the width of your site.\xa0  Edit the portfolio gallery\nClick the Portfolio Gallery element in your editor. \xa0 Choose what you want to edit:\n    \nLayout: Click Layout, choose a layout type and click Customize Layout to make further changes including gallery direction and scroll direction.\xa0\nNote: Changing your gallery direction will invert the order of the gallery items displayed. Manage Media: Choose which images and videos appear in the gallery, import media, and more. Learn more about adding images when you create projects. \xa0 Settings: Click the Settings icon \xa0to choose what happens when items are clicked, what show"", ""the width of your site. Use the Margins slider to set the distance between the edges of your site and the element.\xa0 Disabled: The Portfolio Page element appears within the Editor's gridlines and doesn't fill the width of your site.\xa0  Edit the portfolio gallery\nClick the Portfolio Gallery element in your Editor. \xa0 Choose what you want to edit:\n    \nLayout: Click Layout, choose a layout type and click Customize Layout to make further changes including gallery direction and scroll direction.\xa0\nNote: Changing your gallery direction will invert the order of the gallery items displayed.\xa0 Behaviors: Click the Behaviors icon \xa0and set the video play options.\xa0 Design: Click the Design icon  . Then click the What do you want to design? drop-down to choose which part of the gallery you want to design.\xa0""]",16.10744333267212
how to make a Google Drive document accessible without requiring a Google login,"To make a Google Drive document accessible without requiring a Google login, follow these steps:

1. Go to your Google Drive app and select the document you want to share.
2. Click ""Share"" on the top right corner of the screen.
3. Click the dropdown arrow under ""Get Link"".
4. Choose ""Viewer"" as the permission level when sharing the file with others. This will allow them to view the document without needing a Google account.

By setting the permission to ""Viewer"", you're allowing access to the document, but not editing capabilities, and no login is required for viewing.","['dd to Site.Step 2 | Connect your Google accountOnce you\'ve added the Google Drive app to your site, it is time to connect your Google account.\xa0To connect your Google account:\nClick the Google Drive app in your editor.\xa0 Click Settings. Click Connect Account. Sign in to your Gmail account and click Allow. Select a file to display.\xa0 Click Select File or Folder. Navigate to the file or folder you want to display and click to select it. Click Select.\xa0 (If necessary) Click Change to Public.\nNote: When you click Change to Public:\xa0\n\nFiles: This also changes your permission setting in your Google Drive. Folders: Changing the permission to ""Public"" allows not only the selected folder, but also all its subfolders and files, to be viewed by visitors to your Google Drive.\xa0  Step 3 | Edit the app settin', 'Setting Permissions for Google Drive Files and Folders\nNote:The Google Drive app has replaced the Google Docs app.\xa0\xa0With the Google Drive app, you can display any file or folder you have on your Google Drive. In order to do so, they must be set as ""Public on the web"". In this article, we\'ll show you how to change your sharing permissions, and also to set what viewers can do inside the file or folder.Choose what you want to share in the Google Drive app to learn more:\nA single file An entire folderSetting Permissions for a Google Drive FileSome common Google Drive files include Docs, Sheets, Slides, Forms and Drawings. To display any of these on your site, they must be public, however you can choose if you want to allow visitors to edit and comment as well.To set permissions for a file:\nSel', ' choose if you want to allow visitors to edit and comment as well.To set permissions for a file:\nSelect the file you want to share. Click\xa0Share on the top right. Click the drop-down arrowunder Get Link.\xa0 Choose\xa0to share the file with Anyone with the link. To decide what people can do with your file when you share it, select either,\xa0Viewer,\xa0Commenter, or\xa0Editor. Click\xa0Copy link.Setting Permissions for a Google Drive FolderGoogle Drive folders can contain multiple files. If you make the folder public, viewers have access to all the files inside it, unless you change their individual file settings. When making the folder public, you can also choose if others can contribute, or just view the contents.To set permissions for a folder:\nSelect the folder you want to share. Click\xa0Share on the top r']",28.940431118011475
how to check if domain is properly connected,"To check if your domain is properly connected, you can:

1. Go to whatsmydns.net.
2. Enter your domain name without the www. prefix in the search field.
3. Select NS from the drop-down menu.
4. Click Search.

The search result should match the 'Value' field in your Wix records if your domain has propagated correctly, indicating that it is properly connected.","[""ain that is already connected. \xa0 Replace the current primary domain: Connect your domain and disconnect the site's current domain.\xa0   Click Assign.Check your DNS recordsMake sure your domain has the correct Wix name servers in your domain host's account. You can do a DNS lookup to check which name servers are currently resolving for your domain. Click here to view your account-specific name server records.\xa0Check your domain's statusYour domain must have an active status in order to be connected to a site. To check the status of your domain:Go to whois.com.Enter your domain name in the search field and click WHOIS. Review the domain status and expiry date.\xa0Tip: Go to the URL displayed below Domain Status to learn about each status. Note: Contact your domain registrar if you need help ensuri"", ""g on your connection method below:\nChecking Your Domain's Name Server Connection Checking Your Domain's Pointing ConnectionNot sure which connection method your domain is using?Learn more about connecting your domain via name servers vs. pointing.\xa0Checking Your Domain's Name Server ConnectionUse whatsmydns.net to check that your domain has the correct Wix name server records at various locations around the world.\xa0To check your domain's name server records:\nGo to whatsmydns.net. Enter your domain name without the www. prefix (e.g., mystunningwebsite.com) in the search field. (This is the 'host name' in your Wix records). Select NS from the drop-down menu. Click Search.\xa0 The search result should match the 'Value' field in your Wix records, if your domain has propagated correctly.Note:Make su"", ""ou're connecting is currently connected to a different domain, choose an option:\n    \nRedirect it to the primary domain: Redirect your new domain to the site's existing primary domain. \xa0 Replace the current primary domain: Connect your new domain and disconnect the site's existing domain.\xa0   Click Assign.Assign a domain that is not currently assigned to a site\nClick Assign below the domain you want to connect. \n Select the site you want to connect and click Next.\nNote: If the site is currently connected to a different domain, choose an option:\n    \nRedirect it to the primary domain: Redirect your new domain to the site's existing primary domain. \xa0 Replace the current primary domain: Connect your new domain and disconnect the site's existing domain.\xa0   Click Assign.Already purchased a domai""]",22.989107847213745
how do you scroll sections over other sections,I don't know.,"['the relevant section in Editor X. Click the More Actions icon . Click Detach from Global Section.Pinning a global section to the screenPin a global section to the screen to keep it in place as visitors scroll down your site, whether the section is horizontal or vertical. This is a great way make a menu stand out, for example, or a banner you want to display during scroll.Note:You can only add this scroll effect to global sections at the top, bottom, leftmost or rightmost edges of the page.\xa0', ""Editor X: Adding a Background Scroll Effect to a Section\nUsing background scroll effects, you can add a sense of movement to your section as visitors scroll up and down. There's tons of effects to choose from (e.g., Parallax, 3D, Zoom In), all of which can make your content stand out.\xa0Note:The scroll effects available depend on the background type you have chosen for your section (i.e color, media or gradient).To add a background scroll effect:\nSelect a page section. Click the Background Scroll Effects icon .\xa0 Select an effect from the list.\xa0"", 'Editor X: Setting Your Section to Pinned or Sticky\nWant to draw attention to a specific section on your page? Add a scroll effect so it stays visible as visitors scroll up and down. Fix a section to the top, bottom or sides using the Pinned effect, or make it ""stick"" to the page by setting its distance from the top.In this article, learn how to:\nPin your section Make your section Sticky Remove a scroll effectAdding a Pinned Scroll EffectA pinned section stays in position when visitors scroll down. You can fix it to the top, bottom or sides of the page, and decide whether or not it should overlap the neighboring section.\xa0Note:To apply the Pinned effect, your section must border at least 1 edge of the page (top, bottom, rightmost or leftmost) on all breakpoints.\xa0If it\'s a global section, mak']",13.59991455078125
I need to cancel my subscription,"To cancel your subscription, follow these steps:

1. Go to Premium Subscriptions in your Wix account.
2. Click the More Actions icon next to the relevant app.
3. Click Cancel App.
4. Select Cancel auto renew and click Submit.

Note that this will not cancel your plan immediately, but rather prevent it from renewing at the end of the current subscription period.","[""Cancel App. Select\xa0Cancel auto renew\xa0and click\xa0Submit.\nNote: It is not possible to receive a refund for an app subscription. Once you cancel the app, you'll be able to continue using it until the end of the subscription period (month or year depending on the app)."", ' \xa0next to the relevant plan. Click Cancel Plan. Click Cancel Now to confirm.This does not cancel your plan immediately. Your plan will remain active until the end of the current subscription period. At that time, the plan will not renew.\xa0', ""Canceling an App Subscription\nTo prevent any interruption of service, app subscriptions are set to renew automatically. You can cancel your subscription if you no longer need it.Important:Only certain roles, for example site owners, can cancel app subscriptions. If you don't see the option to cancel an app subscription, you may not have the required permissions. Learn more about roles and permissions.To cancel an app subscription:\nGo to Premium Subscriptions in your Wix account. Click the More Actions icon  next to the relevant app. Click Cancel App. Select Cancel auto renew and click Submit.Tip:Don't forget to remove the app from your site if you're no longer using it. Learn more about deleting an app from your site..""]",15.49204969406128
i want to cancel a business email,"To cancel a business email in Wix, follow these steps:

1. Go to Premium Subscriptions in your Wix account.
2. Click the More Actions icon next to the relevant business email.
3. Click Cancel business email.
4. Select the I still want to cancel checkbox.
5. Click Cancel business email.

This will cancel your business email subscription and allow you to maintain access to it until the end of its subscription period.","[""iptions\xa0in your Wix account.Canceling your business emailAfter completing these steps, you will still have access to your business email until the end of its subscription period.\xa0To cancel your business email:\nGo to Premium Subscriptions in your Wix account. Click the More Actions\xa0icon  next to the relevant business email. Click Cancel business email. \xa0 Select the I still want to cancel checkbox. Click Cancel business email.FAQsWe are here to help with all your questions. Click a question below to learn more.I have multiple business emails. How do I cancel one of these? If you have more than one business email, you can choose to cancel only one or some of these instead of all of them. Click to learn how to cancel one of your business emails.I think I've been charged in error. What should I"", 'you cannot cancel the business email after initiating the transfer of the site. \xa0A third-party app was added or canceledAfter initiating the transfer of a site with a third-party app, you cannot cancel the third-party app subscription. In addition, you cannot add a new third-party app subscription after you initiate the transfer.\xa0', "" \xa0Show me how\nGo to the Events tab\xa0in your site's dashboard. Click Edit on the relevant event. Click the Emails tab. Make sure the Cancelation toggle is enabled.\n Click Edit to edit the email text.\n Click Save.Tip:Instead (or in addition to) the cancelation email, you can communicate with guests by sending an email marketing campaign.\xa0Step 2 | Cancel Your EventCancel the event so that no new tickets are sold.Show me how\nGo to the Events tab\xa0in your site's dashboard. Click the More Actions icon for the event you want to cancel. Click Cancel Event. Click Cancel Event to confirm.\nTip: If you enabled cancelation emails in step 1, an email is sent to your guests informing them of the change.\xa0Step 3 | Refund guestsRefunds must be processed through the payment provider used for the sale and are p""]",23.26654028892517
How do I get notified of purchases,"I don't know. The provided context does not mention a way for customers to be directly notified of purchases, only that you can send confirmation emails with tracking numbers and links when fulfilling part of an order or after payment information is added.","['Stores products on your site.To start using Google Analytics with Wix Stores:\nInstall Google Analytics on your site.\xa0 Enable Enhanced eCommerce in Google Analytics.The events you see in your Google Analytics account are:\nProduct Impression: When a visitor views a product you offer. Product Click: When a visitor clicks on a button or link that redirects to a product page. View Content: When a visitor views a product page. Initiate Checkout: When a visitor clicks on the ""Buy Now"" button. Add To Cart: When a visitor adds a product to his cart. Remove From Cart: When a visitor removes a product from his cart. Start Payment: When the visitor is asked to pay (but before he adds his payment information). Add Payment Info: After the visitor added his payment information. Purchase: When a visitor p', ""hases more than one item, you may choose to ship those items separately. In this case, whenever you fulfill part of the order, you can send a confirmation email with the tracking number and link.\xa0\nTroubleshooting email issuesIf your customers are not receiving confirmation emails, try the steps below:Step 1 | Check that automated confirmation emails are enabled\nGo to Checkout settings in your site's dashboard. Click\xa0Edit Emails. Make sure the Send email automatically checkbox is selected.\n\xa0Step 2 | Make a test purchase to see if your store is sending confirmation emailsYou can check if your store is sending emails by placing an actual order. To avoid paying for the order, you can temporarily enable the Manual Payment method and then buy one of your products.\xa0Step 3 | Check for customer mai"", 'fied, the following happens:\nThe ""Add to Cart"" button changes to ""Notify When Available"" when an product is out of stock.\xa0 You get an email notification.\xa0 The request appears in the Back in Stock Requests tab in your site\'s dashboard.\xa0 The customer gets notified when the item is back in stock (unless you deactivated this option).To start collecting customer requests:\nGo to the Back in Stock Requests tab in your site\'s dashboard. Click Start Collecting Requests.Activating customer notificationsAfter you start collecting requests, you can activate automated notifications so that customers get an email when the product they like is back in stock.To activate automated notifications:\nGo to the Back in Stock Requests tab in your site\'s dashboard. Click Activate Automation.Customizing the notific']",19.706108331680298
how can I purchase additional business emails with a specific domain,"To purchase additional business emails with a specific domain, you can follow these steps:

1. Go to Business Email in your Wix account.
2. Click Show User Info on the relevant account (this will show you all the users and emails associated with that account).
3. Click the More Actions icon.
4. Select ""Add User"" and then ""Add new user"".
5. Choose the domain you want to add the business email for.
6. Enter the desired username, password, and other settings as needed.

Alternatively, if you're purchasing additional emails in bulk, you can follow these steps:

1. Go to Business Email in your Wix account.
2. Click on ""Manage"" next to the number of business emails you currently have.
3. Click ""Add more"".
4. Select the number of business emails you want to add.
5. Choose the domain for the new business emails.
6. Follow the prompts to complete the purchase and set up the additional business emails.

Note that there is a limit of 300 business emails per domain, and only 20 business emails can be purchased per transaction.","['or any additional business emails I purchase?When purchasing an additional business email, you are billed immediately and the renewal occurs on the same date as your existing, original business email subscription.\xa0The initial charge covers the period from when you add the additional business email up to the renewal date of the original business email subscription.Can I purchase as many business emails as I want for a domain?There is a limit of 300 business emails. Additionally, there is a limit of 20 emails purchased per transaction.', 'tunningwebsite.com. If you have already purchased a Google Workspace email, you can also purchase additional emails for the same domain.\xa0Can I change my business email plan to a different plan?Yes. If, at a later date, you decide you need additional storage or features, you can upgrade your Workspace plan whenever you need to.\n\nNote: At the moment, Wix only supports upgrades to higher-tier plans.Is there any limit on the amount of business emails I can buy? You can buy up to 300 business emails, but you can only purchase 20 per transaction. For example, if you want to have 100 business emails, you need to purchase 20 at a time - so you would need to make five transactions.What can I do if I am experiencing issues with the authentication process? After submitting your purchase, your bank ma', 'Google Workspace: Setting Up Additional Workspace Users from Wix\nManage your incoming emails by setting up additional business email addresses for different parts of your company.If you own a company called Clothes by Wix, for example, and have the domain name clothesbywix.com, you can create more business emails for the different departments: \xa0info@clothesbywix.com, contact@clothesbywix.com, orders@clothesbywix.com, etc.\xa0In this article, learn more about:\nSetting up additional business emails Frequently asked questions (FAQs)Note:In order to set up additional Google Workspace business emails you must first purchase additional business emails.\xa0Setting up additional business emails\nGo to Business Email in your account. Click Show User Info on the relevant account Click the More Actions icon']",32.50781989097595
is there a way to add a consent form under contacts and save it for each person,"I don't know. The context does not mention adding a consent form under Contacts, nor does it provide information on saving a specific consent form for each person. It only provides instructions on how to create a form with a checkbox for explicit consent, but it doesn't cover how to add a separate consent form specifically for contacts.","['Click Settings and add a form name to your form.\nClick\xa0Add Elements\xa0\xa0on the left side of the editor. Click Contact & Forms. Click Create New Form or select a form from the premade templates and drag the form element onto the page.\n Click Edit Form.\xa0 Click Settings and add a form name to your form.Step 2 | Adding an explicit consent checkboxYou can receive explicit consent by adding a ""Terms of Use"" checkbox to your form. Visitors are required to select the checkbox before they can click Submit. Add a link to your ""Terms of Use"" page so that visitors can read them.\nClick the form in your editor. Click Edit Form. Under Add form fields, click Checkbox.\xa0 Click the checkbox in your editor and edit the following:\n    \nAdd a Field message: This is the text that appears next to the checkbox (e.g.,', ""Using Wix Forms to Receive Explicit Consent\nYou can add Wix Forms to your site to receive explicit consent from your site visitors before processing their data.\xa0Important:In many countries, consent is required before customer data can be processed. Learn more about preparing your site for the GDPR and the CCPA.Step 1 | Adding and setting up your formUsing Wix Forms you can add a form to your site to collect information from your visitors. You can set up and design your form to match your site's style.Wix Editor Wix Studio\nClick Add  on the left side of the editor. Click Contact & Forms. Scroll through the available form templates and drag the one you want onto your site.\xa0\n Click Edit Form.\xa0 Click Settings and add a form name to your form.\nClick\xa0Add Elements\xa0\xa0on the left side of the editor."", ""ut the registration form.To allow guests to bring a friend:\nGo to the Events in your site's dashboard. Select the relevant event. Click the Settings tab.\nClick Edit next to Registration Form. Click +Add More Options.\nSelect Additional Guests. Select how many guests are allowed to attend the event:\n    \nSingle Guest: Guests may bring one additional guest. Multiple Guests: Select the number of additional guests (up to 10).   Edit the Additional guest text field. Select the Guest names are required checkbox to require guests to enter the names of additional guests. Click the checkmark to confirm. Click Save.FAQsClick a question below to learn more about customizing the registration form.How can I read responses to registration form questions?The Guests tab is the place to view responses that ""]",19.91034770011902
Can Wix help contact the owner of a domain registered with them?,"Yes, if the answer is not in the context, say ""I don't know.""

Unfortunately, I don't have enough information to determine whether Wix can help contact the owner of a domain registered with them. However, according to the provided context, they do offer assistance for this purpose:

""If you are having trouble contacting the domain registrant, please contact Wix Customer Care""","['ferring it away from Wix, please contact Wix Customer Care for further help.\xa0Please have your account and domain name ready.', ""and update the contact information for any domains that you have purchased or transferred to Wix. \xa0To view and update your domain contact information:\nGo to Domains\xa0\ufeffin your Wix account. Click the Domain Actions icon\xa0\xa0next to the relevant domain. Click Edit contact info.\nNote: If this option is missing, your domain was purchased elsewhere and you must contact your domain host to update the contact information.\xa0\nEdit your contact information. (Optional) Use different contact information for your Technical or Administrative contacts:\n    \nDeselect the Use registrant contact info checkbox below the relevant contact type. Enter the person's contact details.\xa0   Click Save.Note:As a domain registrant owner, you are required to confirm your domain contact info within two weeks after registering t"", 'ain is registered under a different registrar, even if purchased with Wix as a reseller, other terms may apply to you.Public registrationSelecting Public registration when buying or transferring your domain means that your personal information is available on WHOIS.\xa0Some information is not publicly listed, however. As your registrar, Wix automatically lists an alternative email address (e.g. example.com@wix-domains.com) and phone number instead of your personal information. To help minimize spam, anyone trying to get in touch with you will be referred to a dedicated online contact form instead (with the exception of ICANN, the domain regulatory body).Your other personal and contact information is publicly available unless you purchase additional protection such as private registration or D']",15.899430751800537
How can I change my Premium plan on Wix?,"To change your Premium plan on Wix, follow these steps:

1. Go to Premium Subscriptions in your Wix account.
2. Click the More Actions icon next to the relevant plan.
3. Click Change Plan.

Follow the steps on screen depending on your choice of plan change.","['Changing Your Premium or Studio Plan\nIf you purchased a Premium plan or a Studio plan, you can change to a different plan (of the same duration) at any time.\xa0For example, if you are currently on a monthly plan, you can change to any other plan with a monthly subscription period.\xa0Changing your plan\nGo to Premium Subscriptions in your Wix account. Click the\xa0More Actions icon\xa0next to the\xa0relevant plan.\xa0 Click Change Plan.\nSelect the plan you want to change to. Follow the steps on screen depending on your choice of plan change.Alternative instructionsThere are some exceptions where changing your plan is not possible. Please follow the alternative instructions below if either of the following applies to you:\xa0\nYou want to change a plan that was transferred from another account. The Change Plan b', ""ment request, contact Wix Customer Care. Our experts can revoke the payment link in the payment request, and your client will not be able to upgrade via that link.\nIf your client has already purchased a Premium plan via a payment request, and if they wish to cancel that plan, they'll need to do it themselves."", 'I need a Premium plan to accept payments?Yes. Your Wix site needs to have a Premium plan that supports payments in order to accept payments.\xa0']",13.220609903335571
how can i delete a copy site,"I don't know. The provided context only discusses how to delete an existing site, not how to create or delete a copy of a site.","['te List\xa0drop-down at the top. Tap the More Actions icon\xa0 next to the relevant site. Tap Move to Trash, then tap Move to Trash to confirm. (Optional) Tap the Trash folder to permanently remove a site.\n    \nTap the site you want to delete. Tap Remove Site, then tap Remove to confirm.  Notes:\nOnly site owners can delete a site. When you permanently delete a site, all site and member data will be erased and you cannot restore it.\xa0\nGo to the relevant workspace in the Wix Studio app. Tap Sites \xa0at the bottom. Tap the More Actions icon\xa0 next to the relevant site. Tap Move to Trash, then Move to Trash to confirm. (Optional) Tap the Trash folder to permanently remove a site.\n    \nTap the site you want to delete. Tap Remove Site, then tap Remove to confirm.  Notes:\nOnly site owners in your workspace', ""Deleting or Restoring a Site\nYou can delete sites that you're not using directly from the Wix app and the new Wix Studio mobile app. When you delete a site, it becomes unpublished and you can no longer edit it.If you decide you need it again, you can restore it within 90 days. After 90 days, your site is permanently deleted.\xa0Deleting a siteWhen removing a site, you have a couple of options to choose from. You can move it to the trash folder or permanently delete it. \xa0All sites are easily located from your site list, which vary depending the app you're using.Click the relevant app below to locate the site you want to delete.Wix appStudio app\nGo to the Wix app on your mobile device. Tap the\xa0Site List\xa0drop-down at the top. Tap the More Actions icon\xa0 next to the relevant site. Tap Move to Tras"", 't.\xa0To delete a site page:\nClick\xa0Pages\xa0\xa0on the left side of the Editor. \xa0 Click\xa0Main Pages. Click the\xa0More Actions\xa0icon\xa0\xa0next to the page you want to delete. Select\xa0Delete. Click\xa0Delete\xa0to confirm.']",13.786038637161255
I would like to cancel domain and get the refund,"To cancel a domain, follow these steps:

1. Go to your Domains page.
2. Scroll to the relevant domain.
3. Click the Show More icon.
4. Select Remove from Wix.
5. Click Remove Domain.

After removing the domain, you will need to proceed with the account closure process and potentially choose a plan to cancel to receive your refund.","[""count. Click the Show More icon  next to the relevant domain. Click Cancel Domain. Select Cancel auto renew and click Submit.Learn more about about what happens if you cancel a domain.Removing a domain purchased from another hostIf you purchased your domain from another domain host, you can remove it from the Domains section in your Wix account. The DNS will no longer be managed by Wix and you can manage it at the domain host you purchased it from.Show me how\nGo to your Domains page.\nNote: If you have more than 1 domain in your account, scroll to the relevant domain.\xa0 Click the Show More icon \xa0and select Remove from Wix.\n Click Remove Domain.Next Steps:Once you've removed the domain from your account, follow the steps to continue with the account closure process.Frequently Asked QuestionsW"", ' or Cancel and refund order.\n', ""sing it to receive a full refund. There's no need to submit a request, simply click the button below to choose a plan to cancel.\xa0If you're eligible, your payment method will be refunded automatically. Please allow up to 20 business days for your refund to appear on your credit card statement.After canceling, your site plan is immediately deactivated and you can no longer make use of Wix's premium features (e.g., removing Wix ads or connecting your own domain).\n\n         Click to cancel your plan now\n    \n\n\n        Choose plan to cancel\n      \n\nImportant:Wix is not responsible for any bank charges, commissions or overdrafts. The only way to remove these charges is through direct negotiation with your bank.FAQsClick a question below to learn more about refunds for site plans.Does the 14-day ""]",12.30102014541626
how can I delete my shop and cancel my plan,"I don't know. The context only provides information on how to allow clients to cancel plans themselves or cancel a plan through the site's dashboard, but it doesn't mention deleting a shop or cancelling a plan in that manner.","[' \xa0next to the relevant plan. Click Cancel Plan. Click Cancel Now to confirm.This does not cancel your plan immediately. Your plan will remain active until the end of the current subscription period. At that time, the plan will not renew.\xa0', 'refund.\xa0Tip:You can undo cancelations for plans with the ""Pending cancelation"" status. If you undo the cancelation, the status of the plan returns to ""Active"".\xa0Allowing clients to cancel plansYou can allow clients to cancel a plan themselves through their private Members Area on your site.\xa0Before you begin:\nMake sure to add a Members Area to your site.\xa0 Add a My Subscriptions page to your Member\'s Area.To allow clients to cancel a plan themselves:\nGo to Pricing Plans in your site\'s dashboard. Create a new plan or click to edit an existing one. Scroll down to Settings. Enable the Allow Plan Cancellation toggle. Click Save to save the plan. Repeat steps 3 - 5 for any other plans for which you want to enable cancellation.Plans canceled through payment providersFailed payments automatically ca', 'r site.\n\n           Click to cancel your plan now  \n    \n\n\n         Choose plan to cancel \n      \n\nView step-by-step instructions\nGo to Premium Subscriptions. Click the Show More icon  next to the relevant plan. Click Cancel plan. Click Cancel Now in the pop-up to confirm.\nNote: This does not cancel your plan immediately, rather your plan simply does not renew at the end of the subscription period.']",13.08447003364563
how can I download all my ebooks as digital products from my Wix Store,"I don't know. The provided context does not mention importing or exporting digital products, including ebooks. However, it states that importing or exporting digital products is currently not supported and notes that the company is working to improve their products based on customer feedback.","[""Wix Apps Request: Selling Self-Published Books Using Automatic Distribution with Lulu.com\nCurrently, it is not possible to sell physical copies of books using Lulu.com's automatic distribution service.\xa0We are always working to update and improve our products, and your feedback is greatly appreciated.\xa0"", ""Wix Stores Request: Importing or Exporting Digital Products\nCurrently, you can import or export a list of your store's physical products, however, importing or exporting digital products in not supported.We are always working to update and improve our products, and your feedback is greatly appreciated."", 'Wix Apps Request: Integrating with Lulu.com to Sell Self Published Books\nCurrently, it is not possible to sell self published physical books from your site using the automatic distribution service from lulu.com.We are always working to update and improve our products, and your feedback is hugely appreciated.']",9.968086957931519
how can I get my invoices for services paid for at Wix,"I don't know. The context provided is about creating an invoice and sending it to customers, but it doesn't mention how to retrieve or access existing invoices that have been paid for services.","[""Wix Invoices: Creating an Invoice\nDon't have a Wix account?Create invoices quickly and easily with the Wix Invoice Generator. Using this tool is completely free of charge and doesn't require any registration.\xa0Use Wix Invoices to streamline your billing process. Generate, send, and track invoices, and process the payments through Wix. You can personalize your invoices with discounts, deposits, taxes, etc., and email them to customers who can view and pay them through a custom link.Important:This article refers to the Wix Invoices feature. If you are looking for your invoices for payments you made to Wix, click here.Before you begin:In order to accept payments from clients in Wix Invoices, you must set up a payment method. If you've already set up a payment method (e.g. for Wix Stores, Wix B"", ' can only be accessed from your dashboard.\nGo to your site in the\xa0Wix app. Tap\xa0Manage\xa0\xa0at the bottom. Tap Getting Paid.\xa0 Tap Manage Invoices. Tap\xa0+\xa0Create New.\nTip:\xa0If this is your first invoice, tap\xa0Create an Invoice\xa0and add your business logo, name, and email address. Then tap\xa0Save & Continue.\xa0 Tap\xa0+\xa0Add Customer\xa0to select a contact or create a new one.\xa0 Tap the\xa0Due Date\xa0drop-down to select the date the invoice is due.\xa0 Add items to the invoice:\xa0\n    \nTap\xa0+ Add Items\xa0and select an existing product or service, or create a new one. Enter the Price and Quantity.\xa0 (Optional) Add tax to the invoice:\xa0\n        \nTap + Create New Tax and enter the name and rate of the tax, then tap Save.\xa0 Tap the Tax drop-down to add more than one tax type select the tax options you want to apply. Then tap Done.\xa0', ""Requesting Payment via Invoice for an Unpaid Order\nImportant:This article is relevant for Wix Stores, Wix Bookings, and Wix Restaurants Orders (New).You can create an invoice for any of your unpaid orders to request payment.\xa0If you email the invoice to your customers or provide it as a shared link, they can conveniently click Pay Invoice to make online payments using any of your available payment methods.To manually generate an invoice for an unpaid order:\nGo to Orders in your site's dashboard. Select the relevant unpaid order.\xa0 Click the\xa0Collect Payment\xa0drop-down and select\xa0Charge with invoice. Click Create Invoice.\nTip: This creates a saved draft of your invoice. Select how to send the invoice to your customer:\n    \nShare using a link:\n\nClick Share link at the top.\xa0 Click Click Here to C""]",19.20888590812683
how to cancel a payment for a Wix Premium plan,"I don't know. The context only mentions how to cancel a subscription, but it doesn't provide information on how to cancel a payment specifically for a Wix Premium plan.","[""ment request, contact Wix Customer Care. Our experts can revoke the payment link in the payment request, and your client will not be able to upgrade via that link.\nIf your client has already purchased a Premium plan via a payment request, and if they wish to cancel that plan, they'll need to do it themselves."", ""all associated benefits, and you start collecting upcoming payments again.To reactivate a suspended plan:\nGo to your site in the\xa0Wix app. Tap\xa0Manage\xa0\xa0at the bottom. Tap Subscriptions. Tap the relevant subscription you want to reactivate. Tap the More Actions icon  at the top. Tap Reactivate.\xa0 Tap Yes, reactivate to confirm.\xa0Canceling plansIf a customer no longer wants to continue a subscription or you haven't received payment, you can manually cancel a subscription.\xa0To cancel a subscription: \nGo to your site in the\xa0Wix app. Tap\xa0Manage\xa0\xa0at the bottom. Tap\xa0Subscriptions\xa0under\xa0Business. Tap the plan you want to cancel. Tap the More Actions\xa0icon . Tap\xa0Cancel Subscription. Tap\xa0Yes, cancel\xa0to confirm.Issuing refunds:\nTo refund a plan with a one-time payment: To issue a refund, contact your payme"", 'l a plan Refunding cancelled pricing plans purchased with Wix PaymentsAllowing clients to cancel a planAllowing clients to cancel their own subscriptions is a great way to offer them more flexibility and better service.\xa0To allow clients to cancel a plan:\nGo to Pricing Plans\xa0in your site\'s dashboard. Create a new plan or edit an existing one. Scroll down to the Settings section. Click the Allow plan cancellation toggle to decide if members can cancel their own subscription:\n    \nEnabled:\xa0Members can cancel this plan from their ""My Subscriptions"" page.\xa0 Disabled:\xa0Members won\'t be able to cancel their plan.\nNote: We recommend to only disable cancellation if it complies with all relevant rules and legislation (e.g. payment network rules).\xa0   Click Save to update the plan. Repeat steps 2 - 5 to']",15.290585994720459
How can I connect elements to my dataset in Wix?,"To connect elements to your dataset in Wix, follow these steps:

1. Go to the Add panel in your Editor.
2. Click on the element you want to add and select it in the Editor.
3. Click on the Connect to Data icon (or ) depending on whether you are using Wix Editor or Editor X.
4. Select the dataset you want to connect the element to under ""Connect a dataset"".
5. Choose what you want to connect to each field under Connection Options or Components, and add new fields as needed if necessary.

Alternatively, for Wix Blocks Request, enabling data binding:

1. Select the element you want to connect to the dataset in your editor.
2. Click on the Connect to CMS icon .
3. Choose a dataset from the drop-down menu.
4. Select the collection fields or dataset actions you want to connect to each part of the element.

Finally, to preview and publish your changes:

1. Click Preview to test your CMS connections.
2. If ready, click Publish to make the changes go live.","['an element and connect it:\nGo to the Add panel in your Editor.\n    \nWix Editor: Click Add  on the left side of the Editor. Editor X: Click Add  at the top of Editor X.   Click the element you want to add. Select the element in the Editor and click the Connect to Data icon \xa0(or  in Editor X). Select the dataset you want to connect the element to under Connect a dataset.\nChoose what you want to connect to each field under Connection Options or Components.\nNote: The options vary depending on the type of element. For example, most elements have Connection Options while repeaters have a Components section.Tip:If your collection does not have the correct field type, you can add a new collection field when selecting connection options. From the relevant Connection Options field, select Add a new ', 'Wix Blocks Request: Enabling Data Binding\nWe are pleased to announce that you can now create datasets and connect app elements to collections with data binding.Learn how to connect elements to collection fields.', 'image or a button, you can choose click actions to determine what happens when visitors click them (e.g. load more, submit, next item).\xa0Wix EditorStudio Editor\nIn your editor, select the element you want to connect to the dataset. Click the Connect to CMS icon . Click the Choose a dataset drop-down and select the dataset you want to connect. Click the relevant drop-down menus under Connections and choose the collection fields or dataset actions you want to connect to each part of the element.\xa0The connection options vary depending on the type of element you connect.\xa0\nClick\xa0Preview\xa0to test your CMS connections.\xa0 Click\xa0Publish\xa0if you are ready to make the changes go live.\xa0\nIn your editor, select the element you want to connect to the dataset.\xa0 Click the Connect to CMS icon . Click the Choose ']",31.899763822555542
how can I rename my existing Wix site,"There are a few ways to rename an existing Wix site:

1. From the Wix app:
   - Go to your site in the Wix app.
   - Tap Manage at the bottom.
   - Tap Mobile App.
   - Tap Edit.
   - Tap Change Header Design.
   - Tap Customize.
   - Enter the new site name under Title and tap Save.

2. From the File Share app on your live site:
   - Go to the File Share app on your live site.
   - Log in using the email address associated with your Wix account.
   - Click the Show More icon next to the file or folder you want to rename.
   - Select Rename.
   - Enter a new name and press Enter on your keyboard.

3. From the site's dashboard (optional for free sites only):
   - Go to your site's dashboard.
   - Click Site Actions.
   - Click Rename Site.
   - Enter your new site name.
   - Edit the Site Address (URL) if you want to change your site's free domain.
   - Click Save.","['Wix App: Renaming Your Site\nFrom the Wix app, you can change the name of your site on the go. Changing the name of your site in the Wix app also updates it in your site dashboard.To rename a site:\nGo to your site in the Wix app. Tap Manage at the bottom. Tap\xa0Mobile\xa0App.\xa0 Tap\xa0Edit. Tap Change Header Design. Tap Customize. Enter the new site name under Title. Tap Save.Tip:Edit the details and design of your header such as adding a catchy tagline, your business logo and a cover photo.', ' site\nGo to the File Share app on your live site. Log in using the email address associated with your Wix account. Click the Show More icon \xa0 next to the file or folder you want to rename. Select Rename.\nEnter a new name. Press Enter on your keyboard.', ""Renaming Your Site\nYou can rename your site for any reason, to align with your brand, or to correct a typo or test name. When you create multiple Wix sites, it helps to name each site so it's easy to spot on your My Sites page.Note:The browser tab on your live site displays your site name if you haven't updated the page's title tag. Go to the SEO Panel in your Editor to update the title tags of your pages.\xa0To rename your site:\nGo to your site's dashboard. Click Site Actions. Click Rename Site.\nEnter your new site name. (Optional for free sites only) Edit the Site Address (URL) if you want to change your site's free domain. Click Save.What's next?Your site's Business Information shows up in search results, invoices, chat, and more. Learn how to update your business information,\xa0""]",32.22402024269104
how do I connect my existing business email to my website,"According to the context, you need to:

1. p-down menu and check if your email provider is listed.
2. If your email provider is listed, select it from the list and click Start Connecting.
3. If your email provider is not listed, click Other (provider not on the list) and proceed to get your email provider's MX records (and any other necessary DNS records).
4. Provide your email provider with a template for adding or updating MX records in your Wix account.

This should allow you to connect your existing business email to your website.","['p-down menu and check if your email provider is listed:\n    \nIf your email provider is listed: Select them from the list and click Start Connecting. You\'ve just added your provider\'s MX records and do not need to continue adding them in the next steps. \xa0 If your email provider is not listed: Click Other (provider not on the list) and proceed to the next step.\xa0  Get your email provider\'s MX records (and any other necessary DNS records).Click here for an email template to use when contacting your email provider:""Dear {name of email host (e.g., GoDaddy)},\n\nMy name is {your name} and I purchased an email account from you for the following domain: {your domain name (e.g., www.mystunningwebsite.com)}. I\'ve built a site on Wix.com and I\'m using their name servers. Please provide me with the requi', ""rn more about adding or updating MX records in your Wix account.What are DNS records? Domain Name System (DNS) records tell your domain where to go to load your website. They are used to map your website address to an IP address (the unique identifier for objects on the internet).What are MX records?Mail Exchange (MX) records are\xa0a type of DNS record. They specify the mail server to which any of your mail should be directed. If you have a domain-based email address (e.g., contact@yourdomain.com), your domain must have your email provider's MX records added to its DNS records for your mailbox to work.\xa0What is an 'email provider'?Your email provider is the site you purchased your business email from.\xa0"", ""I purchased an email account from you for the following domain: {your domain name (e.g., www.mystunningwebsite.com)}. I've built a site on Wix.com and I'm using their name servers. Please provide me with the required MX records and any other necessary DNS records so that I can forward them to Wix and have my emails redirected back to you.Connecting your email by entering MX and other DNS recordsYou can add MX records or other DNS records to your domain manually. You may want to do this if your email provider has given you specific MX records required to connect your email.Some email providers require you to add additional DNS records. If instructed to do so, follow the steps here to add other DNS records (in addition to MX records).\xa0To add your provider's MX and other DNS records:\nGo to Do""]",26.41948914527893
How do I remove the ribbon from one plan on the plan card list?,"I don't know. The context only mentions adding a highlighted plan and enabling/showing a disclaimer, but it doesn't provide information on how to remove the ""Best Value"" ribbon from a specific plan on the plan card list.","[""how highlighted plan: Click the toggle to add a highlighted plan of your choice.\xa0Then click the drop-down to choose the plan. You can enable the Show ribbon toggle to add a ribbon (e.g. 'Best Value') to your highlighted plan.\xa0 Show disclaimer: Click the toggle to show or hide a disclaimer that notifies customers when the plan renews:\xa0\n        \nEnabled: An auto-renewal disclaimer appears underneath your plans.\xa0Enter the disclaimer text (e.g. Renews Monthly). Disabled: No disclaimer appears.\xa0    TextEdit the following text options that appear on your Plans & Pricing element:\nPage title: The title that appears above the plans. Page subtitle: The subtitle that appears above the plans. Here you can add more details or highlight newer plans, for example.\xa0 Button: The text that visitors click to "", ' above the plans. Here you can add more details or highlight newer plans, for example.\xa0 Button: The button clients click to select a plan. Button (with Free Trial): The button clients click to select a recurring membership plan that has a free trial. Ribbon: The ""Best Value"" ribbon on the highlighted plan (if a plan is highlighted).  Notes:It is not possible to edit button text separately for different plans.', ' You can\xa0vote for this feature here. You can, however,\xa0hide or archive your plans as necessary\xa0to create new plans.\xa0']",13.913191795349121
how to remove a payment method,"To remove a payment method, follow these steps:

1. Go to Payment Methods in your Wix account.
2. Click Actions.
3. Click Remove.

Then, click ""Remove"" to confirm the removal of the payment method.","[""Enabling or Disabling a Payment Method on Your Checkout\nIf you need to enable or disable one of your payment methods (e.g. credit card, Apple Pay) on your checkout, you can do so at any time without having to disconnect your account. You can reverse the process just as easily by following the same steps.To enable or disable a payment method:\nGo to Accept Payments\xa0in your site's dashboard. Click Manage next to the relevant payment method. Click the toggle to enable or disable the payment method.\nConfirm your choice."", 'all the payment methods:\n    \nClick Manage Account under the relevant payment method. Click Disconnect Account.   Begin your Accepting Payments setup again, remembering to enter your current business location.', ""method:\nGo to Payment Methods in your Wix account. Click Add a Payment Method. Enter your card/payment method details. Click Save.Updating a Payment MethodUpdate an existing payment method being used for existing subscriptions. Any changes you make are automatically applied to the subscriptions connected to your payment method.\xa0To update a payment method:\nGo to Payment Methods in your Wix account. Click Actions. Click Update. Click Next. Update Your card/payment method details. Click Update.Removing a Payment MethodRemove a payment method you no longer use. You can remove a payment method as long as it's not connected to an active subscription.To remove a payment method:\nGo to Payment Methods in your Wix account. Click Actions. Click Remove.\xa0 Click Remove to confirm.\xa0Notes:\nIf you are in B""]",14.106369733810425
how do I move the language bar on mobile view,"To move the language bar on mobile view, drag and drop your languages into position.","['Wix Multilingual Request: Changing the Design of the Language Menu on Your Mobile Site\nWhile you can customize the text size and layout of your Language Menu on mobile, it is not possible to make the design completely different from desktop.We are always working to update and improve our products, and your feedback is hugely appreciated.', ""es Display the languages in your Language Menu in any order you like. Simply drag and drop your languages into position.Note:Your main language will always appear first in your language menu.Wix EditorEditor XStudio Editor\nGo to the main language version in your editor. Click the Language Menu element on your page. Click Manage Menu.\xa0 Click a language to drag and drop it into position.\nGo to the main language version in your editor. Click the Language Menu element on your page. Click Manage Menu.\xa0 Click a language to drag and drop it into position.\nGo to the main language version in your editor. Click the Language Menu element on your page. Click Manage Menu.\xa0 Click a language to drag and drop it into position.Changing the layoutCustomize your Language Menu to best fit your site's style. D"", ""op it into position.Changing the layoutCustomize your Language Menu to best fit your site's style. Decide if you prefer a horizontal or drop-down menu, select how to show flags, and determine how to represent languages.\xa0Wix EditorEditor XStudio Editor\nGo to the main language version in your editor. Click the Language Menu element on your page. Click the Menu Layout icon . Customize your menu's layout using the options available:\n    \nMenu type:\xa0Select a menu type:\n        \nHorizontal: Language options are displayed side-by-side. Dropdown: Language options are displayed in a drop-down menu.   Show Flags: Enable this toggle to show flags and customize them using the following options:\n        \nChoose a flag style: Select your preferred style: Circle, Rectangle or Rounded. Size: Increase or d""]",14.134450435638428
how to stop email notifications for bookings even after turning them off,I don't know.,"[""in the Booking settings section of the dashboard.\xa0Note:Notification emails for you and your staff go to the addresses in the Business Info and Staff tabs in the dashboard. Make these email addresses are up-to-date, so you and your staff receive the relevant client emails.\xa0To activate email notifications for new bookings:\nGo to the\xa0Booking Settings\xa0tab. Click\xa0Emails & SMS reminders. Enable the toggle next to New booking emails.Disabling email notifications for your staffYour staff may not need to receive email notifications about their upcoming bookings. For example, if you have an administrator who handles all bookings for your staff. You can disable your staff members' email notifications from the Staff tab in the dashboard.Important:If you delete their email from the Staff tab, your staf"", ""Wix Bookings: Managing Email Notifications You Receive\nWhen one of your clients books or cancels a service, Wix emails you, your client and the staff member providing the service.Notes:\nYou do not receive email notifications for bookings made in preview mode while you're working on your site. If you're using a merchant account (e.g. PayPal, Stripe, Authorize.net), the email notification goes to the email address associated with that account.In this article, learn more about:\nActivating email notifications for new bookings Disabling email notifications for your staff membersActivating email notifications for new bookingsMake sure you never miss a new booking by activating email notifications in the Booking settings section of the dashboard.\xa0Note:Notification emails for you and your staff go"", ""rom the Staff tab in the dashboard.Important:If you delete their email from the Staff tab, your staff member won't receive any email notifications for new bookings, rescheduled sessions or cancellations.\xa0To disable email notifications for your staff:\nGo to Staff\xa0in your site's dashboard. Hover over the relevant staff member and click Edit.\xa0 Delete their email address from the Email field.\xa0 Click Save.\xa0 Repeat steps 2 - 4 for all relevant staff members.\xa0""]",13.297857522964478
"I paid a premium subscription to a different website than I wanted, can I reassign it to the correct one?","Yes, you can reassign a premium subscription to a different website. To do so, follow these steps:

1. Go to Premium Subscriptions in your Wix account.
2. Click the More Actions icon next to the relevant plan.
3. Click Assign to a Different Site and choose the duplicated site.

Note: This step does not involve transferring ownership of the sites, but rather reassigning the premium subscription to the correct website.","[""fer the site, the site ownership is transferred to the new owner. Your payment information is not transferred, and the new site owner will manage all future subscription payments. If you want to continue to manage subscription payments you can add someone as a collaborator instead of transferring ownership. Learn more about roles and permissions. Some premium subscriptions cannot be transferred. If your subscription can't be transferred, you can unassign the subscription first and then follow the steps to transfer the site. \xa0To transfer a premium site:\nGo to your site's dashboard. Click the Site Actions  icon at the top of the Home page. Select Transfer site.\nFill out the Transfer Ownership form:\n    \nEnter the email address associated with the new owner's Wix account. Choose a description"", ""to reassign. Select Assign to a different site. Select the checkbox next to the relevant Studio site.\nNote: The site must be in the same workspace as the plan you've chosen to reassign.\nClick Next. Click Compare Plans.\nNote: To upgrade the site, you'll need to select a plan that offers more features than the current plan. Click Select under your new Studio plan. Choose your subscription period and click Continue to Checkout. Enter your payment details and click Submit Purchase.Credit from your current planAny remaining credit from your old Premium plan is deducted from the price of your new upgrade during the purchase process. The credit is deducted after any discounts from a coupon or seasonal sale are applied.Note:The credit is only applied if you purchased the original plan in the same "", 'n the canceled Premium plan to the duplicate site:\n    \nGo to Premium Subscriptions in your Wix account. Click the More Actions icon  next to the relevant plan. Click Assign to a Different Site and choose the duplicated site. Click Next. Click Assign.   Upgrade the original site from your new location:\n    \nGo to the dashboard of the original site. Click Upgrade on the left. Click Select under the Premium plan you want to purchase. Follow the steps to complete the purchase.   Assign your domain back to your original site:\n    \nGo to Domains\xa0\ufeffin your Wix account.\nNote: If you have more than one domain in your account, select the domain you want to reassign. Scroll down to the Unassigned Domains section. Click the More Actions icon . Click Assign to a Site. Choose a site from the options if ']",26.074154138565063
I have just been charged due to auto-renewal and want to cancel this payment for a Wix site plan,"To cancel a payment for a Wix site plan, click the ""Choose plan to cancel"" button. To cancel your plan now, click ""Click to cancel your plan now"".","[""sing it to receive a full refund. There's no need to submit a request, simply click the button below to choose a plan to cancel.\xa0If you're eligible, your payment method will be refunded automatically. Please allow up to 20 business days for your refund to appear on your credit card statement.After canceling, your site plan is immediately deactivated and you can no longer make use of Wix's premium features (e.g., removing Wix ads or connecting your own domain).\n\n         Click to cancel your plan now\n    \n\n\n        Choose plan to cancel\n      \n\nImportant:Wix is not responsible for any bank charges, commissions or overdrafts. The only way to remove these charges is through direct negotiation with your bank.FAQsClick a question below to learn more about refunds for site plans.Does the 14-day "", ""cancel? We're sorry to see you go. Please read through the following important information before you go ahead.\nFree site status: If you cancel your site plan, it remains active until the end of the subscription period. After that, your site address reverts to the free Wix URL (siteprefix.wixsite.com/siteaddress) and Wix ads appear on your site.\xa0 Renewal date: To make sure that your site never experiences any downtime, your site plan may renew up to 14 days before the original purchase date. Canceling your plan turns off this auto-renewal. Refund period: Site plans come with a 14-day money-back guarantee. If you cancel during the first 14 days, your plan ends immediately and you are fully refunded (within the next 20 business days).\nNote: If you want to keep your plan active until the end "", ""Turning Off Auto Renewal for a Wix Site Plan\nTo ensure that your site remains live at all times, Wix plans are set to renew automatically at the end of the subscription period. If you don't want to continue with your plan, you can turn the auto renewal off. Turning off auto renewal will end your plan when your subscription expires.Want to change your plan?If you want to continue to enjoy premium benefits and features, you may be able to change your plan instead. Learn more about changing your plan.Turning off auto renewal\nGo to Premium Subscriptions in your Wix account. Click the More Actions icon  next to the relevant plan. Click Cancel Plan.\nClick Cancel Now. Confirm cancellation by clicking Cancel Now after providing your feedback.FAQsClick a question below to learn more.What happens if""]",20.68003535270691
how do I unsync and resync my Google Calendar with Wix Bookings,"I don't know. The context only provides information on syncing calendars with Apple Calendar, not Google Calendar.","['Unable to Sync Apple Calendar to Wix Bookings\n', 'Wix Bookings Request: Syncing Your Bookings Calendar with Additional Google Calendars in the Same Google Account\nCurrently, when you sync your Google Calendar with Wix Bookings, you can only sync with your primary Google calendar (the first calendar created when you opened your Google account). It is not possible to sync with additional calendars in the same Google account.We are always working to update and improve our products, and your feedback is hugely appreciated.', ""dars with Wix Bookings. If you would like to see this feature in future, you can vote for it here.\xa0How do I stop syncing calendars? \nGo to Staff\xa0in your site's dashboard. Click the More Actions icon \xa0next to the relevant staff member. Click Unsync Personal Calendar. Click Unsync to confirm.\xa0Troubleshooting issues with Apple Calendar syncingTry the steps below if you are unable to successfully sync your Apple Calendar or if you notice that some events do not appear in your Booking Calendar.Step 1 | Confirm your app specific passwordIn order to sync your Apple Calendar with Wix Bookings, you must create an app-specific password. Sign in to appleid.apple.com and follow the on-screen instructions to create your app-specific password.\xa0Step 2 | Confirm the iCal accountTo check the email address ""]",11.108908414840698
how to delete an entire Wix site,"To delete an entire Wix site, follow these steps:

1. Go to your site in the Wix app.
2. Tap Manage at the bottom.
3. Tap Manage Apps.
4. Scroll down to your site's name and tap Remove.
5. Confirm by tapping Remove again.

Alternatively, if you are in the Wix Studio app:

1. Go to the relevant workspace in the Wix Studio app.
2. Tap Sites at the bottom.
3. Tap the More Actions icon next to your site.
4. Tap Move to Trash, then tap Move to Trash to confirm.
5. (Optional) Tap the Trash folder to permanently remove a site.

Note that only site owners can delete an entire Wix site, and deleting it will result in the loss of all site and member data.","['te List\xa0drop-down at the top. Tap the More Actions icon\xa0 next to the relevant site. Tap Move to Trash, then tap Move to Trash to confirm. (Optional) Tap the Trash folder to permanently remove a site.\n    \nTap the site you want to delete. Tap Remove Site, then tap Remove to confirm.  Notes:\nOnly site owners can delete a site. When you permanently delete a site, all site and member data will be erased and you cannot restore it.\xa0\nGo to the relevant workspace in the Wix Studio app. Tap Sites \xa0at the bottom. Tap the More Actions icon\xa0 next to the relevant site. Tap Move to Trash, then Move to Trash to confirm. (Optional) Tap the Trash folder to permanently remove a site.\n    \nTap the site you want to delete. Tap Remove Site, then tap Remove to confirm.  Notes:\nOnly site owners in your workspace', ""t to delete. Tap Remove Site, then tap Remove to confirm.  Notes:\nOnly site owners in your workspace can delete a site. When you permanently delete a site, all site and member data will be erased and you cannot restore it.Restoring a site from the trashIf you change your mind and want to restore a deleted site, you can do so from the site list. The site list is easily accessible from your site list in the app you're using.\xa0Click the relevant app below to locate the site you want to restore.Wix appStudio app\nGo to the Wix app on your mobile device. Tap the\xa0Site List\xa0drop-down at the top. Tap the Trash folder. Tap the relevant site. Tap Restore site, then tap Restore to confirm.\nGo to the relevant workspace in the Wix Studio app. Tap Sites \xa0at the bottom. Tap the Trash folder. Tap the releva"", ' page.\xa0 Click Delete.\xa0 Click Delete Page.\nGo to your site in the Wix app. Tap\xa0Manage\xa0\xa0at the bottom. Tap\xa0Manage Apps. Scroll down to Forum and tap Remove. Tap Remove again.']",22.928165197372437
How can I forward a domain I purchased to a specific page on my existing domain?,"I don't know. The context only provides information on connecting a custom domain or creating a subdomain, but does not mention forwarding a domain to a specific page on an existing domain.","[' the main domain for your site and create a subdomain for your Link in Bio page to associate it with your brand. For instance, if ""www.example.com"" is your site\'s domain, you can create a subdomain like ""link-in-bio.example.com"" for your Link in Bio page.   Click Continue. Select your domain registrar from the Select your external registrar drop-down. If you can\'t find your domain registrar, select Other.\xa0 Follow the instructions to connect your domain for your specific domain registrar.\xa0 Click Done.\xa0What\'s next?Your domain is now connected. It may take up to an hour for visitors your site to be able to view your Link in Bio page through the new domain.\xa0FAQsClick a question below to learn more about connecting custom domains to your Link in Bio page.\xa0I connected my existing domain to Hopp,', ""te: If the site is currently connected to a different domain, choose an option:\n    \nRedirect it to the primary domain: Redirect your new domain to the site's existing primary domain. \xa0 Replace the current primary domain: Connect your new domain and disconnect the site's existing domain.\xa0   Click Assign."", 'Connect as a subdomain: Use the main domain for your site and create a subdomain for your Link in Bio page to associate it with your brand. For instance, if ""www.example.com"" is your site\'s domain, you can create a subdomain like ""link-in-bio.example.com"" for your Link in Bio page.   Click Continue. Click Done.Connect a domain you purchased outside of Wix\nClick Connect a domain.\xa0 Enter the domain you want to connect to and click Check. Click Continue next to the available domain.\xa0 Choose how you want to connect your domain:\n    \nConnect as a root domain: The link to your Link in Bio page is the main domain you purchased, exactly as is (e.g www.nirstravelblog.com). Connect as a subdomain: Use the main domain for your site and create a subdomain for your Link in Bio page to associate it with']",12.09060788154602
How can I migrate from the Wix Editor to the Wix Studio Editor?,"According to the context, it is not possible to migrate a site created in the Wix Editor to the Studio Editor. You should instead rebuild your site in the Studio Editor to take advantage of its new features and functionality.","['Wix Editor: Rebuilding Your Site in the Studio Editor\nIf your site was originally created using the Wix Editor, it is not possible to migrate it to the Studio Editor. In order to take advantage of the new features and functionality, please rebuild your site in the Studio Editor.\xa0', ""Studio Editor Request: Switching to Wix Editor\nIf you've started creating a site in the Studio Editor, it is not possible to switch to the Wix Editor.\xa0We are always working to update and improve our products, and your feedback is greatly appreciated."", ""Wix Studio FAQs: Using the Wix Editor\nAs a Wix Studio user, you can choose to build a site on our brand new Studio Editor or, if you prefer, you can stick with our Wix Editor.\xa0FAQsBelow are some of the most common questions we've received from Wix Studio users about the Wix Editor.\xa0Can I move my sites between Wix Studio and the Wix Editor?It is not possible to move sites you have created in the Studio Editor to the classic Wix Editor. Likewise, classic Wix Editor sites in your account cannot be moved to the Studio Editor.I'm a professional/Partner, but I like using the classic Wix Editor. Can I continue building sites on it?Yes, once you switch to Wix Studio you can choose to build in the Wix Studio Editor, Editor X or the classic Wix Editor. There are some exclusive features that apply on""]",5.305400133132935
how can I renew my Premium plan subscription and get a new invoice for a refund error,"To renew your Premium plan subscription, follow these steps:

1. Go to the Wix dashboard.
2. Click Select under the new Premium plan.
3. Choose your subscription period and click Select.
4. Enter your payment details (make sure this is the correct method for receiving a refund).

Additionally, if you receive an email requesting payment after canceling a site plan due to a refund error, you should contact Wix so they can resolve the issue.","['Repurchasing a Site Plan Canceled Due to Payment Issues\nIf your Premium or Studio site plan renewal payment failed due to payment issues, please update your payment details and we will attempt the charge again.If your site plan was already canceled due to payment issues, you can simply purchase a new plan by upgrading the site again.Unable to repurchase:If you are having trouble repurchasing a site plan after cancellation, unassign the canceled plan from your site and try to upgrade again.', 'lick Select under the new Premium plan.8. \xa0Choose your subscription period and click Select.9. \xa0Enter your payment details and click Submit Purchase.', ""Receiving an Email Requesting Payment After Canceling a Site Plan\nPossible reasons why you may receive an email from Wix requesting payment after you canceled your Premium or Studio site plan are:\nYour plan was canceled too late: The renewal date for a yearly Premium or Studio plan is 14 days before the anniversary of the original purchase date. If you did not cancel in time, your plan may have been renewed for another year.\nTip: You can find upcoming renewals in the Next payment due column of your Premium Subscriptions page.\n You have an outstanding invoice: It's possible that one of your previous payments was declined and therefore you still owe money on an older invoice.If your plan was successfully canceled and you still receive emails regarding payment, contact us so we can resolve th""]",14.973673343658447
How can I offer free shipping for a sample option of a product while the main product does not have free shipping?,"I don't know. The context provided doesn't specify how to handle situations where some products have free shipping and others do not, or how to apply this policy to a sample option of a product without offering free shipping on its own order.","['Tips:\nTo offer multiple delivery options which include a free option, select a rule (e.g. Flat Rate) and make one of the options free (e.g. Standard Shipping at $0, Express Shipping at $8). You can display shipping options to your customers in the cart. Learn How\xa0', "" offer customers more than one option using the same type of shipping (e.g. Standard shipping at $5 and Express shipping at $8.). More on that in step 3 below.\xa0To set up a single shipping option:\nGo to the Shipping & fulfillment settings in your site's dashboard Click Edit Shipping Rule.  Select a rule from the drop-down:\xa0Free shippingThere is no shipping charge. Offering free shipping (at least locally) can be a selling point for customers. It also simplifies shipping for you and your customer. You can either absorb the shipping cost or add it onto your product prices.\xa0Flat RateYou charge the same shipping rate for all purchases. Suitable for stores that sell products of similar weight and price (e.g. a store that sells only t-shirts).\xa0Rate by WeightYou charge different shipping rates for"", 'offer free shipping on orders above a specific price:\n        \nTap to enable the Offer free Shipping toggle. Enter the price above which shipping is free and tap Done.\nNote: If you create additional shipping services (e.g. priority shipping), this checkbox must be selected and the amount specified to apply to each service. Tap Save.     (Optional) Create an additional delivery option (e.g. Express Shipping) by tapping + Add Delivery Option and following the instructions in step 5 above.\xa0 (Optional) Add a handling fee:\n    \nTap Add next to Handling Fee.\xa0 Enter the fee amount. Tap Save.\xa0   Tap Save. Tap Save again.Set up store pickupYou can set up store pickup (curbside pickup) as the only delivery option, or in addition to another shipping option, such as free shipping.\xa0To set store pickup ']",16.191593408584595
Hi I would like to install blog,"You can add Wix Blog to your site by clicking Add to Site, either from within the editor, through the App Market search, or by tapping Manage Apps on your site.","['outs. Customize the look and feel to match your brand. The setup process is straightforward, allowing you to get your blog up and running quickly.When you install Wix Blog on your site, 2 pages are added to your site; the blog feed, and blog post page. Your blog feed is the page where all your blog posts are displayed. The blog post page shows only one post at a time.\xa0Check out our article on Understanding Your Blog Pages for more information.\xa0Learn how to get started setting up your blog.Manage your blogCreate new posts, add categories, and manage comments directly from your editor, dashboard, live site, or mobile device. This flexibility ensures you can keep your blog updated no matter where you are.Learn how to manage your blog.Engage your readersCreate categories on topics you’re passi', 'de of the editor. Click Blog.\xa0 Click Add to Site.\xa0Note:When you add Wix Blog, you are asked if you would like to install with or without a Member\'s Area. This gives members access to several features including the ability to log in, create a public profile and comment on blog posts.\nClick the Add Elements \xa0icon\xa0on the left side of the editor. Click Blog.\xa0 Click Add to Site.\xa0Note:When you add Wix Blog, you are asked if you would like to install with or without a Member\'s Area. This gives members access to several features including the ability to login, create a public profile and comment on blog posts.\nGo to the Wix App Market. Type ""Wix Blog"" in the Search Bar.\xa0 Select the app in the Search Results. Click Add to Site.\xa0\xa0\nGo to your site in the Wix app.\xa0 Tap Manage.\xa0 Tap Manage Apps.\xa0 Scrol', ' Post.Note:If you are not ready to publish your post, you can click Save as Draft and go back to it later.Managing your blogFrom the Blog Manager you can add, edit and manage your blog posts.To access the Blog Manager, click on the blog in ADI and click\xa0Manage\xa0on the left hand side.Tip:You do not need to enter your site every time you want to add or manage your blog posts. You can access your Blog Manager directly from Blog\xa0in your dashboard.Deleting your blogTo delete your blog from your Wix site, you must delete the Blog page. By deleting the Blog page, all other blog pages and elements are also deleted.\xa0To delete your blogClick the Pages menu on the top bar inside ADI.Click the Blog page.Click the Settings icon.Click Delete.Click Delete in the confirmation window.To delete your blog whe']",18.728118896484375
What will I lose from moving from a Business plan to a Core plan?,"You won't lose anything in terms of the conditions you agreed to when you purchased the Business plan, such as price and duration (only affects new purchases), but some connected benefits may be lost, like specific class services.","[""Pricing Plans: Editing an Existing Plan\nYou can make changes to an existing plan at any time. For example, you can change a plan's price, \xa0duration, or update the connected benefits.\xa0Changes to the price and plan duration only affect new purchases. Existing clients continue to receive the conditions they agreed to when they purchased a plan.Changes you make to the connected benefits do affect existing plan holders. For example, if you no longer offer a class that was connected to a plan, you can remove it from the list of connected services.\xa0Notes:\nTo increase prices for existing clients with recurring payments, you must cancel a client's plan so it doesn't renew and then direct them to purchase the plan again.\xa0 Learn how to make changes to a plan that a specific client purchased.To edit a"", ""more traffic to your site, such as Wix Email Marketing and Marketing Integrations.\xa0Transferring your plan or site to another accountWant to use your plan for a different site? You can assign your plan to another site in your Wix account, or transfer your site ownership (including your site plan and other services) to a different Wix account.Switching to another planWix has a range of plans to suit every level of need and budget. Wix offers you flexibility by allowing you to change your plan at any time. You can switch from one yearly plan to another, including switching to a plan with fewer features. Learn more about choosing a Premium plan or a Studio plan.\xa0Canceling your planStill want to cancel? We're sorry to see you go. Please read through the following important information before yo"", ' You can\xa0vote for this feature here. You can, however,\xa0hide or archive your plans as necessary\xa0to create new plans.\xa0']",14.303267240524292
I need to delete a business email address that is no longer in use and change my Wix account email back to the original one,"To change your Wix account email back to the original one, you can follow these steps:

1. First, contact Wix Customer Care for assistance with transferring your existing email to Wix (note that this action is irreversible).
2. Alternatively, you can reassign the domain connected to your business email to another site in your own Wix account (this is an option mentioned in the context). 

This should allow you to disconnect the Workspace business email from your Wix account and restore your original email address.","['Request: Deleting a Business Email from Your Wix Account\nCurrently, there is no way to completely delete a business email, which has already expired, from your Wix account. The subscription will still be visible in case you want to repurchase that business email in the future.We are always working to update and improve our products, and your feedback is hugely appreciated.', 'le. This action disconnects the Workspace business email from your Wix account. To do so, contact Wix Customer Care for assistance. This is an irreversible action. Once transferred to Google, you cannot repurchase the business email through Wix.Can I transfer a business email to another site in my own Wix account?Your business email is connected to your domain. Therefore, you can transfer your business email to another site in your Wix account by reassigning the domain connected to your business email.', ""Request: Transferring Your Existing Email to Wix\nCurrently, it is not possible to transfer an existing email account to Wix, even if you've transferred the domain to Wix. Instead, you can connect your business email to Wix by adding DNS records (MX, A, CNAME and TXT records) provided by your email host in the Domains page of your Wix account.\xa0Tips:\nLearn how to connect your email service to a domain in your Wix account.\xa0 Learn how to purchase a Google Workspace business email from Wix.\xa0We are always working to update and improve our products, and your feedback is hugely appreciated.""]",17.615639209747314
i cant see a visual representation of a page on my site in the Wix Editor,I don't know.,"['Wix Editor: Navigating Between Your Site Pages\nIf you want to view or edit a page on your site, you can access it from the Switch Page panel on the top bar of your editor.To switch between your pages:\nClick the Switch Page panel on the top left of the editor. Select the relevant page.Tip:You can also navigate between your pages by clicking on the tabs on your site menu in preview mode. Learn how to preview your site', 'Wix Editor: Viewing and Selecting Overlapping Elements\nIf you are having trouble selecting an element while editing your site, it is possible that it is placed behind another element. You can select these elements to mange, adjust, or customize them with both the Layers panel, and the right-click menu.In this article, learn more about:\nSelecting elements using the Layers panel Selecting elements using the right-click menuSelecting elements using the Layers panelThe Layers panel is a clear, organized way to view and select elements on your page. Depending on your page layout, the panel is divided into the header, main page, and footer, so you can quickly locate the element you want.To select elements from the Layers panel:\nGo to your editor. Click Layers\xa0\xa0on the bottom left of the editor. C', 'indow in Google Chrome (Ctrl\xa0+\xa0Shift\xa0+\xa0N). Sign in to Wix and try to open your Editor.\xa0 Use the keyboard shortcut\xa0Ctrl\xa0+\xa0Shift\xa0+\xa0J\xa0(on PC) or\xa0Cmd\xa0+\xa0Option\xa0+\xa0J\xa0(on Mac). Click the\xa0Console\xa0tab at the top of the panel and refresh the page (F5). Take a\xa0screenshot\xa0of this tab.  ']",10.153761148452759
how to shut down a website,"According to the context, you can ""Unpublish your site"" which effectively shuts it down and makes it no longer accessible to the public. To do this:

1. Open your site in the Wix Editor.
2. Select ""Site"" in the top toolbar.
3. Click ""Unpublish Site"".
4. Confirm by clicking ""Unpublish"" in both the editor window and the pop-up.","[""us code, your site will be taken down immediately.Once you've removed the code, or if you feel that your site was reported in error, you can submit a request to be removed from the list of malware sites here."", ""Wix Editor: Unpublishing Your Site\nUnpublish your site if you no longer want it to be accessible to the public. You may wish to unpublish your site if you're taking it down for maintenance, redesign, or you simply no longer need it.\xa0After unpublishing, you'll still have access to your site's editor and you can publish it again at any time.Important:Unpublishing your site does not cancel your domain or Premium plan. Learn how to cancel your domain or plan.Unpublishing your siteYou can unpublish your site (either permanently or temporarily) from the editor or from your site's dashboard.Wix EditorDashboard\nOpen your site in the Wix Editor. Select Site in the top toolbar. Click Unpublish Site. Select Unpublish in the dashboard window. Click Unpublish in the pop-up to confirm.\nGo to Settings in"", 't.\xa0To delete a site page:\nClick\xa0Pages\xa0\xa0on the left side of the Editor. \xa0 Click\xa0Main Pages. Click the\xa0More Actions\xa0icon\xa0\xa0next to the page you want to delete. Select\xa0Delete. Click\xa0Delete\xa0to confirm.']",15.148046731948853
What's the difference between 'site sessions' and 'unique visitors'?,"According to the context, the main difference is that:

* Site sessions refer to a visit to your site, which ends after 30 minutes of inactivity. A single unique visitor can have multiple site sessions.
* Unique visitors, on the other hand, refers to the number of people who visited your site, counting each unique individual regardless of how many times they've visited (as long as their browser or device is different).","['his includes both online and manual payments.\xa0 Site sessions: A session is a visit to your site. A unique visitor can have more than one site session.\xa0Note:Site Activity metrics are updated every 3 hours.', "" an action happened (e.g. a post was viewed or liked).CommentsThe amount of comments made by visitors on your blog.LikesThe amount of likes made by visitors on your blog.Post viewsThe amount of times your blog posts were viewed.ReactionsThe sum of likes, comments and shares that visitors have reacted to your post.SharesThe amount of times visitors shared your blog URL on another site.Site sessionsA session is a visit to your blog. It ends after 30 minutes of inactivity.Unique visitorsThe number of people that visited your blog. A visitor is considered unique when they connect from a different browser or device (IP address).Visitors (Blog)The amount of unique visitors who viewed your blog.SubscriptionsMeasureDefinitionTotal revenueThe total amount of money you've made from each subscription"", 'post.Page viewsThe number of times a site page is visited or refreshed.Previous pageThe page a visitor came from before the current page.Site memberA visitor who has an account and logs in to the site.Site sessionsA session is a visit to your site. It ends after 30 minutes of inactivity.Traffic categoryCategories of sites that people navigate to your site from, e.g. social, email, organic search, etc.Traffic sourceSites that people navigate to your site from, e.g. medium.com, twitter.com.Traffic source URLSpecific URLs that people navigate to your site from.Unique visitorsThe number of people that visited your site. A visitor is considered unique when they connect from a different browser or device (IP address).UTM campaign contentUTM campaign content can be used to track A/B tests or entr']",17.168158531188965
How do I move the premier plan to the site I want?,"To move the Premium plan to a site you want, follow these steps:

1. Go to Premium Subscriptions in your Wix account.
2. Click the More Actions icon  next to the unassigned plan.
3. Click Assign to a Site.
4. Select the site you want to assign the plan to and click Next.
5. Click Assign.

Alternatively, if you have created a duplicate of the original site using Wix Studio, you can:

1. Go to Premium Subscriptions in your Wix account.
2. Click the More Actions icon  next to the unassigned plan.
3. Click Assign to a different site next to Assigned to:.
4. Click Assign next to the duplicate site.

Then, upgrade the original site to the plan of your choice by:

1. Going to the dashboard of the original site.
2. Clicking Upgrade at the top of the dashboard.
3. Clicking Select under the plan you want to purchase.
4. Following the steps to complete the purchase.

Lastly, assign your domain back to your original site by:

1. Going to the Domains page.
2. Clicking the Domain Actions icon  next to the domain you want to reassign.
3. Clicking Assign to a site.
4. Selecting the site you wish to assign the domain to (your original site).","['Assigning an Unassigned Plan to Your Site\nWhen you upgrade a site, the plan you purchase is assigned to that specific site. However, it is possible to unassign your plan from your site. You can reassign the plan to a different site in your Wix account at any time.\xa0Working with Wix Studio?You can transfer a Premium plan to a site created with Wix Studio by upgrading to a Wix Studio plan. Learn more about assigning a Premium plan to a Studio site.To assign an unassigned plan:\nGo to Premium Subscriptions in your Wix account. Click the More Actions icon \xa0next to the unassigned plan.\xa0 Click Assign to a Site.\nSelect the site you want to assign the plan to and click Next. Click Assign.', ' You can\xa0vote for this feature here. You can, however,\xa0hide or archive your plans as necessary\xa0to create new plans.\xa0', 'ect the canceled plan. Click Assign to a different site next to Assigned to:. Click Assign next to the duplicate site.   Upgrade the original site to the plan of your choice:\n    \nGo to the dashboard of the original site. Click Upgrade at the top of the dashboard. Click Select under the plan you want to purchase. Follow the steps to complete the purchase.   Assign your domain back to your original site:\n    \nGo to the Domains page. Click the Domain Actions icon \xa0next to the domain you want to reassign. Click Assign to a site. Select the site you wish to assign the domain to (your original site, not the duplicate). Click Next. Click Assign.  FAQs:Read this article for frequently asked questions about changing your plan.Video tutorial\n']",34.51361417770386
show me how to add a make profile public option when signing up,"To add a ""Make Profile Public"" option when signing up, you need to enable the checkbox for members to choose profile privacy on signup and then select the checkbox as part of the Sign up to this site with a public profile toggle. This will automatically select the checkbox for a public profile by default.

In other words, you'll need to:

1. Enable the checkbox for members to choose profile privacy on signup.
2. Go to the Policies tab.
3. Find and enable the ""Sign up to this site with a public profile"" toggle.
4. Click the Link icon to set it up.

By doing so, when a member signs up, they will have the option to select or deselect the checkbox to allow their profile to be public by default.","['public profile: Members profiles are automatically public. Checkbox for members to choose profile privacy on signup: Members can select or deselect the checkbox to allow their profile to be public.\n        \nEnable the Sign up to this site with a public profile toggle.\xa0    ', ""o sign up with a public profile.  \nEnabled: The checkbox is automatically selected for a public profile. Disabled: The checkbox for a public profile is not selected.Changing the privacy of a member's profileMembers can set their profile as public or private, deciding what to share with others. They can switch between these settings on their Profile page in their member account.You can send the instructions below to your members to help them switch their profile privacy.To change the privacy of a members' profile:\n(When signed in) Click the login bar to open the drop-down menu.\xa0 Click Profile. Click Edit Profile. Click Profile Visibility under Account Settings and select the privacy of your profile (e.g. Make Profile Private or Make Profile Public). Click Confirm.FAQsClick a question to lea"", ""public profile. However, they can make their profile private later on, from their Account Settings tab.\xa0 Checkbox: Members choose the privacy level of their profile as they're signing up.\xa0   Sign up to this site with a public profile:\xa0Choose whether or not a member's profile is public \xa0by default.\xa0Policies tabDecide if you want to include links to your site's terms of use and privacy policy. After enabling either one of the toggles, click the Link icon\xa0\xa0 to set it up.""]",23.24225401878357
How do I verify my DNS records now that I have transferred my domain to Wix?,I don't know. The provided context does not mention how to verify DNS records after transferring the domain to Wix.,"["" outline in your Wix dashboard, which will help you to go through the steps to change the DNS records in your domain's current host account.\xa0Keep this Wix guidance page open and work through the steps on the domain host's account. The steps will tell you everything you need to know, including the records you should use.To update your DNS records in your host account:\nLog in to your domain's current host account:\n    \nOpen a new tab in your browser. Go to your domain host's site and log in. Go back to the step-by-step outline in your Wix dashboard.\n Click I logged in.   Find your domain settings page:\n    \nGo to the domains page on your domain host's site. Find your domain and go to its settings panel. Return to the step-by-step outline in your Wix dashboard. Click I found my domain setting"", ""e.g. GoDaddy.com) and sign in to your account.Locate the DNS settings of your account. Once you find the DNS records, you are ready to copy and paste the Wix provided records from Step 1 into the relevant fields. The below image is an example of the DNS Records settings from GoDaddy.com.Step 3 | Copy and paste the Wix records into your domain provider settingsNow that you have both your Wix records and the DNS settings of your domain provider open, copy the CNAME record from Wix and paste it into the corresponding fields of your domain provider settings.Important:You must add the CNAME Host and Points to values into the DNS settings exactly as they appear in the Wix records.\xa0Once you've copied all the records exactly as they appear, click the confirm message in your domain provider DNS set"", 'n Actions\xa0icon\xa0\xa0next to the relevant domain. Select Transfer away from Wix.\nAfter reviewing the info about transferring your domain, click Transfer Domain.\xa0 Click I Still Want to Transfer.\xa0We’ll send a transfer authorization code (EPP code) to your domain\'s registrant contact email address.\xa0 Once you get the code, follow the instructions from your new domain host to transfer your domain.\xa0Tip:Once your new domain host enters the EPP code on their end to initiate the transfer, you can use whois.com to confirm it was initiated. Go to whois.com to check the status.\xa0Search for your domain, then check the Status field, which should show ""pending transfer"" if the transfer has been initiated.\xa0FAQsClick below for answers to common questions about transferring a domain away from Wix.What are ICANN\'s']",17.84898614883423
is there no way to get a domain name and set up a simple website for free,"Yes, there is a way to get a domain name and set up a simple website for free. You can purchase a plan that comes with a free domain name, or you can learn more about Wix's free web hosting and create your own custom domain using their free plan.","[""credibility. By purchasing a plan, you can replace your free Wix domain with a custom domain name, like this: www.mystunningwebsite.comLearn more about Wix's free web hosting."", 'o create a custom web address, by purchasing a Premium\xa0or\xa0Studio\xa0site plan and connecting a custom domain. Your domain name is an important part of your unique brand. A custom domain gives your site a more professional look and can make your website easier to find.\xa0Changing your site URL prefixYou can change your site prefix at any time from your account settings. This updates the first part of your free site URL (siteprefix.wixsite.com/siteaddress).To change your site URL prefix:\nGo to Account Settings\xa0in your Wix account. Click the Site URL prefix field.\nEdit your Site URL prefix. Click Save.Changing your site addressYou can change your site address directly from your site dashboard. This updates the last part of your free site URL (siteprefix.wixsite.com/siteaddress).To change your site', 'Domain Hosting with Wix\nYou can purchase your own domain name directly from Wix. When purchasing a domain from Wix, the domain is automatically connected to the Wix name servers. Learn more about purchasing a domain from Wix.If you purchased a domain from another domain host, you can still connect it to your Wix site. You can also transfer your domain to Wix to manage everything domain-related within your Wix account.Tip:Upgrade to selected yearly Premium\xa0or\xa0Studio\xa0site plans to receive a free domain for a year.']",14.727657794952393
"I am unable to manually add a site member to a private group on the Wix dashboard without sending an invitation. I tried making the group public temporarily and adding the member, but it did not work.","You're trying to manually add a site member to a private group. Unfortunately, you can't do that directly without sending them an invitation.","[""oval:\xa0All members can request to create a new group, but you (or another admin) need to approve the request. Only admins:\xa0Only you and other admins may create new groups.\xa0   Click Save.\xa0Limit your group's access Decide who can see or access your group. You can make your group private and allow access only to approved members, pricing plan holders, or event participants. Private groups can be visible to all site visitors or group members.\nClick the relevant group. Select the Info tab. In the Privacy section, choose the privacy setting for your group: Public, Private, or Only paying members.\nGo to your site in the Wix app. Tap Manage \xa0at the bottom. Tap Groups. Choose what you want to do next:Customize your group's members' permissionsYou can choose what people can do in your group by settin"", "" up this option, then tap Done.\nTip: If you don't have any events yet, you can create an event from the Wix app.\xa0   Hidden: Only group members can see the group's content.       Tap Save.Managing your group membersManage member permissions and decide who can post, invite or add people to the group. You can also make a member an admin to help manage your group.\xa0Note: When you remove a group member, they are still members of your site.To manage your group members: \nGo to your site in the Wix app. Tap\xa0Manage\xa0\xa0at the bottom. Tap\xa0Groups. Tap the relevant group. Choose from the following options:\xa0Requests to join\xa0Select which member requests to approve to join your group.\nTap Requests to join under Members. Choose who you want to approve:\n    \nTap Approve or Decline under the relevant person. Ta"", "" from your contact list to your group.\nTap + Invite Members under Members. Choose how you want to invite people:\n    \nSend a direct link: Tap Create next to Invite link. This copies the link to your clipboard, so you can paste it anywhere you want. Add your site's contacts: Tap Add Members at the top right. Then, tap Add next to the contacts you want to invite.\xa0\nTip: Click Add All to simply add all of your site's contacts to the group. Public members are automatically added to your group. For members with private profiles, you'll need to send them invitations.\n  Tip: Members can see a list of all available groups in their Members app. Existing site members can join any group regardless of whether they have a public or private profile.Make a member an adminWhen you assign an admin, they can""]",19.13736653327942
I need to update my account payment information,"To update your account payment information, go to the Payment Methods page in your Wix account and click Update Payment Method. Then, update your card details and click Submit.","['check the status of your business email.\xa0 Click Renew Subscription if prompted to renew subscription.Updating your payment information\nGo to your Business Email page to check the status of your business email. Go to Payment Methods if prompted to update your payment method.3. \xa0Click Actions.4. \xa0Click Update.5. \xa0Click Next.6. \xa0Update your card details.7. \xa0Click Update.', 'your payment details. Click\xa0Submit Purchase.', 'or online payment service) is declined.To update your payment method: \nGo to Premium Subscriptions in your Wix account. Click Update Payment Method under the relevant subscription. Update your payment card details. Click Submit.\nNote: Once you have updated your payment details, our system attempts to process the payment again.Tips:\nYou can also update your payment method in the Payment Methods\xa0page in your Wix account. If you are updating your Wix account payment method, you can update it to a debit / credit card, or PayPal if that option is available in your region.']",9.916923761367798
Can guests post or upload content on a Wix site without being members?,I don't know.,"['Wix Forum Request: Allowing Guests to Post Anonymously in Wix Forum\nCurrently, forum visitors must sign up and log in to contribute a post to a Wix Forum.\xa0We are always working to update and improve our products, and your feedback is hugely appreciated.', 'Wix Terms of Use\nWix users can upload songs, images, text and SWF files.The nature of the content users choose to upload to their website is their responsibility.Like any other website in the world, a website created through Wix is subject to international law.Keep in mind that if you use content/creations of any kind, you will need to consult the copyright owner first and get their approval.\n\n        Click to see Terms of Use for Wix.com\n    \n\n\n        See Terms of Use\n      \n\n', 'ts from sharing this link. Send the link to guests by email, text, or any other method.\xa0\nCan guests share their Wix Live link and give others access for free?No. Wix Live generates a unique link per participant. Only one person at a time can join a Wix Live event with a particular link.Do Wix Live events have a time limit?You can host meetings and webinars that are up to 4 hours long.\xa0Can I record my Wix Live event?Yes, you can record your event and download it later. The event is available for download for 7 days after the event, before it is removed.\xa0Can I host a hybrid event (in person and online)?Yes. You can create an in person event and then add video conferencing with Wix live. Learn more about creating hybrid events.']",11.093881130218506
how to direct a Wix domain back to a Wix site from Squarespace,"I don't know. The context only discusses transferring or removing domains between Wix and Google/Squarespace, but it does not provide information on how to point a Wix domain back to a Wix site from Squarespace.","[""About Google Domains at Squarespace\nRecently, Google entered into an agreement with Squarespace whereby Squarespace will take over the registration and management of Google domains.\xa0If your domain was purchased from Google, your service with Wix does not change. Squarespace becomes your new domain registrar. However, Google / Squarespace domains connected to Wix will continue unaffected.\xa0If you'd prefer to have both your website and domain entirely managed at Wix, you can transfer your domain to Wix. Once transferred, Wix becomes your new domain registrar.\xa0Tip: If you're unsure who your domain registrar is, you can find out by visiting\xa0whois.com\xa0and entering your domain name to view your domain details."", ""nt your domain is currently connected to.\xa0Video tutorial\nStep 1 | Remove the domain from your Wix accountLog in to the Wix account where your domain is currently located, copy the DNS records, and remove the domain from the account. This will allow you to add the domain in the other Wix account where you want it connected.\xa0To remove a domain from your account:\nSign in to the Wix account where your domain is currently added.\xa0 Go to Domains\xa0in the\xa0account. \nNote: If you have more than one domain in your account, scroll to the relevant domain. Copy your domain's DNS records.\nNote: If your domain is connected by pointing, skip ahead to step 4.Show me how\nClick the Domain Actions icon  on the right and select Manage DNS records.\n Copy the details of your DNS records and paste them into a separa"", 'domain to the Wix nameservers.']",6.398081302642822
how to reconnect a domain without affecting email after accidentally changing the CNAME record,"I don't know. The provided context only discusses resetting A and CNAME records, as well as editing and confirming an email address, but does not provide any information on how to reconnect a domain or recover from changes made to CNAME records that may affect email functionality.","[""reviously entered an email address, click Edit Details instead. Enter a From name in the field. Recipients see this name as the email sender. Enter a Reply-to email. Use the email address that is connected to your custom domain. Click Save.\nConfirm your email address by entering a confirmation code. The code is sent to the address you just added. Paste the code into the field and click Confirm. Once your email is confirmed you will see 'Not authenticated' under Domain status. Click Authenticate this domain.\xa0A list of CNAME records opens. This is the information you need to copy and paste into your external domain provider settings. Keep this information available as you move to the next step.Tip:You can also find the DNS records by clicking Edit under Customize sender details when setting "", ""Resetting Your Default A and CNAME Records\nYou can reset your A records and CNAME records by changing them back to their default values. You might need to reset your A and CNAME records if you have previously edited them (for example, in order to point your domain to an external site). Follow the steps in this article to revert your A and CNAME records to their original values.\xa0DNS records make sure that your domain is mapped to the correct website. When someone types your website address into their browser, DNS records make sure that they are directed to the correct IP address to access your site. \xa0\xa0\nAn A Record (Address Record) points the domain name (web address) to a specific IP address. For example, it points mystunningwebsite.com to the hosting server's IP address.\xa0 A CNAME (Canonica"", 'ssage.Click the Host Name field and enter a host name.Note: Leave this field blank if instructed to add an @ sign.Click the Value field and enter a web address the record points to.\xa0Click Save.Click Save Changes in the pop-up message.Update a CNAME recordHover over the CNAME record and click Edit. Click Got it in the pop-up message.Click the Host Name field and edit the host name.Note: Leave this field blank if instructed to add an @ sign.Click the Value field and edit the web address the record points to.\xa0Click Save.Click Save Changes in the pop-up message.']",19.234737157821655
how long will it take to approve my number after I resubmit my registration,I don't know. There is no information about approving a phone number in the provided context.,"['be confirmed if my domain was deactivated?If your domain was deactivated, it may take up to 48 hours for your domain to propagate once you confirm your contact information.\xa0', "" contact email address? Your domain will be deactivated if you don't confirm your contact information within the first 14 days. An email is sent up to 4 times before the domain is deactivated.Can I use a custom email connected to the domain I am confirming, as the domain contact email? You may be using a custom mailbox which is connected to the domain you're confirming. If so, be aware that, if your domain goes offline due to the contact email not being confirmed, your mailbox also goes offline. If this happens, we are unable to resend you another confirmation email. For this reason, we recommend using a free, generic email, such as gmail.How long does it take for my domain contact email to be confirmed if my domain was deactivated?If your domain was deactivated, it may take up to 48 hours"", ""Didn't Receive Refund After Request Was Approved\nIf you received an email from support@wix.com stating that your refund request has been approved, please allow up to 20 business days for the funds to settle in your account.\n\nIf you still need help, please contact us here.""]",10.455404996871948
how to update my last name in Wix bills and domain contact information,"To update your last name in Wix bills and domain contact information, you can follow these steps:

1. Go to Domains in your Wix account.
2. Click the Domain Actions icon next to the relevant domain.
3. Click Edit contact info.

Then, make sure to edit your contact information. (Optional) Use different contact information for your Technical or Administrative contacts:

Deselect the Use registrant contact info checkbox below the relevant contact type.

Enter the updated last name and any other desired changes.

Click Save.","[""in, contact Wix Customer Care and provide us with the information you need to change in written form.How do I make new changes to the contact info for my .fr domain?If you have a .fr domain, certain changes must go through a 15-day approval process. It is not possible to make further updates until the 15-day period has ended. This only applies to first name, last name, email address, and company information.\xa0Once the 15-day period has ended, you'll be able to make new changes to this information.\xa0"", ""and update the contact information for any domains that you have purchased or transferred to Wix. \xa0To view and update your domain contact information:\nGo to Domains\xa0\ufeffin your Wix account. Click the Domain Actions icon\xa0\xa0next to the relevant domain. Click Edit contact info.\nNote: If this option is missing, your domain was purchased elsewhere and you must contact your domain host to update the contact information.\xa0\nEdit your contact information. (Optional) Use different contact information for your Technical or Administrative contacts:\n    \nDeselect the Use registrant contact info checkbox below the relevant contact type. Enter the person's contact details.\xa0   Click Save.Note:As a domain registrant owner, you are required to confirm your domain contact info within two weeks after registering t"", 'Updating Contact Information for a .at Domain\n\ufeffThe .at domain extension is the country code domain extension (ccTLD) for Austria. You can update your contact information at any time by downloading a form and submitting it to Wix Customer Care. We then submit the new details on your behalf. \ufeffTo update contact information for a .at domain:\nDownload the form at this webpage.\nNote: The form contains reference to nic.at and says to fax to their contact details, but you can disregard this instruction. Print the form out and fill in the relevant details.\xa0 Contact Wix Customer Care\ufeff to provide legible scans (in PDF format) of the signed form.Note:It may take a few days for this change to show up in your account.']",23.115600109100342
how to apply an upgraded plan to the correct domain,"According to the context, after upgrading to a new Studio plan and entering payment details, ""Credit from your current plan"" will be deducted from the price of your new upgrade. This credit is only applied if you purchased the original plan in the same workspace as the plan you've chosen to reassign, and it's deducted after any discounts or seasonal sales are applied.","['ect the canceled plan. Click Assign to a different site next to Assigned to:. Click Assign next to the duplicate site.   Upgrade the original site to the plan of your choice:\n    \nGo to the dashboard of the original site. Click Upgrade at the top of the dashboard. Click Select under the plan you want to purchase. Follow the steps to complete the purchase.   Assign your domain back to your original site:\n    \nGo to the Domains page. Click the Domain Actions icon \xa0next to the domain you want to reassign. Click Assign to a site. Select the site you wish to assign the domain to (your original site, not the duplicate). Click Next. Click Assign.  FAQs:Read this article for frequently asked questions about changing your plan.Video tutorial\n', ""to reassign. Select Assign to a different site. Select the checkbox next to the relevant Studio site.\nNote: The site must be in the same workspace as the plan you've chosen to reassign.\nClick Next. Click Compare Plans.\nNote: To upgrade the site, you'll need to select a plan that offers more features than the current plan. Click Select under your new Studio plan. Choose your subscription period and click Continue to Checkout. Enter your payment details and click Submit Purchase.Credit from your current planAny remaining credit from your old Premium plan is deducted from the price of your new upgrade during the purchase process. The credit is deducted after any discounts from a coupon or seasonal sale are applied.Note:The credit is only applied if you purchased the original plan in the same "", 'Domain Structure after Purchasing a Site Plan\nOnce you\'ve upgraded to a Premium or Studio site plan, you are eligible to connect your own domain and remove ""Wix"" from the URL.If you haven\'t yet purchased your own domain, you can purchase one directly from Wix. Additionally, with selected yearly site plans, you receive a voucher to get a free domain for a year.Important:Your domain is not automatically changed once you upgrade to a site plan. You must connect your own domain for the domain name to change.']",19.470529079437256
can I get a refund on the domain,I don't know.,"['Refund Policy for Wix Domains\nWix domain purchases are separate from Premium or Studio site plan purchases, and therefore do not have a 14-day money-back guarantee.\xa0If you feel that you deserve a refund, see further information about refunds. Alternatively, you can contact Customer Care to tell us why and we will review your request.Note:If you no longer wish to keep the domain you purchased, you can cancel your subscription by turning off the auto renewal process. The domain will expire on the next renewal date.\xa0', ""site to be made public, you can add a\xa0Coming Soon (landing page)\xa0page and hide the rest of your site.Does the refund policy apply to domains and business emails?No, Wix domain purchases are separate from plan purchases. Domain purchases do not have a 14-day money back guarantee. If you feel that you deserve a refund, contact us and we'll review your request.Note: If you no longer wish to keep the domain you purchased, you can cancel your subscription by\xa0turning off the auto renewal process. The domain will expire on the next renewal date.\xa0I've canceled my site plan, but it is still active. Why is this? In this case, you may have canceled beyond the 14-day money back period. If you've canceled within the first 14 days, the site plan and its benefits are immediately deactivated. \nIf you canc"", 'you do not see an email, be sure to look in your spam/promotion folders to avoid an unwanted expiry of your domain. You can choose to update your payment methods for a failed domain payment.\nNote: The domain will expire if payment is not collected before the anniversary of your domain purchase, and enter the Redemption Period.\xa0Can I renew my domain if it is in the Redemption Period?Once the domain enters the Redemption Period, it is no longer possible to renew the domain by updating your payment details or extending the domain subscription from your Wix Account.\xa0To restore your domain from redemption, contact Wix Customer Care for assistance.\xa0']",12.083056688308716
I need help getting an extension on my payment date for my Wix premium subscription,You can view the exact date your renewal payment will be processed in the Next payment due section of Premium Subscriptions in your Wix account.,"['I need a Premium plan to accept payments?Yes. Your Wix site needs to have a Premium plan that supports payments in order to accept payments.\xa0', ""yment date to let you know that we'll be processing your renewal payment.Tip:You can see the exact date your renewal payment will be processed in the Next payment due section of Premium Subscriptions in your Wix account.Important:Other premium subscriptions (for example a domain subscription or business email) are separate subscriptions to your upgrade plan and will renew separately. In some cases, we may charge you for multiple subscriptions in one payment. Learn how Wix processes payments for our services."", ' plan. Click Save.\nGo to your site in the Wix app. Tap Manage \xa0at the bottom. Tap Sales and select Subscriptions. Tap the relevant subscription.\xa0 Tap the\xa0More Actions icon\xa0\xa0at the top right. Tap Extend subscription. Tap the End date drop-down. Select a new end date for the plan. Tap the Checkmark icon . Tap Save\nTap Yes, Extend to confirm.\nGo to your site in the Wix Studio app. Tap Manage. Tap Sales and select Subscriptions. Tap the relevant subscription.\xa0 Tap the\xa0More Actions icon\xa0\xa0at the top right. Tap Extend subscription. Tap the End date drop-down. Select a new end date for the plan. Tap the Checkmark icon . Tap Save. Tap Yes, Extend to confirm.']",11.90655517578125
where can I find the directory of Wix partners by country location language,I don't know.,"[""Available Languages in the Wix Help Center\nIn the Wix Help Center, you can find hundreds of articles and detailed tutorials in the following languages: English, Dutch, French, German, Hebrew, Italian, Japanese, Korean, Portuguese, Russian, Spanish, Turkish and Ukrainian.\xa0To view the Wix Help Center in another language:\nGo to the Wix Help Center.\xa0 Click your profile at the top right and select the Languages icon  .\nNote: If you're signed in to Wix, click your user profile at the top right, then click  English.\nSelect the relevant language.Note:Wix offers phone support in several languages. Learn more about contacting Wix Customer Care.\xa0"", "" languages you support, and click Next.\nNote: Clients from any country can still contact you directly in the Wix Marketplace.\xa0 In the Portfolio tab, click + Add Project and add at least 5 Wix premium sites you've built, and click Next. In the Services & Rates tab, select the services you offer and enter your starting rates, and click Next. In the Your Experience tab, add additional info about your experience and work with Wix clients. Click Apply."", 'Wix Offices Around the World\nWix is a world class website builder - available in 17 languages - that lets you create the website you want. We have over 200 million users in 190 countries.Currently, Wix has over 5000 employees. We’re building stunning, professional and innovative features for your website and providing exceptional customer support.\xa0Find us all over the world!\nIsrael\xa0\n    \nTel Aviv Beer Sheba\xa0 Haifa   USA\n    \nNew York Miami\xa0 Los Angeles Denver\xa0 Phoenix Cedar Rapids   Lithuania\xa0\n    \nVilnius   Germany\xa0\n    \nBerlin\xa0   Brazil\xa0\n    \nSao Paulo\xa0   Ukraine\xa0\n    \nDnipro Kyiv Lviv   Ireland\n    \nDublin   India\n    \nNew Delhi   Canada\n    \nVancouver   Japan\n    \nTokyo   Poland\n    \nKrakow   UK\n    \nLondon   Singapore\n    \nSingapore  Learn more about us.']",14.095285415649414
"If I cancel my subscription will I get a refund, like Wordpress does?","No, according to the provided context, it's not possible to receive a refund for an app subscription once you've canceled. However, if you feel you deserve a refund, you can contact them and they'll review your request. The refund policy for Wordpress is mentioned as ""like Wordpress does"", but that information isn't present in this context.","["" I delete a site member? Deleting a site member cancels their pricing plan automatically.\xa0What happens if I delete, transfer or duplicate my site?Deleting your site cancels all subscriptions.\xa0Transferring or duplicating your site doesn't cancel existing subscriptions on the original site. You must cancel original plans and create new ones for your clients to purchase on any duplicated and transferred sites.\xa0What happens after a client's plan is canceled?This depends on the type of plan that was canceled:\xa0\nFree / one-time payment: Access to services and content stops immediately. For example, if you cancel a monthly plan after 2 weeks, the client would not have access to services/content for the last 2 weeks of the month.\xa0 Recurring: After a client cancels a recurring plan, the plan's statu"", ""Cancel App. Select\xa0Cancel auto renew\xa0and click\xa0Submit.\nNote: It is not possible to receive a refund for an app subscription. Once you cancel the app, you'll be able to continue using it until the end of the subscription period (month or year depending on the app)."", 's are non-refundable. However, if you feel you deserve a refund you can contact us and we will review your request.Gemini 30-day free trialThe Gemini for Workspace add-on comes with a free trial for 30 days. If you cancel within the first 30 days of your subscription, you will not pay for Gemini. If you cancel after the 30 day trial, you will be turning auto-renew off. This means that you will pay for the first billing cycle, after which your Gemini subscription will automatically be canceled and you will no longer pay for it.']",17.3327419757843
how can I downgrade my email plan and pay for one email instead of two,I don't know.,"['tunningwebsite.com. If you have already purchased a Google Workspace email, you can also purchase additional emails for the same domain.\xa0Can I change my business email plan to a different plan?Yes. If, at a later date, you decide you need additional storage or features, you can upgrade your Workspace plan whenever you need to.\n\nNote: At the moment, Wix only supports upgrades to higher-tier plans.Is there any limit on the amount of business emails I can buy? You can buy up to 300 business emails, but you can only purchase 20 per transaction. For example, if you want to have 100 business emails, you need to purchase 20 at a time - so you would need to make five transactions.What can I do if I am experiencing issues with the authentication process? After submitting your purchase, your bank ma', 'Pricing Plans Request: Ability to Switch Plans\nCurrently, it is not possible to switch a client from one plan to another one.Workaround:However, you can do one of the following:\nCancel the existing plan and manually add your client to a new plan. Have your customer cancel their plan and then have them purchase a new plan online.We are always working to update and improve our products, and your feedback is hugely appreciated.', ""Changing a Premium App Subscription\nIf you have a premium app subscription, you can choose to either upgrade or cancel your plan. You cannot downgrade to a lower-tier plan.\xa0If you choose to cancel, your premium app subscription will remain active until the end of your current billing cycle, and auto-renewal will be turned off.In this article, learn more about:\nChanging an app subscription Frequently asked questions (FAQs)Changing an app subscriptionChoose the right subscription for your business needs for each app installed on your site.\xa0To change an app subscription:\nGo to Manage Apps\xa0in your site's dashboard. Click the More Actions\xa0icon\xa0 next to the\xa0relevant app.\xa0 Click Change pricing plan.\nSelect the plan you want to change to. Click Change Plan.FAQsClick a question below to learn more ""]",13.529906749725342
Can I get a refund for a domain purchased through Wix?,"If you no longer wish to keep the domain you purchased and would like to cancel your subscription, you can turn off the auto-renewal process. The domain will expire on the next renewal date. However, note that if the domain transfer appears as 'failed' in your Wix account, you will automatically be refunded for all transfer payments within up to 20 days for this refund to appear in your bank statement.","['Refund Policy for Wix Domains\nWix domain purchases are separate from Premium or Studio site plan purchases, and therefore do not have a 14-day money-back guarantee.\xa0If you feel that you deserve a refund, see further information about refunds. Alternatively, you can contact Customer Care to tell us why and we will review your request.Note:If you no longer wish to keep the domain you purchased, you can cancel your subscription by turning off the auto renewal process. The domain will expire on the next renewal date.\xa0', ""to cancel your domain transfer to Wix.\xa0When the domain transfer appears as 'failed' in your Wix account, you will automatically be refunded for all transfer payments. Please allow up to 20 days for this refund to appear in your bank statement.\xa0"", ""ds through their websites, not through Wix.com.To refund canceled plans purchased using Wix Payments:\nGo to Payments\xa0in your site's dashboard. Click on the payment to refund. Click Refund.\xa0 Enter the amount to refund and a note (if needed). Click Refund.\xa0Notes:\nYou cannot cancel or reverse a refund.\xa0 After providing a partial refund to a customer, you can still refund them for the remaining amount at a later point in time. From Nov 16, 2020, Wix Payments no longer provides free processing for refunded payments (a grace period for existing Wix Payments users will continue until Dec 1, 2020). Standard Wix Payments processing fees apply. For example, in the U.S., if you issue a $100 refund to your customer, the original processing fee of $2.90 + $0.30 for that customer's purchase will not be ""]",15.797534465789795
I would like to do a refund on the website,"To issue a refund on the website, go to Payments in your sites dashboard, click on the payment to refund, then click Refund. Enter the amount to refund and a note (if needed), and finally click Refund.","[""ou'll have to issue the refund directly through your payment provider.\xa0To issue a refund:\nGo to Payments in your sites dashboard. Click on the payment to refund. Click\xa0Refund.\xa0\nEnter the amount to refund and a note (if needed). Click\xa0Refund.\xa0Refunding a payment outside of WixFor some payment providers, refunds cannot be processed through the Wix dashboard. Instead, you must complete the refund through your provider's dashboard. Contact your payment provider to learn more about issuing refunds through them.\xa0Note:\nRefunds may be subject to processing fees charged by the payment provider You'll need to check with your provider for information on topics such as refund deadlines and refund proofFAQsTo learn more about issuing refunds, click the questions below.What steps can I take for cancelli"", 'he Payment info section.\xa0 Select the checkbox next to the tip, under Delivery method and fees. Click Refund at the top right. Click Mark as refunded/Issue refund.Read more about refunding customers from your Orders dashboard.', 'd and refunded. For stores, only unfulfilled orders can be canceled and refunded. Click More Actions at the top right. Select Cancel & Refund. Select the Mark order as Refunded checkbox. Enter the refund amount.\nImportant: This does not refund your customer. It only marks the order as refunded in your dashboard. Click Cancel Order & Go to <Payment Provider>. This takes you to the relevant payment provider (e.g. Square, 2Checkout, etc.). Complete the refund in the dashboard of the payment provider.Canceling & refunding orders paid via manual paymentTo refund a customer who paid you using an offline payment method (e.g. cash, check, app), you must contact your customer offline and provide them with the refund. After you give the customer the refund, update the order in the Orders tab.To canc']",15.86812686920166
do you provide SEO services to websites not hosted on Wix,"I don't know. The context only discusses Wix's free web hosting services and its SEO setup checklist, which is designed for sites hosted on Wix. It does not mention providing SEO services to websites not hosted on Wix.","["" Wix's free web hosting services.\xa0SaaS technology has a limitation - that it must run on the provider’s infrastructure in order for it to work properly. Since Wix is a SaaS solution, your site must run on Wix’s servers. To clarify, the content you build on Wix belongs to you (see Wix's Terms of Use). The reason you can't use another host for your Wix site is that the SaaS architecture does not support external hosting since it uses Wix’s proprietary technology and relies on Wix’s services to operate.\xa0If you embed your site into an external location, Wix cannot provide support, and Wix is no longer in control of the way your site appears or functions. Additionally, Google Analytics and search engines may not work properly with embedded sites.If you have a domain hosted elsewhere:\nLearn how "", ""Wix SEO Setup Checklist: Creating Your SEO Checklist\nThe Wix SEO Setup Checklist is a step-by-step checklist designed to help you improve your site's search engine optimization (SEO) based on your business's information and your keywords. It also lets you connect and verify your site with Google so that your site appears in search engine results.You can create your SEO Checklist in your site's SEO dashboard. Enter the name of your business, select whether you serve your customers from a physical address or online, and add three keywords that describe your business and what you offer.\xa0Important:To connect to Google Search Console, you must have a Premium plan and a domain connected to your site. This can be either a domain purchased from Wix or a domain purchased from another domain host. L"", 'Request: Using IndexNow with Wix SEO\nNote:IndexNow with Wix is only available for sites with a Premium plan.\xa0We are pleased to announce that the IndexNow functionality is now included with all Premium sites. Wix checks when there are changes to your site pages and submits the changes on your behalf to the IndexNow protocol. Learn more about how Wix uses IndexNow to inform search engines about your site changes.\xa0Tip:You can also learn more about the Wix SEO IndexNow integration on the Wix SEO Hub.']",19.690768241882324
how do i transfer ownership of a website in wix,"To transfer ownership of a website in Wix, follow these steps:

1. Check your email account for an email with the subject line ""Wix Website is Being Transferred to You"".
2. Click ""Accept Transfer"" in the email and sign in to your Wix account (if you don't already have one).
3. Follow the instructions to accept site ownership, which may include entering your billing information for future renewals of Premium services.

Note: If you're creating a site for someone else, you can duplicate the site during the transfer process to keep a copy in your own account.","[""Accepting Transferred Site Ownership\nWhen someone transfers a site to you, you'll receive an email with a link to accept the transfer. If the transferred site has Premium services (e.g. a Premium plan, domain etc.), you'll be asked to enter your billing information for future renewals of those services.In this article:\nAccepting site ownership Frequently asked questions (FAQs)Accepting site ownershipSite ownership must be accepted in the Wix account associated with the email address that the site was transferred to. If you do not have a Wix account with this email address, you can create one.To accept site ownership:Check your email account for an email with the subject line Wix Website is Being Transferred to You.Click Accept Transfer in the email and sign in to your Wix account (if you a"", ""Transferring a Copy of Your Site to Another Wix Account\nIf you are creating a site for someone else. and want to transfer it to their account, you can make a copy to keep in your own account so that you don't lose the original version. If the new site owner makes any changes to the site in their account, it won't affect the original site in your account.When you transfer ownership, you can choose to keep your current role to assist the new site owner further.\xa0Important:When you duplicate your site, sensitive information such as contacts, orders, invoices are not copied over. Learn more about duplicating your site.To transfer a site and keep a copy:During the transfer process you transfer a site to another site owner, you can make a copy of the site during the process to keep in your You ca"", ""you'll receive an email and you can follow the steps above. If someone created your site for you in another account, contact them and ask them to follow the relevant steps below to transfer the site to you:\nTransferring a free Wix site Transferring a Premium Wix siteIf the site owner is no longer available, or you wish to verify ownership, you can fill out the Wix Account Recovery form. Make sure to fill out the entire form (even if you're not completely sure of the answers), and add a detailed explanation of your case, so we can properly verify your ownership. Don't forget to provide us with a valid contact email so we can respond to you.After you submit the form, our team will analyze and review your request.Why do I have to enter my billing information when accepting a site transfer?The""]",26.404894828796387
how can I get my domain refunded,"To get your domain refunded, you need to contact Customer Care to explain why you want a refund and they will review your request.","['Refund Policy for Wix Domains\nWix domain purchases are separate from Premium or Studio site plan purchases, and therefore do not have a 14-day money-back guarantee.\xa0If you feel that you deserve a refund, see further information about refunds. Alternatively, you can contact Customer Care to tell us why and we will review your request.Note:If you no longer wish to keep the domain you purchased, you can cancel your subscription by turning off the auto renewal process. The domain will expire on the next renewal date.\xa0', ""site to be made public, you can add a\xa0Coming Soon (landing page)\xa0page and hide the rest of your site.Does the refund policy apply to domains and business emails?No, Wix domain purchases are separate from plan purchases. Domain purchases do not have a 14-day money back guarantee. If you feel that you deserve a refund, contact us and we'll review your request.Note: If you no longer wish to keep the domain you purchased, you can cancel your subscription by\xa0turning off the auto renewal process. The domain will expire on the next renewal date.\xa0I've canceled my site plan, but it is still active. Why is this? In this case, you may have canceled beyond the 14-day money back period. If you've canceled within the first 14 days, the site plan and its benefits are immediately deactivated. \nIf you canc"", ""customer hasn't received it yet. What should I do?Allow 3-5 business days for the refund to reach your customer's credit card.\xa0If your customer still hasn't received their refund after 3-5 business days, contact us and we'll be happy to assist you further.\xa0""]",9.73522162437439
